BEGIN

	delete from crawepr where cdcooper = 12 and nrdconta = 99999374 and nrctremp = 60028;
	delete from crawepr where cdcooper = 12 and nrdconta = 99825007 and nrctremp = 59734;
	delete from crawepr where cdcooper = 12 and nrdconta = 99801760 and nrctremp = 59780;

	insert into crawepr (NRDCONTA, NRCTREMP, VLEMPRST, QTPREEMP, VLPREEMP, CDLCREMP, CDFINEMP, QTDIALIB, DSOBSERV, NRCTRLIQ##1, NRCTRLIQ##2, NRCTRLIQ##3, NRCTRLIQ##4, NRCTRLIQ##5, NRCTRLIQ##6, NRCTRLIQ##7, NRCTRLIQ##8, NRCTRLIQ##9, NRCTRLIQ##10, DTMVTOLT, FLGIMPPR, TXMINIMA, TXBASPRE, TXDIARIA, FLGIMPNP, CDCOMITE, NMCHEFIA, NRCTAAV1, NRCTAAV2, DSENDAV1##1, DSENDAV1##2, DSENDAV2##1, DSENDAV2##2, NMDAVAL1, NMDAVAL2, DSCPFAV1, DSCPFAV2, DTVENCTO, CDOPERAD, FLGPAGTO, DTDPAGTO, QTPROMIS, DSCFCAV1, DSCFCAV2, NMCJGAV1, NMCJGAV2, DSNIVRIS, DSNIVCAL, TPDESCTO, CDCOOPER, DTAPROVA, INSITAPR, CDOPEAPR, HRAPROVA, PERCETOP, DSOPERAC, DTALTNIV, IDQUAPRO, DSOBSCMT, DTALTPRO, TPEMPRST, TXMENSAL, DTLIBERA, FLGOKGRV, QTTOLATR, CDORIGEM, NRCONBIR, INCONCJE, NRSEQRRQ, NRSEQPAC, INSITEST, DTENVEST, HRENVEST, CDAGENCI, HRINCLUS, DTDSCORE, DSDSCORE, CDOPESTE, FLGAPRVC, DTENEFES, DTREFATU, DSPROTOC, DTENVMOT, HRENVMOT, IDCARENC, DTCARENC, TPATUIDX, CDDINDEX, TXJURVAR, NRLIQUID, DSNIVORI, IDFINIOF, IDCOBOPE, IDCOBEFE, INLIQUID_OPERAC_ATRASO, VLEMPORI, VLPREORI, DSRATORI, CDOPEALT, DTEXPIRA, FLGPREAP, FLGDOCDG, DTANULAC, DTULTEML, VLEMPINC, VLPREINC, VLPRECAR, VLPERIDX, NRSIMULA, DTINCLUS, IDFLUATA, DTPREAPV, HRPREAPV, INAVERBA, VLIOFEPR, QTTENTREENV, FLGRENEG, DSFAIXA_RISCO, VLMTPTAX, TXORIGIN, PERECPRO, INSITDIG, CDAGEIMP, FLFINANCIASEGPRESTAMISTA, FLGGARAD)
	values (99999374, 60028, 50000.00, 38, 2044.46, 2600, 230, 0, '<Long>', 0, 0, 0, 0, 0, 0, 0, 0, 0, 0, to_date('24-08-2022', 'dd-mm-yyyy'), 1, 0.49, 0.49, 0.0001619, 0, 3, ' ', 8397, 25143, 'RUA GUILHERME TOMELIN 4011', 'CAIXA DAGUA - GUARAMIRIM - 89270.000 - SC', 'RUA GUILHERME TOMELIM 4011', 'CAIXA DAGUA - GUARAMIRIM - 89270.000 - SC', 'JOSE CARLOS MISFELD', 'UDO CARLOS MISFELD', '      839.7', 'C.P.F. 273.808.538-56    2.514.3', to_date('24-07-2023', 'dd-mm-yyyy'), 'F0120076', 0, to_date('24-07-2023', 'dd-mm-yyyy'), 0, 'C.P.F. 513.839.008-25', ' ', 'CHRISTEL MISFELD', ' ', 'A', ' ', 1, 12, to_date('25-08-2022', 'dd-mm-yyyy'), 1, 'ESTEIRA', 57198, 20.33, 'CAPITAL DE GIRO ACIMA 30 DIAS', null, 1, 'CREDITO PRONAMPE. PJ EM ATUACAO HA 19 ANOS. EMPRESA APRESENTA MEDIA DE FATURAMENTO DE R$ 107.552,28, POREM SUA MOVIMENTACAO FINANCEIRA NA COOPERATIVA E BEM INFERIOR (R$ 28.274,12) AO FATURAMENTO APRESENTADO. SEU ENDIVIDAMENTO NO SFN E DE R$ 359 MIL, COMPROMETIMENTO SERA DE 14%. OPERACAO COM AVAL DOS SOCIOS , SR JOSE CARLOS MISFELD C/C 8397 ( 76 ANOS) APRESENTA MEDIA DE RECEBIVEIS EM CONTA DE R$ 6.439,46, NO SFN APRESENTA ENDIVIDAMENTO TOTAL DE R$ 142 MIL. OUTRO AVAL E SR UDO CARLOS MISFELD C/C 25143 COM MEDIA DE RECEBIVEIS EM CONTA DE R$ 3.332,67 , ENDIVIDAMENTO NO SFN DE R$ 22 MIL. GE POSSUI ENDIVIDAMENTO TOTAL DE R$ 219 MIL. /////SOU FAVORAVEL A LIBERACAO DO CREDITO V', to_date('25-08-2022', 'dd-mm-yyyy'), 2, 0.486700, to_date('25-08-2022', 'dd-mm-yyyy'), 0, 0, 5, 10967864, 0, 0, 0, 3, to_date('24-08-2022', 'dd-mm-yyyy'), 49149, 1, 49074, to_date('24-08-2022', 'dd-mm-yyyy'), 'MEDIO RISCO', 'F0120076', 0, to_date('26-08-2022', 'dd-mm-yyyy'), to_date('26-08-2022', 'dd-mm-yyyy'), ' ', to_date('24-08-2022', 'dd-mm-yyyy'), 49100, 1, null, 3, 1, 0.00, 0, 'A', 1, 0, 0, 0, 50000.00, 2044.75, 'B', null, null, 0, 0, null, null, 50000.00, 2044.75, 0.00, 100.00, null, to_date('24-08-2022 13:37:54', 'dd-mm-yyyy hh24:mi:ss'), 0, null, null, null, 0.00, 0, 0, 'R24', 1.000000, 0.486700, 0.00, 0, 0, 0, 0);

	insert into crawepr (NRDCONTA, NRCTREMP, VLEMPRST, QTPREEMP, VLPREEMP, CDLCREMP, CDFINEMP, QTDIALIB, DSOBSERV, NRCTRLIQ##1, NRCTRLIQ##2, NRCTRLIQ##3, NRCTRLIQ##4, NRCTRLIQ##5, NRCTRLIQ##6, NRCTRLIQ##7, NRCTRLIQ##8, NRCTRLIQ##9, NRCTRLIQ##10, DTMVTOLT, FLGIMPPR, TXMINIMA, TXBASPRE, TXDIARIA, FLGIMPNP, CDCOMITE, NMCHEFIA, NRCTAAV1, NRCTAAV2, DSENDAV1##1, DSENDAV1##2, DSENDAV2##1, DSENDAV2##2, NMDAVAL1, NMDAVAL2, DSCPFAV1, DSCPFAV2, DTVENCTO, CDOPERAD, FLGPAGTO, DTDPAGTO, QTPROMIS, DSCFCAV1, DSCFCAV2, NMCJGAV1, NMCJGAV2, DSNIVRIS, DSNIVCAL, TPDESCTO, CDCOOPER, DTAPROVA, INSITAPR, CDOPEAPR, HRAPROVA, PERCETOP, DSOPERAC, DTALTNIV, IDQUAPRO, DSOBSCMT, DTALTPRO, TPEMPRST, TXMENSAL, DTLIBERA, FLGOKGRV, QTTOLATR, CDORIGEM, NRCONBIR, INCONCJE, NRSEQRRQ, NRSEQPAC, INSITEST, DTENVEST, HRENVEST, CDAGENCI, HRINCLUS, DTDSCORE, DSDSCORE, CDOPESTE, FLGAPRVC, DTENEFES, DTREFATU, DSPROTOC, DTENVMOT, HRENVMOT, IDCARENC, DTCARENC, TPATUIDX, CDDINDEX, TXJURVAR, NRLIQUID, DSNIVORI, IDFINIOF, IDCOBOPE, IDCOBEFE, INLIQUID_OPERAC_ATRASO, VLEMPORI, VLPREORI, DSRATORI, CDOPEALT, DTEXPIRA, FLGPREAP, FLGDOCDG, DTANULAC, DTULTEML, VLEMPINC, VLPREINC, VLPRECAR, VLPERIDX, NRSIMULA, DTINCLUS, IDFLUATA, DTPREAPV, HRPREAPV, INAVERBA, VLIOFEPR, QTTENTREENV, FLGRENEG, DSFAIXA_RISCO, VLMTPTAX, TXORIGIN, PERECPRO, INSITDIG, CDAGEIMP, FLFINANCIASEGPRESTAMISTA, FLGGARAD)
	values (99825007, 59734, 150000.00, 48, 4456.95, 2600, 230, 0, '<Long>', 0, 0, 0, 0, 0, 0, 0, 0, 0, 0, to_date('18-08-2022', 'dd-mm-yyyy'), 1, 0.49, 0.49, 0.0001619, 0, 3, ' ', 2208, 31194, 'RUA 0695 0', 'CENTRO - GUARAMIRIM - 89270.000 - SC', 'RUA WOLF HEINZ ANTUNIUS 50', 'AMIZADE - GUARAMIRIM - 89270.000 - SC', 'CRISTIANO JOSE ROSA', 'CRISTIANE FILIPPI ROSA', '      220.8', 'C.P.F. 073.853.249-59    3.119.4', to_date('22-09-2022', 'dd-mm-yyyy'), 'f0120159', 0, to_date('22-09-2022', 'dd-mm-yyyy'), 0, ' ', ' ', 'CRISTIANE FILIPPI ROSA', 'CRISTIANO JOSE ROSA', 'A', ' ', 1, 12, to_date('23-08-2022', 'dd-mm-yyyy'), 1, 'ESTEIRA', 53077, 20.33, 'CAPITAL DE GIRO ACIMA 30 DIAS', null, 1, 'CREDITO PRONAMPE. EMPRESA EM ATUACAO HA MAIS DE 1 ANOS, APRESENTA MEDIA DE RECEBIVEIS EM C/C DE R$ 218.856,36, MEDIA DE FATURAMENTO CONTABIL DE R$ 168.562,89. SEU ENDIVIDAMENTO NO SFN E DE R$ 213 MIL,  COMPROMETIMENTO SERA DE 5%. PJ JA POSSUI ATIVO CREDITO EM CONTA COM SALDO DE R$ 118 MIL ( COM GARANTIA SOCIOS). OPERACAO COM AVAL DO SOCIO  CRISTIANO JOSE ROSA C/C 2208 , MEDIA DE RECEBIVEIS EM C/C DE R$ 16.106,67, ENDIVIDAMENTO TOTAL NO SFN DE R$ 32 MIL ( REF A LIMITE CONTRATADO E NAO UTILIZADO). OUTRA AVALISTA E CRISTIANE FILIPPI ROSA C/C 31194 , MEDIA DE RECEBIVEIS EM CONTA DE R$  3.323,33, ENDIVIDAMENTO TOTAL NO SFN E DE R$ 13.796,00 ( REF A LIMITE DE ROTATIVOS). EMPR', to_date('23-08-2022', 'dd-mm-yyyy'), 2, 0.486700, to_date('23-08-2022', 'dd-mm-yyyy'), 0, 0, 5, 10920536, 0, 0, 0, 3, to_date('18-08-2022', 'dd-mm-yyyy'), 59325, 1, 59251, to_date('18-08-2022', 'dd-mm-yyyy'), 'MEDIO RISCO', 'f0120159', 0, to_date('24-08-2022', 'dd-mm-yyyy'), to_date('24-08-2022', 'dd-mm-yyyy'), ' ', to_date('18-08-2022', 'dd-mm-yyyy'), 59274, 1, null, 3, 1, 0.00, 0, 'A', 1, 0, 0, 0, 150000.00, 4456.01, 'C', null, null, 0, 0, null, null, 150000.00, 4456.01, 0.00, 100.00, null, to_date('18-08-2022 16:27:31', 'dd-mm-yyyy hh24:mi:ss'), 0, null, null, null, 0.00, 0, 0, 'R24', 1.000000, 0.486700, 0.00, 0, 1, 0, 0);

	insert into crawepr (NRDCONTA, NRCTREMP, VLEMPRST, QTPREEMP, VLPREEMP, CDLCREMP, CDFINEMP, QTDIALIB, DSOBSERV, NRCTRLIQ##1, NRCTRLIQ##2, NRCTRLIQ##3, NRCTRLIQ##4, NRCTRLIQ##5, NRCTRLIQ##6, NRCTRLIQ##7, NRCTRLIQ##8, NRCTRLIQ##9, NRCTRLIQ##10, DTMVTOLT, FLGIMPPR, TXMINIMA, TXBASPRE, TXDIARIA, FLGIMPNP, CDCOMITE, NMCHEFIA, NRCTAAV1, NRCTAAV2, DSENDAV1##1, DSENDAV1##2, DSENDAV2##1, DSENDAV2##2, NMDAVAL1, NMDAVAL2, DSCPFAV1, DSCPFAV2, DTVENCTO, CDOPERAD, FLGPAGTO, DTDPAGTO, QTPROMIS, DSCFCAV1, DSCFCAV2, NMCJGAV1, NMCJGAV2, DSNIVRIS, DSNIVCAL, TPDESCTO, CDCOOPER, DTAPROVA, INSITAPR, CDOPEAPR, HRAPROVA, PERCETOP, DSOPERAC, DTALTNIV, IDQUAPRO, DSOBSCMT, DTALTPRO, TPEMPRST, TXMENSAL, DTLIBERA, FLGOKGRV, QTTOLATR, CDORIGEM, NRCONBIR, INCONCJE, NRSEQRRQ, NRSEQPAC, INSITEST, DTENVEST, HRENVEST, CDAGENCI, HRINCLUS, DTDSCORE, DSDSCORE, CDOPESTE, FLGAPRVC, DTENEFES, DTREFATU, DSPROTOC, DTENVMOT, HRENVMOT, IDCARENC, DTCARENC, TPATUIDX, CDDINDEX, TXJURVAR, NRLIQUID, DSNIVORI, IDFINIOF, IDCOBOPE, IDCOBEFE, INLIQUID_OPERAC_ATRASO, VLEMPORI, VLPREORI, DSRATORI, CDOPEALT, DTEXPIRA, FLGPREAP, FLGDOCDG, DTANULAC, DTULTEML, VLEMPINC, VLPREINC, VLPRECAR, VLPERIDX, NRSIMULA, DTINCLUS, IDFLUATA, DTPREAPV, HRPREAPV, INAVERBA, VLIOFEPR, QTTENTREENV, FLGRENEG, DSFAIXA_RISCO, VLMTPTAX, TXORIGIN, PERECPRO, INSITDIG, CDAGEIMP, FLFINANCIASEGPRESTAMISTA, FLGGARAD)
	values (99801760, 59780, 29000.00, 38, 1185.95, 2600, 230, 0, '<Long>', 0, 0, 0, 0, 0, 0, 0, 0, 0, 0, to_date('19-08-2022', 'dd-mm-yyyy'), 1, 0.49, 0.49, 0.0001619, 0, 3, ' ', 198161, 0, 'RUA ALTO GARANI-MIRIM 1', 'GUARANI-MIRIM - MASSARANDUBA - 89108.000 - SC', ' 0', ' -  - 00000.000 - ', 'OSMAR CORREA VONVOSSEN', ' ', '   19.816.1', '          0', to_date('23-07-2023', 'dd-mm-yyyy'), 'f0120080', 0, to_date('23-07-2023', 'dd-mm-yyyy'), 0, ' ', ' ', 'MARIA APARECIDA FERREIRA COSTA VONVOSSEN', ' ', 'A', ' ', 1, 12, to_date('24-08-2022', 'dd-mm-yyyy'), 1, 'ESTEIRA', 52577, 20.34, 'CAPITAL DE GIRO ACIMA 30 DIAS', null, 1, 'CREDITO PEONAMPE ( OFERTA). PJ EM ATUACAO HA MAIS DE 4 ANOS, APRESENTA MEDIA DE FATURAMENTO CONTABIL DE R$ 17.760,17, CONTA COM MEDIA DE RECEBIVEIS EM CONTA DE R$ 13.128,63. SEU ENDIVIDAMENTO TOTAL NO SFN E DE R$ 176 MIL, COM ESSA OPERACAO COMPROMETIMENTO SERA DE 90%. CONFORME EXTRATO ( ANEXO) DA OUTRA IF, COOPERADA POSSUI MEDIA DE CONTA DE APROXIMADO R$ 50 MIL. OPERACAO COM AVAL DO SOCIO OSMAR CORREA VONVOSSEN C/C 198161, NO SFN SEU COMPROMETIMENTO E DE 122 MIL. VISTO JUSTIFICATIVAS DO PARECER INICIAL, COOPERADO POSSUI CAPACIDADE DE PAGAMENTO LEVANDO EM CONSIDERACAO A MEDIA DE CONTA DA OUTRA IF, POREM VERIFICAR COM O COOPERADO PARA TRAZER PARTE DESSA MOVIMENTACAO PARA ', to_date('24-08-2022', 'dd-mm-yyyy'), 2, 0.486700, to_date('24-08-2022', 'dd-mm-yyyy'), 0, 0, 5, 10967679, 0, 0, 0, 3, to_date('24-08-2022', 'dd-mm-yyyy'), 48474, 5, 45005, to_date('24-08-2022', 'dd-mm-yyyy'), 'MEDIO RISCO', 'f0120080', 0, to_date('25-08-2022', 'dd-mm-yyyy'), to_date('25-08-2022', 'dd-mm-yyyy'), ' ', to_date('24-08-2022', 'dd-mm-yyyy'), 48434, 1, null, 3, 1, 0.00, 0, 'A', 1, 0, 0, 0, 29000.00, 1185.95, 'C', 'f0120080', null, 0, 0, null, null, 29000.00, 1185.68, 0.00, 100.00, null, to_date('19-08-2022 12:30:05', 'dd-mm-yyyy hh24:mi:ss'), 0, null, null, null, 0.00, 0, 0, 'R27', 1.000000, 0.486700, 0.00, 0, 5, 0, 0);

	delete from crapepr where cdcooper = 12 and nrdconta = 99999374 and nrctremp = 60028;
	delete from crapepr where cdcooper = 12 and nrdconta = 99825007 and nrctremp = 59734;
	delete from crapepr where cdcooper = 12 and nrdconta = 99801760 and nrctremp = 59780;

	insert into crapepr (DTMVTOLT, CDAGENCI, CDBCCXLT, NRDOLOTE, NRDCONTA, NRCTREMP, CDFINEMP, CDLCREMP, DTULTPAG, NRCTAAV1, NRCTAAV2, QTPREEMP, QTPREPAG, TXJUREMP, VLJURACU, VLJURMES, VLPAGMES, VLPREEMP, VLSDEVED, VLEMPRST, CDEMPRES, INLIQUID, NRCADAST, QTPRECAL, QTMESDEC, DTINIPAG, FLGPAGTO, DTDPAGTO, INDPAGTO, VLIOFEPR, VLPREJUZ, VLSDPREJ, INPREJUZ, VLJRAPRJ, VLJRMPRJ, DTPREJUZ, TPDESCTO, CDCOOPER, TPEMPRST, TXMENSAL, VLSERVTX, VLPAGSTX, VLJURATU, VLAJSDEV, DTREFJUR, DIAREFJU, FLLIQMEN, MESREFJU, ANOREFJU, FLGDIGIT, VLSDVCTR, QTLCALAT, QTPCALAT, VLSDEVAT, VLPAPGAT, VLPPAGAT, QTMDECAT, QTTOLATR, CDORIGEM, VLTARIFA, VLTARIOF, VLTAXIOF, NRCONBIR, INCONCJE, VLTTMUPR, VLTTJMPR, VLPGMUPR, VLPGJMPR, QTIMPCTR, DTLIQUID, DTULTEST, DTAPGOIB, IDDCARGA, CDOPEORI, CDAGEORI, DTINSORI, CDOPEEFE, DTLIQPRJ, VLSPRJAT, DTREFATU, IDFINIOF, VLIOFCPL, VLIOFADC, VLSPROJT, DTREFCOR, IDQUAPRC, VLPAGIOF, VLAQIOFC, INRISCO_REFIN, DTINICIO_ATRASO_REFIN, QTDIAS_ATRASO_REFIN, VLIOFPRI, VLTIOFPR, VLPIOFPR, VLSALDO_REFINANCIADO, IDDACAO_BENS, VLIOFPRIANTPREJ, VLIOFADIANTPREJ)
	values (to_date('25-08-2022', 'dd-mm-yyyy'), 1, 100, 650004, 99999374, 60028, 230, 2600, to_date('24-08-2022', 'dd-mm-yyyy'), 8397, 25143, 38, 0, 0.0001619, 7314.21, 784.16, 0.00, 2044.46, 0.0000000000, 50000.00, 88, 1, 0, 0.0000, 0, null, 0, to_date('24-07-2023', 'dd-mm-yyyy'), 0, 0.00, 0.00, 0.00, 0, 0.00, 0.00, null, 1, 12, 2, 0.486700, 0.00, 0.00, 710.13, 0.00, to_date('24-05-2023', 'dd-mm-yyyy'), 24, 0, 5, 2023, 0, 57352.28, 0.0000, 0.0000, 57352.2800000000, 0.00, 0.00, 0, 0, 5, 0.00, 0.00, 0.00000000, 0, 0, 0.00, 0.00, 0.00, 0.00, 1, to_date('24-05-2023', 'dd-mm-yyyy'), null, null, 0, 'f0120178', 1, to_date('25-08-2022', 'dd-mm-yyyy'), 'f0120178', null, 0.00, to_date('24-05-2023', 'dd-mm-yyyy'), 1, 0.00, 0.00, 0.00, to_date('24-05-2023', 'dd-mm-yyyy'), 1, 0.00, 0.00000000, null, null, 0, 0.00, 0.00, 0.00, null, 0, 0.00, 0.00);

	insert into crapepr (DTMVTOLT, CDAGENCI, CDBCCXLT, NRDOLOTE, NRDCONTA, NRCTREMP, CDFINEMP, CDLCREMP, DTULTPAG, NRCTAAV1, NRCTAAV2, QTPREEMP, QTPREPAG, TXJUREMP, VLJURACU, VLJURMES, VLPAGMES, VLPREEMP, VLSDEVED, VLEMPRST, CDEMPRES, INLIQUID, NRCADAST, QTPRECAL, QTMESDEC, DTINIPAG, FLGPAGTO, DTDPAGTO, INDPAGTO, VLIOFEPR, VLPREJUZ, VLSDPREJ, INPREJUZ, VLJRAPRJ, VLJRMPRJ, DTPREJUZ, TPDESCTO, CDCOOPER, TPEMPRST, TXMENSAL, VLSERVTX, VLPAGSTX, VLJURATU, VLAJSDEV, DTREFJUR, DIAREFJU, FLLIQMEN, MESREFJU, ANOREFJU, FLGDIGIT, VLSDVCTR, QTLCALAT, QTPCALAT, VLSDEVAT, VLPAPGAT, VLPPAGAT, QTMDECAT, QTTOLATR, CDORIGEM, VLTARIFA, VLTARIOF, VLTAXIOF, NRCONBIR, INCONCJE, VLTTMUPR, VLTTJMPR, VLPGMUPR, VLPGJMPR, QTIMPCTR, DTLIQUID, DTULTEST, DTAPGOIB, IDDCARGA, CDOPEORI, CDAGEORI, DTINSORI, CDOPEEFE, DTLIQPRJ, VLSPRJAT, DTREFATU, IDFINIOF, VLIOFCPL, VLIOFADC, VLSPROJT, DTREFCOR, IDQUAPRC, VLPAGIOF, VLAQIOFC, INRISCO_REFIN, DTINICIO_ATRASO_REFIN, QTDIAS_ATRASO_REFIN, VLIOFPRI, VLTIOFPR, VLPIOFPR, VLSALDO_REFINANCIADO, IDDACAO_BENS, VLIOFPRIANTPREJ, VLIOFADIANTPREJ)
	values (to_date('23-08-2022', 'dd-mm-yyyy'), 1, 100, 650004, 99825007, 59734, 230, 2600, to_date('22-05-2023', 'dd-mm-yyyy'), 2208, 31194, 48, 9, 0.0001619, 19573.28, 1879.31, 0.00, 4456.96, 0.0000000000, 150000.00, 88, 1, 0, 9.0000, 9, null, 0, to_date('22-06-2023', 'dd-mm-yyyy'), 0, 0.00, 0.00, 0.00, 0, 0.00, 0.00, null, 1, 12, 2, 0.486700, 0.00, 0.00, 1482.52, 0.00, to_date('22-05-2023', 'dd-mm-yyyy'), 22, 0, 5, 2023, 0, 129547.62, 0.0000, 9.0000, 129547.6200000000, 0.00, 40112.56, 9, 0, 5, 0.00, 0.00, 0.00000000, 0, 0, 0.00, 0.00, 0.00, 0.00, 1, to_date('24-05-2023', 'dd-mm-yyyy'), null, null, 0, 'f0120178', 1, to_date('23-08-2022', 'dd-mm-yyyy'), 'f0120178', null, 0.00, to_date('24-05-2023', 'dd-mm-yyyy'), 1, 0.00, 0.00, 0.00, to_date('22-05-2023', 'dd-mm-yyyy'), 1, 0.00, 0.00000000, null, null, 0, 0.00, 0.00, 0.00, null, 0, 0.00, 0.00);

	insert into crapepr (DTMVTOLT, CDAGENCI, CDBCCXLT, NRDOLOTE, NRDCONTA, NRCTREMP, CDFINEMP, CDLCREMP, DTULTPAG, NRCTAAV1, NRCTAAV2, QTPREEMP, QTPREPAG, TXJUREMP, VLJURACU, VLJURMES, VLPAGMES, VLPREEMP, VLSDEVED, VLEMPRST, CDEMPRES, INLIQUID, NRCADAST, QTPRECAL, QTMESDEC, DTINIPAG, FLGPAGTO, DTDPAGTO, INDPAGTO, VLIOFEPR, VLPREJUZ, VLSDPREJ, INPREJUZ, VLJRAPRJ, VLJRMPRJ, DTPREJUZ, TPDESCTO, CDCOOPER, TPEMPRST, TXMENSAL, VLSERVTX, VLPAGSTX, VLJURATU, VLAJSDEV, DTREFJUR, DIAREFJU, FLLIQMEN, MESREFJU, ANOREFJU, FLGDIGIT, VLSDVCTR, QTLCALAT, QTPCALAT, VLSDEVAT, VLPAPGAT, VLPPAGAT, QTMDECAT, QTTOLATR, CDORIGEM, VLTARIFA, VLTARIOF, VLTAXIOF, NRCONBIR, INCONCJE, VLTTMUPR, VLTTJMPR, VLPGMUPR, VLPGJMPR, QTIMPCTR, DTLIQUID, DTULTEST, DTAPGOIB, IDDCARGA, CDOPEORI, CDAGEORI, DTINSORI, CDOPEEFE, DTLIQPRJ, VLSPRJAT, DTREFATU, IDFINIOF, VLIOFCPL, VLIOFADC, VLSPROJT, DTREFCOR, IDQUAPRC, VLPAGIOF, VLAQIOFC, INRISCO_REFIN, DTINICIO_ATRASO_REFIN, QTDIAS_ATRASO_REFIN, VLIOFPRI, VLTIOFPR, VLPIOFPR, VLSALDO_REFINANCIADO, IDDACAO_BENS, VLIOFPRIANTPREJ, VLIOFADIANTPREJ)
	values (to_date('24-08-2022', 'dd-mm-yyyy'), 5, 100, 650004, 99801760, 59780, 230, 2600, to_date('19-08-2022', 'dd-mm-yyyy'), 198161, 0, 38, 0, 0.0001619, 4242.25, 438.68, 0.00, 1185.95, 0.0000000000, 29000.00, 88, 1, 0, 0.0000, 0, null, 0, to_date('23-07-2023', 'dd-mm-yyyy'), 0, 0.00, 0.00, 0.00, 0, 0.00, 0.00, null, 1, 12, 2, 0.486700, 0.00, 0.00, 389.98, 0.00, to_date('23-05-2023', 'dd-mm-yyyy'), 23, 0, 5, 2023, 0, 33286.44, 0.0000, 0.0000, 33286.4400000000, 0.00, 0.00, 0, 0, 5, 0.00, 0.00, 0.00000000, 0, 0, 0.00, 0.00, 0.00, 0.00, 1, to_date('24-05-2023', 'dd-mm-yyyy'), null, null, 0, 'f0120080', 5, to_date('24-08-2022', 'dd-mm-yyyy'), 'f0120080', null, 0.00, to_date('24-05-2023', 'dd-mm-yyyy'), 1, 0.00, 0.00, 0.00, to_date('23-05-2023', 'dd-mm-yyyy'), 1, 0.00, 0.00000000, null, null, 0, 0.00, 0.00, 0.00, null, 0, 0.00, 0.00);

	delete from crapprp where cdcooper = 12 and nrdconta = 99999374 and nrctrato = 60028;
	delete from crapprp where cdcooper = 12 and nrdconta = 99825007 and nrctrato = 59734;
	delete from crapprp where cdcooper = 12 and nrdconta = 99801760 and nrctrato = 59780;

	insert into crapprp (NRDCONTA, NRCTRATO, TPCTRATO, VLALUGUE, VLOUTRAS, VLSALARI, VLSALCON, DSOBSERV##1, DSOBSERV##2, DSOBSERV##3, DSRAMATI, VLMEDCHQ, VLFATURA, CDCOOPER, DSDEBENS, CDOPERAD, FLGENVIO, FLGDOCJE, VLSFNOUT, NMEMPCJE, NRCTACJE, NRCPFCJE, VLSALOUT, DTOUTSPC, DTOUTRIS, QTOPESCR, QTIFOPER, DTCNSSPC, DTDRISCO, VLOPESCR, VLRPREJU, NRGAROPE, NRINFCAD, NRLIQUID, NRPATLVR, NRPERGER, VLTOTSFN, VLMEDFAT, VLCTRBND, QTPARBND, DTMVTOLT, QTOPECJE, QTIFOCJE, VLOPECJE, VLPRJCJE, DTREFATU)
	values (99999374, 60028, 90, 0.00, 0.00, 0.00, 0.00, ' ', ' ', ' ', ' ', 0.00, 0.00, 12, ' ', 'F0120076', 0, 0, 0.00, ' ', 0, 0, 0.00, null, null, 62, 3, to_date('23-08-2022', 'dd-mm-yyyy'), to_date('30-06-2022', 'dd-mm-yyyy'), 0.00, 0.00, 10, 1, 14, 5, 3, 359751.31, 107299.32, 0.00, 0, to_date('24-08-2022', 'dd-mm-yyyy'), 0, 0, 0.00, 0.00, to_date('25-08-2022', 'dd-mm-yyyy'));

	insert into crapprp (NRDCONTA, NRCTRATO, TPCTRATO, VLALUGUE, VLOUTRAS, VLSALARI, VLSALCON, DSOBSERV##1, DSOBSERV##2, DSOBSERV##3, DSRAMATI, VLMEDCHQ, VLFATURA, CDCOOPER, DSDEBENS, CDOPERAD, FLGENVIO, FLGDOCJE, VLSFNOUT, NMEMPCJE, NRCTACJE, NRCPFCJE, VLSALOUT, DTOUTSPC, DTOUTRIS, QTOPESCR, QTIFOPER, DTCNSSPC, DTDRISCO, VLOPESCR, VLRPREJU, NRGAROPE, NRINFCAD, NRLIQUID, NRPATLVR, NRPERGER, VLTOTSFN, VLMEDFAT, VLCTRBND, QTPARBND, DTMVTOLT, QTOPECJE, QTIFOCJE, VLOPECJE, VLPRJCJE, DTREFATU)
	values (99825007, 59734, 90, 1500.00, 0.00, 0.00, 0.00, ' ', ' ', ' ', ' ', 0.00, 0.00, 12, ' ', 'f0120159', 0, 0, 0.00, ' ', 0, 0, 0.00, null, null, 6, 4, to_date('18-08-2022', 'dd-mm-yyyy'), to_date('30-06-2022', 'dd-mm-yyyy'), 0.00, 0.00, 10, 1, 14, 4, 3, 213582.04, 117950.74, 0.00, 0, to_date('18-08-2022', 'dd-mm-yyyy'), 0, 0, 0.00, 0.00, to_date('23-08-2022', 'dd-mm-yyyy'));

	insert into crapprp (NRDCONTA, NRCTRATO, TPCTRATO, VLALUGUE, VLOUTRAS, VLSALARI, VLSALCON, DSOBSERV##1, DSOBSERV##2, DSOBSERV##3, DSRAMATI, VLMEDCHQ, VLFATURA, CDCOOPER, DSDEBENS, CDOPERAD, FLGENVIO, FLGDOCJE, VLSFNOUT, NMEMPCJE, NRCTACJE, NRCPFCJE, VLSALOUT, DTOUTSPC, DTOUTRIS, QTOPESCR, QTIFOPER, DTCNSSPC, DTDRISCO, VLOPESCR, VLRPREJU, NRGAROPE, NRINFCAD, NRLIQUID, NRPATLVR, NRPERGER, VLTOTSFN, VLMEDFAT, VLCTRBND, QTPARBND, DTMVTOLT, QTOPECJE, QTIFOCJE, VLOPECJE, VLPRJCJE, DTREFATU)
	values (99801760, 59780, 90, 0.00, 0.00, 0.00, 0.00, ' ', ' ', ' ', ' ', 0.00, 0.00, 12, ' ', 'f0120080', 0, 0, 0.00, ' ', 0, 0, 0.00, null, null, 24, 4, to_date('19-08-2022', 'dd-mm-yyyy'), to_date('30-06-2022', 'dd-mm-yyyy'), 0.00, 0.00, 10, 1, 16, 4, 3, 176602.23, 8304.03, 0.00, 0, to_date('19-08-2022', 'dd-mm-yyyy'), 0, 0, 0.00, 0.00, to_date('24-08-2022', 'dd-mm-yyyy'));

	delete from craplem where cdcooper = 12 and nrdconta = 99999374 and nrctremp = 60028;
	delete from craplem where cdcooper = 12 and nrdconta = 99825007 and nrctremp = 59734;
	delete from craplem where cdcooper = 12 and nrdconta = 99801760 and nrctremp = 59780;

	insert into craplem (DTMVTOLT, CDAGENCI, CDBCCXLT, NRDOLOTE, NRDCONTA, NRDOCMTO, CDHISTOR, NRSEQDIG, NRCTREMP, VLLANMTO, DTPAGEMP, TXJUREPR, VLPREEMP, NRAUTDOC, NRSEQUNI, CDCOOPER, NRPAREPR, NRSEQAVA, DTESTORN, CDORIGEM, DTHRTRAN, QTDIACAL, VLTAXPER, VLTAXPRD, NRDOCLCM)
	values (to_date('31-08-2022', 'dd-mm-yyyy'), 1, 100, 650004, 99999374, 6285547, 2342, 6285547, 60028, 40.49, to_date('31-08-2022', 'dd-mm-yyyy'), 0.0001619, 2044.46, 0, 0, 12, 1, 0, null, 7, to_date('01-09-2022 01:55:23', 'dd-mm-yyyy hh24:mi:ss'), 0, 0.00000000, 0.00000000, 0);

	insert into craplem (DTMVTOLT, CDAGENCI, CDBCCXLT, NRDOLOTE, NRDCONTA, NRDOCMTO, CDHISTOR, NRSEQDIG, NRCTREMP, VLLANMTO, DTPAGEMP, TXJUREPR, VLPREEMP, NRAUTDOC, NRSEQUNI, CDCOOPER, NRPAREPR, NRSEQAVA, DTESTORN, CDORIGEM, DTHRTRAN, QTDIACAL, VLTAXPER, VLTAXPRD, NRDOCLCM)
	values (to_date('31-08-2022', 'dd-mm-yyyy'), 1, 100, 650004, 99999374, 6285548, 2344, 6285548, 60028, 127.10, to_date('31-08-2022', 'dd-mm-yyyy'), 0.0001619, 2044.46, 0, 0, 12, 1, 0, null, 7, to_date('01-09-2022 01:55:23', 'dd-mm-yyyy hh24:mi:ss'), 5, 0.00000000, 0.00254198, 0);

	insert into craplem (DTMVTOLT, CDAGENCI, CDBCCXLT, NRDOLOTE, NRDCONTA, NRDOCMTO, CDHISTOR, NRSEQDIG, NRCTREMP, VLLANMTO, DTPAGEMP, TXJUREPR, VLPREEMP, NRAUTDOC, NRSEQUNI, CDCOOPER, NRPAREPR, NRSEQAVA, DTESTORN, CDORIGEM, DTHRTRAN, QTDIACAL, VLTAXPER, VLTAXPRD, NRDOCLCM)
	values (to_date('25-08-2022', 'dd-mm-yyyy'), 1, 100, 650004, 99999374, 5462902, 3279, 5462902, 60028, 50000.00, to_date('25-08-2022', 'dd-mm-yyyy'), 0.0001619, 0.00, 0, 0, 12, 0, 0, null, 5, to_date('25-08-2022 17:04:25', 'dd-mm-yyyy hh24:mi:ss'), 0, 0.00000000, 0.00000000, 0);

	insert into craplem (DTMVTOLT, CDAGENCI, CDBCCXLT, NRDOLOTE, NRDCONTA, NRDOCMTO, CDHISTOR, NRSEQDIG, NRCTREMP, VLLANMTO, DTPAGEMP, TXJUREPR, VLPREEMP, NRAUTDOC, NRSEQUNI, CDCOOPER, NRPAREPR, NRSEQAVA, DTESTORN, CDORIGEM, DTHRTRAN, QTDIACAL, VLTAXPER, VLTAXPRD, NRDOCLCM)
	values (to_date('31-08-2022', 'dd-mm-yyyy'), 1, 100, 650004, 99825007, 6288031, 2342, 6288031, 59734, 170.08, to_date('31-08-2022', 'dd-mm-yyyy'), 0.0001619, 4456.95, 0, 0, 12, 1, 0, null, 7, to_date('01-09-2022 01:55:32', 'dd-mm-yyyy hh24:mi:ss'), 0, 0.00000000, 0.00000000, 0);

	insert into craplem (DTMVTOLT, CDAGENCI, CDBCCXLT, NRDOLOTE, NRDCONTA, NRDOCMTO, CDHISTOR, NRSEQDIG, NRCTREMP, VLLANMTO, DTPAGEMP, TXJUREPR, VLPREEMP, NRAUTDOC, NRSEQUNI, CDCOOPER, NRPAREPR, NRSEQAVA, DTESTORN, CDORIGEM, DTHRTRAN, QTDIACAL, VLTAXPER, VLTAXPRD, NRDOCLCM)
	values (to_date('31-08-2022', 'dd-mm-yyyy'), 1, 100, 650004, 99825007, 6288032, 2344, 6288032, 59734, 534.09, to_date('31-08-2022', 'dd-mm-yyyy'), 0.0001619, 4456.95, 0, 0, 12, 1, 0, null, 7, to_date('01-09-2022 01:55:32', 'dd-mm-yyyy hh24:mi:ss'), 7, 0.00000000, 0.00356058, 0);

	insert into craplem (DTMVTOLT, CDAGENCI, CDBCCXLT, NRDOLOTE, NRDCONTA, NRDOCMTO, CDHISTOR, NRSEQDIG, NRCTREMP, VLLANMTO, DTPAGEMP, TXJUREPR, VLPREEMP, NRAUTDOC, NRSEQUNI, CDCOOPER, NRPAREPR, NRSEQAVA, DTESTORN, CDORIGEM, DTHRTRAN, QTDIACAL, VLTAXPER, VLTAXPRD, NRDOCLCM)
	values (to_date('23-08-2022', 'dd-mm-yyyy'), 1, 100, 650004, 99825007, 5093285, 3279, 5093285, 59734, 150000.00, to_date('23-08-2022', 'dd-mm-yyyy'), 0.0001619, 0.00, 0, 0, 12, 0, 0, null, 5, to_date('23-08-2022 16:04:36', 'dd-mm-yyyy hh24:mi:ss'), 0, 0.00000000, 0.00000000, 0);

	insert into craplem (DTMVTOLT, CDAGENCI, CDBCCXLT, NRDOLOTE, NRDCONTA, NRDOCMTO, CDHISTOR, NRSEQDIG, NRCTREMP, VLLANMTO, DTPAGEMP, TXJUREPR, VLPREEMP, NRAUTDOC, NRSEQUNI, CDCOOPER, NRPAREPR, NRSEQAVA, DTESTORN, CDORIGEM, DTHRTRAN, QTDIACAL, VLTAXPER, VLTAXPRD, NRDOCLCM)
	values (to_date('24-08-2022', 'dd-mm-yyyy'), 5, 100, 650004, 99801760, 5336060, 3279, 5336060, 59780, 29000.00, to_date('24-08-2022', 'dd-mm-yyyy'), 0.0001619, 0.00, 0, 0, 12, 0, 0, null, 5, to_date('24-08-2022 15:58:22', 'dd-mm-yyyy hh24:mi:ss'), 0, 0.00000000, 0.00000000, 0);

	insert into craplem (DTMVTOLT, CDAGENCI, CDBCCXLT, NRDOLOTE, NRDCONTA, NRDOCMTO, CDHISTOR, NRSEQDIG, NRCTREMP, VLLANMTO, DTPAGEMP, TXJUREPR, VLPREEMP, NRAUTDOC, NRSEQUNI, CDCOOPER, NRPAREPR, NRSEQAVA, DTESTORN, CDORIGEM, DTHRTRAN, QTDIACAL, VLTAXPER, VLTAXPRD, NRDOCLCM)
	values (to_date('31-08-2022', 'dd-mm-yyyy'), 5, 100, 650004, 99801760, 6288180, 2342, 6288180, 59780, 28.18, to_date('31-08-2022', 'dd-mm-yyyy'), 0.0001619, 1185.95, 0, 0, 12, 1, 0, null, 7, to_date('01-09-2022 01:55:33', 'dd-mm-yyyy hh24:mi:ss'), 0, 0.00000000, 0.00000000, 0);

	insert into craplem (DTMVTOLT, CDAGENCI, CDBCCXLT, NRDOLOTE, NRDCONTA, NRDOCMTO, CDHISTOR, NRSEQDIG, NRCTREMP, VLLANMTO, DTPAGEMP, TXJUREPR, VLPREEMP, NRAUTDOC, NRSEQUNI, CDCOOPER, NRPAREPR, NRSEQAVA, DTESTORN, CDORIGEM, DTHRTRAN, QTDIACAL, VLTAXPER, VLTAXPRD, NRDOCLCM)
	values (to_date('31-08-2022', 'dd-mm-yyyy'), 5, 100, 650004, 99801760, 6288181, 2344, 6288181, 59780, 88.48, to_date('31-08-2022', 'dd-mm-yyyy'), 0.0001619, 1185.95, 0, 0, 12, 1, 0, null, 7, to_date('01-09-2022 01:55:33', 'dd-mm-yyyy hh24:mi:ss'), 6, 0.00000000, 0.00305115, 0);

	insert into craplem (DTMVTOLT, CDAGENCI, CDBCCXLT, NRDOLOTE, NRDCONTA, NRDOCMTO, CDHISTOR, NRSEQDIG, NRCTREMP, VLLANMTO, DTPAGEMP, TXJUREPR, VLPREEMP, NRAUTDOC, NRSEQUNI, CDCOOPER, NRPAREPR, NRSEQAVA, DTESTORN, CDORIGEM, DTHRTRAN, QTDIACAL, VLTAXPER, VLTAXPRD, NRDOCLCM)
	values (to_date('30-09-2022', 'dd-mm-yyyy'), 1, 100, 650004, 99999374, 3594330, 2344, 3594330, 60028, 103.22, to_date('30-09-2022', 'dd-mm-yyyy'), 0.0001619, 2044.46, 0, 0, 12, 1, 0, null, 7, to_date('01-10-2022 01:54:15', 'dd-mm-yyyy hh24:mi:ss'), 4, 0.00000000, 0.00203307, 0);

	insert into craplem (DTMVTOLT, CDAGENCI, CDBCCXLT, NRDOLOTE, NRDCONTA, NRDOCMTO, CDHISTOR, NRSEQDIG, NRCTREMP, VLLANMTO, DTPAGEMP, TXJUREPR, VLPREEMP, NRAUTDOC, NRSEQUNI, CDCOOPER, NRPAREPR, NRSEQAVA, DTESTORN, CDORIGEM, DTHRTRAN, QTDIACAL, VLTAXPER, VLTAXPRD, NRDOCLCM)
	values (to_date('26-09-2022', 'dd-mm-yyyy'), 1, 100, 650004, 99999374, 2283892, 2342, 2283892, 60028, 194.80, to_date('26-09-2022', 'dd-mm-yyyy'), 0.0001619, 2044.46, 0, 0, 12, 1, 0, null, 7, to_date('26-09-2022 07:01:51', 'dd-mm-yyyy hh24:mi:ss'), 0, 0.00000000, 0.00000000, 0);

	insert into craplem (DTMVTOLT, CDAGENCI, CDBCCXLT, NRDOLOTE, NRDCONTA, NRDOCMTO, CDHISTOR, NRSEQDIG, NRCTREMP, VLLANMTO, DTPAGEMP, TXJUREPR, VLPREEMP, NRAUTDOC, NRSEQUNI, CDCOOPER, NRPAREPR, NRSEQAVA, DTESTORN, CDORIGEM, DTHRTRAN, QTDIACAL, VLTAXPER, VLTAXPRD, NRDOCLCM)
	values (to_date('26-09-2022', 'dd-mm-yyyy'), 1, 100, 650004, 99999374, 2283893, 2344, 2283893, 60028, 408.89, to_date('26-09-2022', 'dd-mm-yyyy'), 0.0001619, 2044.46, 0, 0, 12, 1, 0, null, 7, to_date('26-09-2022 07:01:51', 'dd-mm-yyyy hh24:mi:ss'), 16, 0.00000000, 0.00815711, 0);

	insert into craplem (DTMVTOLT, CDAGENCI, CDBCCXLT, NRDOLOTE, NRDCONTA, NRDOCMTO, CDHISTOR, NRSEQDIG, NRCTREMP, VLLANMTO, DTPAGEMP, TXJUREPR, VLPREEMP, NRAUTDOC, NRSEQUNI, CDCOOPER, NRPAREPR, NRSEQAVA, DTESTORN, CDORIGEM, DTHRTRAN, QTDIACAL, VLTAXPER, VLTAXPRD, NRDOCLCM)
	values (to_date('30-09-2022', 'dd-mm-yyyy'), 1, 100, 650004, 99999374, 3594328, 2342, 3594328, 60028, 49.34, to_date('30-09-2022', 'dd-mm-yyyy'), 0.0001619, 2044.46, 0, 0, 12, 1, 0, null, 7, to_date('01-10-2022 01:54:15', 'dd-mm-yyyy hh24:mi:ss'), 0, 0.00000000, 0.00000000, 0);

	insert into craplem (DTMVTOLT, CDAGENCI, CDBCCXLT, NRDOLOTE, NRDCONTA, NRDOCMTO, CDHISTOR, NRSEQDIG, NRCTREMP, VLLANMTO, DTPAGEMP, TXJUREPR, VLPREEMP, NRAUTDOC, NRSEQUNI, CDCOOPER, NRPAREPR, NRSEQAVA, DTESTORN, CDORIGEM, DTHRTRAN, QTDIACAL, VLTAXPER, VLTAXPRD, NRDOCLCM)
	values (to_date('30-09-2022', 'dd-mm-yyyy'), 1, 100, 650004, 99825007, 3598557, 2344, 3598557, 59734, 451.37, to_date('30-09-2022', 'dd-mm-yyyy'), 0.0001619, 4456.95, 0, 0, 12, 2, 0, null, 7, to_date('01-10-2022 01:54:37', 'dd-mm-yyyy hh24:mi:ss'), 6, 0.00000000, 0.00305115, 0);

	insert into craplem (DTMVTOLT, CDAGENCI, CDBCCXLT, NRDOLOTE, NRDCONTA, NRDOCMTO, CDHISTOR, NRSEQDIG, NRCTREMP, VLLANMTO, DTPAGEMP, TXJUREPR, VLPREEMP, NRAUTDOC, NRSEQUNI, CDCOOPER, NRPAREPR, NRSEQAVA, DTESTORN, CDORIGEM, DTHRTRAN, QTDIACAL, VLTAXPER, VLTAXPRD, NRDOCLCM)
	values (to_date('22-09-2022', 'dd-mm-yyyy'), 1, 100, 650004, 99825007, 1921090, 2330, 1921090, 59734, 4456.95, to_date('22-09-2022', 'dd-mm-yyyy'), 0.0001619, 4456.95, 0, 1, 12, 1, 0, null, 7, to_date('22-09-2022 07:01:40', 'dd-mm-yyyy hh24:mi:ss'), 0, 0.00000000, 0.00000000, 0);

	insert into craplem (DTMVTOLT, CDAGENCI, CDBCCXLT, NRDOLOTE, NRDCONTA, NRDOCMTO, CDHISTOR, NRSEQDIG, NRCTREMP, VLLANMTO, DTPAGEMP, TXJUREPR, VLPREEMP, NRAUTDOC, NRSEQUNI, CDCOOPER, NRPAREPR, NRSEQAVA, DTESTORN, CDORIGEM, DTHRTRAN, QTDIACAL, VLTAXPER, VLTAXPRD, NRDOCLCM)
	values (to_date('22-09-2022', 'dd-mm-yyyy'), 1, 100, 650004, 99825007, 1921088, 2342, 1921088, 59734, 535.79, to_date('22-09-2022', 'dd-mm-yyyy'), 0.0001619, 4456.95, 0, 0, 12, 1, 0, null, 7, to_date('22-09-2022 07:01:40', 'dd-mm-yyyy hh24:mi:ss'), 0, 0.00000000, 0.00000000, 0);

	insert into craplem (DTMVTOLT, CDAGENCI, CDBCCXLT, NRDOLOTE, NRDCONTA, NRDOCMTO, CDHISTOR, NRSEQDIG, NRCTREMP, VLLANMTO, DTPAGEMP, TXJUREPR, VLPREEMP, NRAUTDOC, NRSEQUNI, CDCOOPER, NRPAREPR, NRSEQAVA, DTESTORN, CDORIGEM, DTHRTRAN, QTDIACAL, VLTAXPER, VLTAXPRD, NRDOCLCM)
	values (to_date('22-09-2022', 'dd-mm-yyyy'), 1, 100, 650004, 99825007, 1921089, 2344, 1921089, 59734, 1150.89, to_date('22-09-2022', 'dd-mm-yyyy'), 0.0001619, 4456.95, 0, 0, 12, 1, 0, null, 7, to_date('22-09-2022 07:01:40', 'dd-mm-yyyy hh24:mi:ss'), 15, 0.00000000, 0.00764535, 0);

	insert into craplem (DTMVTOLT, CDAGENCI, CDBCCXLT, NRDOLOTE, NRDCONTA, NRDOCMTO, CDHISTOR, NRSEQDIG, NRCTREMP, VLLANMTO, DTPAGEMP, TXJUREPR, VLPREEMP, NRAUTDOC, NRSEQUNI, CDCOOPER, NRPAREPR, NRSEQAVA, DTESTORN, CDORIGEM, DTHRTRAN, QTDIACAL, VLTAXPER, VLTAXPRD, NRDOCLCM)
	values (to_date('30-09-2022', 'dd-mm-yyyy'), 1, 100, 650004, 99825007, 3598556, 2342, 3598556, 59734, 191.71, to_date('30-09-2022', 'dd-mm-yyyy'), 0.0001619, 4456.95, 0, 0, 12, 2, 0, null, 7, to_date('01-10-2022 01:54:37', 'dd-mm-yyyy hh24:mi:ss'), 0, 0.00000000, 0.00000000, 0);

	insert into craplem (DTMVTOLT, CDAGENCI, CDBCCXLT, NRDOLOTE, NRDCONTA, NRDOCMTO, CDHISTOR, NRSEQDIG, NRCTREMP, VLLANMTO, DTPAGEMP, TXJUREPR, VLPREEMP, NRAUTDOC, NRSEQUNI, CDCOOPER, NRPAREPR, NRSEQAVA, DTESTORN, CDORIGEM, DTHRTRAN, QTDIACAL, VLTAXPER, VLTAXPRD, NRDOCLCM)
	values (to_date('30-09-2022', 'dd-mm-yyyy'), 5, 100, 650004, 99801760, 3598855, 2344, 3598855, 59780, 74.89, to_date('30-09-2022', 'dd-mm-yyyy'), 0.0001619, 1185.95, 0, 0, 12, 1, 0, null, 7, to_date('01-10-2022 01:54:38', 'dd-mm-yyyy hh24:mi:ss'), 5, 0.00000000, 0.00254198, 0);

	insert into craplem (DTMVTOLT, CDAGENCI, CDBCCXLT, NRDOLOTE, NRDCONTA, NRDOCMTO, CDHISTOR, NRSEQDIG, NRCTREMP, VLLANMTO, DTPAGEMP, TXJUREPR, VLPREEMP, NRAUTDOC, NRSEQUNI, CDCOOPER, NRPAREPR, NRSEQAVA, DTESTORN, CDORIGEM, DTHRTRAN, QTDIACAL, VLTAXPER, VLTAXPRD, NRDOCLCM)
	values (to_date('23-09-2022', 'dd-mm-yyyy'), 5, 100, 650004, 99801760, 2181202, 2342, 2181202, 59780, 108.28, to_date('23-09-2022', 'dd-mm-yyyy'), 0.0001619, 1185.95, 0, 0, 12, 1, 0, null, 7, to_date('23-09-2022 07:01:42', 'dd-mm-yyyy hh24:mi:ss'), 0, 0.00000000, 0.00000000, 0);

	insert into craplem (DTMVTOLT, CDAGENCI, CDBCCXLT, NRDOLOTE, NRDCONTA, NRDOCMTO, CDHISTOR, NRSEQDIG, NRCTREMP, VLLANMTO, DTPAGEMP, TXJUREPR, VLPREEMP, NRAUTDOC, NRSEQUNI, CDCOOPER, NRPAREPR, NRSEQAVA, DTESTORN, CDORIGEM, DTHRTRAN, QTDIACAL, VLTAXPER, VLTAXPRD, NRDOCLCM)
	values (to_date('23-09-2022', 'dd-mm-yyyy'), 5, 100, 650004, 99801760, 2181203, 2344, 2181203, 59780, 237.28, to_date('23-09-2022', 'dd-mm-yyyy'), 0.0001619, 1185.95, 0, 0, 12, 1, 0, null, 7, to_date('23-09-2022 07:01:42', 'dd-mm-yyyy hh24:mi:ss'), 16, 0.00000000, 0.00815711, 0);

	insert into craplem (DTMVTOLT, CDAGENCI, CDBCCXLT, NRDOLOTE, NRDCONTA, NRDOCMTO, CDHISTOR, NRSEQDIG, NRCTREMP, VLLANMTO, DTPAGEMP, TXJUREPR, VLPREEMP, NRAUTDOC, NRSEQUNI, CDCOOPER, NRPAREPR, NRSEQAVA, DTESTORN, CDORIGEM, DTHRTRAN, QTDIACAL, VLTAXPER, VLTAXPRD, NRDOCLCM)
	values (to_date('30-09-2022', 'dd-mm-yyyy'), 5, 100, 650004, 99801760, 3598854, 2342, 3598854, 59780, 33.41, to_date('30-09-2022', 'dd-mm-yyyy'), 0.0001619, 1185.95, 0, 0, 12, 1, 0, null, 7, to_date('01-10-2022 01:54:38', 'dd-mm-yyyy hh24:mi:ss'), 0, 0.00000000, 0.00000000, 0);

	insert into craplem (DTMVTOLT, CDAGENCI, CDBCCXLT, NRDOLOTE, NRDCONTA, NRDOCMTO, CDHISTOR, NRSEQDIG, NRCTREMP, VLLANMTO, DTPAGEMP, TXJUREPR, VLPREEMP, NRAUTDOC, NRSEQUNI, CDCOOPER, NRPAREPR, NRSEQAVA, DTESTORN, CDORIGEM, DTHRTRAN, QTDIACAL, VLTAXPER, VLTAXPRD, NRDOCLCM)
	values (to_date('31-10-2022', 'dd-mm-yyyy'), 1, 100, 650004, 99999374, 759715, 2344, 759715, 60028, 130.94, to_date('31-10-2022', 'dd-mm-yyyy'), 0.0001619, 2044.46, 0, 0, 12, 1, 0, null, 7, to_date('01-11-2022 02:12:00', 'dd-mm-yyyy hh24:mi:ss'), 5, 0.00000000, 0.00254198, 0);

	insert into craplem (DTMVTOLT, CDAGENCI, CDBCCXLT, NRDOLOTE, NRDCONTA, NRDOCMTO, CDHISTOR, NRSEQDIG, NRCTREMP, VLLANMTO, DTPAGEMP, TXJUREPR, VLPREEMP, NRAUTDOC, NRSEQUNI, CDCOOPER, NRPAREPR, NRSEQAVA, DTESTORN, CDORIGEM, DTHRTRAN, QTDIACAL, VLTAXPER, VLTAXPRD, NRDOCLCM)
	values (to_date('24-10-2022', 'dd-mm-yyyy'), 1, 100, 650004, 99999374, 52458, 2342, 52458, 60028, 197.84, to_date('24-10-2022', 'dd-mm-yyyy'), 0.0001619, 2044.46, 0, 0, 12, 1, 0, null, 7, to_date('24-10-2022 07:01:36', 'dd-mm-yyyy hh24:mi:ss'), 0, 0.00000000, 0.00000000, 0);

	insert into craplem (DTMVTOLT, CDAGENCI, CDBCCXLT, NRDOLOTE, NRDCONTA, NRDOCMTO, CDHISTOR, NRSEQDIG, NRCTREMP, VLLANMTO, DTPAGEMP, TXJUREPR, VLPREEMP, NRAUTDOC, NRSEQUNI, CDCOOPER, NRPAREPR, NRSEQAVA, DTESTORN, CDORIGEM, DTHRTRAN, QTDIACAL, VLTAXPER, VLTAXPRD, NRDOCLCM)
	values (to_date('24-10-2022', 'dd-mm-yyyy'), 1, 100, 650004, 99999374, 52459, 2344, 52459, 60028, 388.95, to_date('24-10-2022', 'dd-mm-yyyy'), 0.0001619, 2044.46, 0, 0, 12, 1, 0, null, 7, to_date('24-10-2022 07:01:36', 'dd-mm-yyyy hh24:mi:ss'), 15, 0.00000000, 0.00764535, 0);

	insert into craplem (DTMVTOLT, CDAGENCI, CDBCCXLT, NRDOLOTE, NRDCONTA, NRDOCMTO, CDHISTOR, NRSEQDIG, NRCTREMP, VLLANMTO, DTPAGEMP, TXJUREPR, VLPREEMP, NRAUTDOC, NRSEQUNI, CDCOOPER, NRPAREPR, NRSEQAVA, DTESTORN, CDORIGEM, DTHRTRAN, QTDIACAL, VLTAXPER, VLTAXPRD, NRDOCLCM)
	values (to_date('31-10-2022', 'dd-mm-yyyy'), 1, 100, 650004, 99999374, 759713, 2342, 759713, 60028, 50.06, to_date('31-10-2022', 'dd-mm-yyyy'), 0.0001619, 2044.46, 0, 0, 12, 1, 0, null, 7, to_date('01-11-2022 02:12:00', 'dd-mm-yyyy hh24:mi:ss'), 0, 0.00000000, 0.00000000, 0);

	insert into craplem (DTMVTOLT, CDAGENCI, CDBCCXLT, NRDOLOTE, NRDCONTA, NRDOCMTO, CDHISTOR, NRSEQDIG, NRCTREMP, VLLANMTO, DTPAGEMP, TXJUREPR, VLPREEMP, NRAUTDOC, NRSEQUNI, CDCOOPER, NRPAREPR, NRSEQAVA, DTESTORN, CDORIGEM, DTHRTRAN, QTDIACAL, VLTAXPER, VLTAXPRD, NRDOCLCM)
	values (to_date('31-10-2022', 'dd-mm-yyyy'), 1, 100, 650004, 99825007, 763826, 2344, 763826, 59734, 444.57, to_date('31-10-2022', 'dd-mm-yyyy'), 0.0001619, 4456.95, 0, 0, 12, 3, 0, null, 7, to_date('01-11-2022 02:12:16', 'dd-mm-yyyy hh24:mi:ss'), 6, 0.00000000, 0.00305115, 0);

	insert into craplem (DTMVTOLT, CDAGENCI, CDBCCXLT, NRDOLOTE, NRDCONTA, NRDOCMTO, CDHISTOR, NRSEQDIG, NRCTREMP, VLLANMTO, DTPAGEMP, TXJUREPR, VLPREEMP, NRAUTDOC, NRSEQUNI, CDCOOPER, NRPAREPR, NRSEQAVA, DTESTORN, CDORIGEM, DTHRTRAN, QTDIACAL, VLTAXPER, VLTAXPRD, NRDOCLCM)
	values (to_date('24-10-2022', 'dd-mm-yyyy'), 1, 100, 650004, 99825007, 52797, 2330, 52797, 59734, 4456.95, to_date('24-10-2022', 'dd-mm-yyyy'), 0.0001619, 4456.95, 0, 2, 12, 2, 0, null, 7, to_date('24-10-2022 07:01:44', 'dd-mm-yyyy hh24:mi:ss'), 0, 0.00000000, 0.00000000, 0);

	insert into craplem (DTMVTOLT, CDAGENCI, CDBCCXLT, NRDOLOTE, NRDCONTA, NRDOCMTO, CDHISTOR, NRSEQDIG, NRCTREMP, VLLANMTO, DTPAGEMP, TXJUREPR, VLPREEMP, NRAUTDOC, NRSEQUNI, CDCOOPER, NRPAREPR, NRSEQAVA, DTESTORN, CDORIGEM, DTHRTRAN, QTDIACAL, VLTAXPER, VLTAXPRD, NRDOCLCM)
	values (to_date('24-10-2022', 'dd-mm-yyyy'), 1, 100, 650004, 99825007, 52790, 2342, 52790, 59734, 528.49, to_date('24-10-2022', 'dd-mm-yyyy'), 0.0001619, 4456.95, 0, 0, 12, 2, 0, null, 7, to_date('24-10-2022 07:01:44', 'dd-mm-yyyy hh24:mi:ss'), 0, 0.00000000, 0.00000000, 0);

	insert into craplem (DTMVTOLT, CDAGENCI, CDBCCXLT, NRDOLOTE, NRDCONTA, NRDOCMTO, CDHISTOR, NRSEQDIG, NRCTREMP, VLLANMTO, DTPAGEMP, TXJUREPR, VLPREEMP, NRAUTDOC, NRSEQUNI, CDCOOPER, NRPAREPR, NRSEQAVA, DTESTORN, CDORIGEM, DTHRTRAN, QTDIACAL, VLTAXPER, VLTAXPRD, NRDOCLCM)
	values (to_date('24-10-2022', 'dd-mm-yyyy'), 1, 100, 650004, 99825007, 52795, 2344, 52795, 59734, 1058.56, to_date('24-10-2022', 'dd-mm-yyyy'), 0.0001619, 4456.95, 0, 0, 12, 2, 0, null, 7, to_date('24-10-2022 07:01:44', 'dd-mm-yyyy hh24:mi:ss'), 14, 0.00000000, 0.00713385, 0);

	insert into craplem (DTMVTOLT, CDAGENCI, CDBCCXLT, NRDOLOTE, NRDCONTA, NRDOCMTO, CDHISTOR, NRSEQDIG, NRCTREMP, VLLANMTO, DTPAGEMP, TXJUREPR, VLPREEMP, NRAUTDOC, NRSEQUNI, CDCOOPER, NRPAREPR, NRSEQAVA, DTESTORN, CDORIGEM, DTHRTRAN, QTDIACAL, VLTAXPER, VLTAXPRD, NRDOCLCM)
	values (to_date('31-10-2022', 'dd-mm-yyyy'), 1, 100, 650004, 99825007, 763825, 2342, 763825, 59734, 188.83, to_date('31-10-2022', 'dd-mm-yyyy'), 0.0001619, 4456.95, 0, 0, 12, 3, 0, null, 7, to_date('01-11-2022 02:12:16', 'dd-mm-yyyy hh24:mi:ss'), 0, 0.00000000, 0.00000000, 0);

	insert into craplem (DTMVTOLT, CDAGENCI, CDBCCXLT, NRDOLOTE, NRDCONTA, NRDOCMTO, CDHISTOR, NRSEQDIG, NRCTREMP, VLLANMTO, DTPAGEMP, TXJUREPR, VLPREEMP, NRAUTDOC, NRSEQUNI, CDCOOPER, NRPAREPR, NRSEQAVA, DTESTORN, CDORIGEM, DTHRTRAN, QTDIACAL, VLTAXPER, VLTAXPRD, NRDOCLCM)
	values (to_date('24-10-2022', 'dd-mm-yyyy'), 5, 100, 650004, 99801760, 52853, 2342, 52853, 59780, 110.03, to_date('24-10-2022', 'dd-mm-yyyy'), 0.0001619, 1185.95, 0, 0, 12, 1, 0, null, 7, to_date('24-10-2022 07:01:45', 'dd-mm-yyyy hh24:mi:ss'), 0, 0.00000000, 0.00000000, 0);

	insert into craplem (DTMVTOLT, CDAGENCI, CDBCCXLT, NRDOLOTE, NRDCONTA, NRDOCMTO, CDHISTOR, NRSEQDIG, NRCTREMP, VLLANMTO, DTPAGEMP, TXJUREPR, VLPREEMP, NRAUTDOC, NRSEQUNI, CDCOOPER, NRPAREPR, NRSEQAVA, DTESTORN, CDORIGEM, DTHRTRAN, QTDIACAL, VLTAXPER, VLTAXPRD, NRDOCLCM)
	values (to_date('24-10-2022', 'dd-mm-yyyy'), 5, 100, 650004, 99801760, 52854, 2344, 52854, 59780, 210.71, to_date('24-10-2022', 'dd-mm-yyyy'), 0.0001619, 1185.95, 0, 0, 12, 1, 0, null, 7, to_date('24-10-2022 07:01:45', 'dd-mm-yyyy hh24:mi:ss'), 14, 0.00000000, 0.00713385, 0);

	insert into craplem (DTMVTOLT, CDAGENCI, CDBCCXLT, NRDOLOTE, NRDCONTA, NRDOCMTO, CDHISTOR, NRSEQDIG, NRCTREMP, VLLANMTO, DTPAGEMP, TXJUREPR, VLPREEMP, NRAUTDOC, NRSEQUNI, CDCOOPER, NRPAREPR, NRSEQAVA, DTESTORN, CDORIGEM, DTHRTRAN, QTDIACAL, VLTAXPER, VLTAXPRD, NRDOCLCM)
	values (to_date('31-10-2022', 'dd-mm-yyyy'), 5, 100, 650004, 99801760, 764013, 2344, 764013, 59780, 75.98, to_date('31-10-2022', 'dd-mm-yyyy'), 0.0001619, 1185.95, 0, 0, 12, 1, 0, null, 7, to_date('01-11-2022 02:12:17', 'dd-mm-yyyy hh24:mi:ss'), 5, 0.00000000, 0.00254198, 0);

	insert into craplem (DTMVTOLT, CDAGENCI, CDBCCXLT, NRDOLOTE, NRDCONTA, NRDOCMTO, CDHISTOR, NRSEQDIG, NRCTREMP, VLLANMTO, DTPAGEMP, TXJUREPR, VLPREEMP, NRAUTDOC, NRSEQUNI, CDCOOPER, NRPAREPR, NRSEQAVA, DTESTORN, CDORIGEM, DTHRTRAN, QTDIACAL, VLTAXPER, VLTAXPRD, NRDOCLCM)
	values (to_date('31-10-2022', 'dd-mm-yyyy'), 5, 100, 650004, 99801760, 764012, 2342, 764012, 59780, 33.89, to_date('31-10-2022', 'dd-mm-yyyy'), 0.0001619, 1185.95, 0, 0, 12, 1, 0, null, 7, to_date('01-11-2022 02:12:17', 'dd-mm-yyyy hh24:mi:ss'), 0, 0.00000000, 0.00000000, 0);

	insert into craplem (DTMVTOLT, CDAGENCI, CDBCCXLT, NRDOLOTE, NRDCONTA, NRDOCMTO, CDHISTOR, NRSEQDIG, NRCTREMP, VLLANMTO, DTPAGEMP, TXJUREPR, VLPREEMP, NRAUTDOC, NRSEQUNI, CDCOOPER, NRPAREPR, NRSEQAVA, DTESTORN, CDORIGEM, DTHRTRAN, QTDIACAL, VLTAXPER, VLTAXPRD, NRDOCLCM)
	values (to_date('30-11-2022', 'dd-mm-yyyy'), 1, 100, 650004, 99999374, 5893287, 2344, 5893287, 60028, 106.36, to_date('30-11-2022', 'dd-mm-yyyy'), 0.0001619, 2044.46, 0, 0, 12, 1, 0, null, 7, to_date('01-12-2022 01:55:19', 'dd-mm-yyyy hh24:mi:ss'), 4, 0.00000000, 0.00203307, 0);

	insert into craplem (DTMVTOLT, CDAGENCI, CDBCCXLT, NRDOLOTE, NRDCONTA, NRDOCMTO, CDHISTOR, NRSEQDIG, NRCTREMP, VLLANMTO, DTPAGEMP, TXJUREPR, VLPREEMP, NRAUTDOC, NRSEQUNI, CDCOOPER, NRPAREPR, NRSEQAVA, DTESTORN, CDORIGEM, DTHRTRAN, QTDIACAL, VLTAXPER, VLTAXPRD, NRDOCLCM)
	values (to_date('24-11-2022', 'dd-mm-yyyy'), 1, 100, 650004, 99999374, 5230571, 2342, 5230571, 60028, 200.72, to_date('24-11-2022', 'dd-mm-yyyy'), 0.0001619, 2044.46, 0, 0, 12, 1, 0, null, 7, to_date('24-11-2022 07:01:43', 'dd-mm-yyyy hh24:mi:ss'), 0, 0.00000000, 0.00000000, 0);

	insert into craplem (DTMVTOLT, CDAGENCI, CDBCCXLT, NRDOLOTE, NRDCONTA, NRDOCMTO, CDHISTOR, NRSEQDIG, NRCTREMP, VLLANMTO, DTPAGEMP, TXJUREPR, VLPREEMP, NRAUTDOC, NRSEQUNI, CDCOOPER, NRPAREPR, NRSEQAVA, DTESTORN, CDORIGEM, DTHRTRAN, QTDIACAL, VLTAXPER, VLTAXPRD, NRDOCLCM)
	values (to_date('24-11-2022', 'dd-mm-yyyy'), 1, 100, 650004, 99999374, 5230572, 2344, 5230572, 60028, 421.25, to_date('24-11-2022', 'dd-mm-yyyy'), 0.0001619, 2044.46, 0, 0, 12, 1, 0, null, 7, to_date('24-11-2022 07:01:43', 'dd-mm-yyyy hh24:mi:ss'), 16, 0.00000000, 0.00815711, 0);

	insert into craplem (DTMVTOLT, CDAGENCI, CDBCCXLT, NRDOLOTE, NRDCONTA, NRDOCMTO, CDHISTOR, NRSEQDIG, NRCTREMP, VLLANMTO, DTPAGEMP, TXJUREPR, VLPREEMP, NRAUTDOC, NRSEQUNI, CDCOOPER, NRPAREPR, NRSEQAVA, DTESTORN, CDORIGEM, DTHRTRAN, QTDIACAL, VLTAXPER, VLTAXPRD, NRDOCLCM)
	values (to_date('30-11-2022', 'dd-mm-yyyy'), 1, 100, 650004, 99999374, 5893286, 2342, 5893286, 60028, 50.84, to_date('30-11-2022', 'dd-mm-yyyy'), 0.0001619, 2044.46, 0, 0, 12, 1, 0, null, 7, to_date('01-12-2022 01:55:19', 'dd-mm-yyyy hh24:mi:ss'), 0, 0.00000000, 0.00000000, 0);

	insert into craplem (DTMVTOLT, CDAGENCI, CDBCCXLT, NRDOLOTE, NRDCONTA, NRDOCMTO, CDHISTOR, NRSEQDIG, NRCTREMP, VLLANMTO, DTPAGEMP, TXJUREPR, VLPREEMP, NRAUTDOC, NRSEQUNI, CDCOOPER, NRPAREPR, NRSEQAVA, DTESTORN, CDORIGEM, DTHRTRAN, QTDIACAL, VLTAXPER, VLTAXPRD, NRDOCLCM)
	values (to_date('30-11-2022', 'dd-mm-yyyy'), 1, 100, 650004, 99825007, 5895828, 2344, 5895828, 59734, 437.68, to_date('30-11-2022', 'dd-mm-yyyy'), 0.0001619, 4456.95, 0, 0, 12, 4, 0, null, 7, to_date('01-12-2022 01:55:32', 'dd-mm-yyyy hh24:mi:ss'), 6, 0.00000000, 0.00305115, 0);

	insert into craplem (DTMVTOLT, CDAGENCI, CDBCCXLT, NRDOLOTE, NRDCONTA, NRDOCMTO, CDHISTOR, NRSEQDIG, NRCTREMP, VLLANMTO, DTPAGEMP, TXJUREPR, VLPREEMP, NRAUTDOC, NRSEQUNI, CDCOOPER, NRPAREPR, NRSEQAVA, DTESTORN, CDORIGEM, DTHRTRAN, QTDIACAL, VLTAXPER, VLTAXPRD, NRDOCLCM)
	values (to_date('22-11-2022', 'dd-mm-yyyy'), 1, 100, 650004, 99825007, 5029802, 2330, 5029802, 59734, 4456.95, to_date('22-11-2022', 'dd-mm-yyyy'), 0.0001619, 4456.95, 0, 3, 12, 3, 0, null, 7, to_date('22-11-2022 07:01:57', 'dd-mm-yyyy hh24:mi:ss'), 0, 0.00000000, 0.00000000, 0);

	insert into craplem (DTMVTOLT, CDAGENCI, CDBCCXLT, NRDOLOTE, NRDCONTA, NRDOCMTO, CDHISTOR, NRSEQDIG, NRCTREMP, VLLANMTO, DTPAGEMP, TXJUREPR, VLPREEMP, NRAUTDOC, NRSEQUNI, CDCOOPER, NRPAREPR, NRSEQAVA, DTESTORN, CDORIGEM, DTHRTRAN, QTDIACAL, VLTAXPER, VLTAXPRD, NRDOCLCM)
	values (to_date('22-11-2022', 'dd-mm-yyyy'), 1, 100, 650004, 99825007, 5029800, 2342, 5029800, 59734, 520.54, to_date('22-11-2022', 'dd-mm-yyyy'), 0.0001619, 4456.95, 0, 0, 12, 3, 0, null, 7, to_date('22-11-2022 07:01:57', 'dd-mm-yyyy hh24:mi:ss'), 0, 0.00000000, 0.00000000, 0);

	insert into craplem (DTMVTOLT, CDAGENCI, CDBCCXLT, NRDOLOTE, NRDCONTA, NRDOCMTO, CDHISTOR, NRSEQDIG, NRCTREMP, VLLANMTO, DTPAGEMP, TXJUREPR, VLPREEMP, NRAUTDOC, NRSEQUNI, CDCOOPER, NRPAREPR, NRSEQAVA, DTESTORN, CDORIGEM, DTHRTRAN, QTDIACAL, VLTAXPER, VLTAXPRD, NRDOCLCM)
	values (to_date('22-11-2022', 'dd-mm-yyyy'), 1, 100, 650004, 99825007, 5029801, 2344, 5029801, 59734, 1042.62, to_date('22-11-2022', 'dd-mm-yyyy'), 0.0001619, 4456.95, 0, 0, 12, 3, 0, null, 7, to_date('22-11-2022 07:01:57', 'dd-mm-yyyy hh24:mi:ss'), 14, 0.00000000, 0.00713385, 0);

	insert into craplem (DTMVTOLT, CDAGENCI, CDBCCXLT, NRDOLOTE, NRDCONTA, NRDOCMTO, CDHISTOR, NRSEQDIG, NRCTREMP, VLLANMTO, DTPAGEMP, TXJUREPR, VLPREEMP, NRAUTDOC, NRSEQUNI, CDCOOPER, NRPAREPR, NRSEQAVA, DTESTORN, CDORIGEM, DTHRTRAN, QTDIACAL, VLTAXPER, VLTAXPRD, NRDOCLCM)
	values (to_date('30-11-2022', 'dd-mm-yyyy'), 1, 100, 650004, 99825007, 5895827, 2342, 5895827, 59734, 185.90, to_date('30-11-2022', 'dd-mm-yyyy'), 0.0001619, 4456.95, 0, 0, 12, 4, 0, null, 7, to_date('01-12-2022 01:55:32', 'dd-mm-yyyy hh24:mi:ss'), 0, 0.00000000, 0.00000000, 0);

	insert into craplem (DTMVTOLT, CDAGENCI, CDBCCXLT, NRDOLOTE, NRDCONTA, NRDOCMTO, CDHISTOR, NRSEQDIG, NRCTREMP, VLLANMTO, DTPAGEMP, TXJUREPR, VLPREEMP, NRAUTDOC, NRSEQUNI, CDCOOPER, NRPAREPR, NRSEQAVA, DTESTORN, CDORIGEM, DTHRTRAN, QTDIACAL, VLTAXPER, VLTAXPRD, NRDOCLCM)
	values (to_date('30-11-2022', 'dd-mm-yyyy'), 5, 100, 650004, 99801760, 5896021, 2344, 5896021, 59780, 77.13, to_date('30-11-2022', 'dd-mm-yyyy'), 0.0001619, 1185.95, 0, 0, 12, 1, 0, null, 7, to_date('01-12-2022 01:55:33', 'dd-mm-yyyy hh24:mi:ss'), 5, 0.00000000, 0.00254198, 0);

	insert into craplem (DTMVTOLT, CDAGENCI, CDBCCXLT, NRDOLOTE, NRDCONTA, NRDOCMTO, CDHISTOR, NRSEQDIG, NRCTREMP, VLLANMTO, DTPAGEMP, TXJUREPR, VLPREEMP, NRAUTDOC, NRSEQUNI, CDCOOPER, NRPAREPR, NRSEQAVA, DTESTORN, CDORIGEM, DTHRTRAN, QTDIACAL, VLTAXPER, VLTAXPRD, NRDOCLCM)
	values (to_date('23-11-2022', 'dd-mm-yyyy'), 5, 100, 650004, 99801760, 5139234, 2342, 5139234, 59780, 111.63, to_date('23-11-2022', 'dd-mm-yyyy'), 0.0001619, 1185.95, 0, 0, 12, 1, 0, null, 7, to_date('23-11-2022 07:01:59', 'dd-mm-yyyy hh24:mi:ss'), 0, 0.00000000, 0.00000000, 0);

	insert into craplem (DTMVTOLT, CDAGENCI, CDBCCXLT, NRDOLOTE, NRDCONTA, NRDOCMTO, CDHISTOR, NRSEQDIG, NRCTREMP, VLLANMTO, DTPAGEMP, TXJUREPR, VLPREEMP, NRAUTDOC, NRSEQUNI, CDCOOPER, NRPAREPR, NRSEQAVA, DTESTORN, CDORIGEM, DTHRTRAN, QTDIACAL, VLTAXPER, VLTAXPRD, NRDOCLCM)
	values (to_date('23-11-2022', 'dd-mm-yyyy'), 5, 100, 650004, 99801760, 5139235, 2344, 5139235, 59780, 229.11, to_date('23-11-2022', 'dd-mm-yyyy'), 0.0001619, 1185.95, 0, 0, 12, 1, 0, null, 7, to_date('23-11-2022 07:01:59', 'dd-mm-yyyy hh24:mi:ss'), 15, 0.00000000, 0.00764535, 0);

	insert into craplem (DTMVTOLT, CDAGENCI, CDBCCXLT, NRDOLOTE, NRDCONTA, NRDOCMTO, CDHISTOR, NRSEQDIG, NRCTREMP, VLLANMTO, DTPAGEMP, TXJUREPR, VLPREEMP, NRAUTDOC, NRSEQUNI, CDCOOPER, NRPAREPR, NRSEQAVA, DTESTORN, CDORIGEM, DTHRTRAN, QTDIACAL, VLTAXPER, VLTAXPRD, NRDOCLCM)
	values (to_date('30-11-2022', 'dd-mm-yyyy'), 5, 100, 650004, 99801760, 5896020, 2342, 5896020, 59780, 34.40, to_date('30-11-2022', 'dd-mm-yyyy'), 0.0001619, 1185.95, 0, 0, 12, 1, 0, null, 7, to_date('01-12-2022 01:55:33', 'dd-mm-yyyy hh24:mi:ss'), 0, 0.00000000, 0.00000000, 0);

	insert into craplem (DTMVTOLT, CDAGENCI, CDBCCXLT, NRDOLOTE, NRDCONTA, NRDOCMTO, CDHISTOR, NRSEQDIG, NRCTREMP, VLLANMTO, DTPAGEMP, TXJUREPR, VLPREEMP, NRAUTDOC, NRSEQUNI, CDCOOPER, NRPAREPR, NRSEQAVA, DTESTORN, CDORIGEM, DTHRTRAN, QTDIACAL, VLTAXPER, VLTAXPRD, NRDOCLCM)
	values (to_date('30-12-2022', 'dd-mm-yyyy'), 1, 100, 650004, 99999374, 1172828, 2344, 1172828, 60028, 108.02, to_date('30-12-2022', 'dd-mm-yyyy'), 0.0001619, 2044.46, 0, 0, 12, 1, 0, null, 7, to_date('31-12-2022 01:39:31', 'dd-mm-yyyy hh24:mi:ss'), 4, 0.00000000, 0.00203307, 0);

	insert into craplem (DTMVTOLT, CDAGENCI, CDBCCXLT, NRDOLOTE, NRDCONTA, NRDOCMTO, CDHISTOR, NRSEQDIG, NRCTREMP, VLLANMTO, DTPAGEMP, TXJUREPR, VLPREEMP, NRAUTDOC, NRSEQUNI, CDCOOPER, NRPAREPR, NRSEQAVA, DTESTORN, CDORIGEM, DTHRTRAN, QTDIACAL, VLTAXPER, VLTAXPRD, NRDOCLCM)
	values (to_date('26-12-2022', 'dd-mm-yyyy'), 1, 100, 650004, 99999374, 678381, 2342, 678381, 60028, 203.85, to_date('26-12-2022', 'dd-mm-yyyy'), 0.0001619, 2044.46, 0, 0, 12, 1, 0, null, 7, to_date('26-12-2022 07:01:58', 'dd-mm-yyyy hh24:mi:ss'), 0, 0.00000000, 0.00000000, 0);

	insert into craplem (DTMVTOLT, CDAGENCI, CDBCCXLT, NRDOLOTE, NRDCONTA, NRDOCMTO, CDHISTOR, NRSEQDIG, NRCTREMP, VLLANMTO, DTPAGEMP, TXJUREPR, VLPREEMP, NRAUTDOC, NRSEQUNI, CDCOOPER, NRPAREPR, NRSEQAVA, DTESTORN, CDORIGEM, DTHRTRAN, QTDIACAL, VLTAXPER, VLTAXPRD, NRDOCLCM)
	values (to_date('26-12-2022', 'dd-mm-yyyy'), 1, 100, 650004, 99999374, 678382, 2344, 678382, 60028, 454.44, to_date('26-12-2022', 'dd-mm-yyyy'), 0.0001619, 2044.46, 0, 0, 12, 1, 0, null, 7, to_date('26-12-2022 07:01:58', 'dd-mm-yyyy hh24:mi:ss'), 17, 0.00000000, 0.00866914, 0);

	insert into craplem (DTMVTOLT, CDAGENCI, CDBCCXLT, NRDOLOTE, NRDCONTA, NRDOCMTO, CDHISTOR, NRSEQDIG, NRCTREMP, VLLANMTO, DTPAGEMP, TXJUREPR, VLPREEMP, NRAUTDOC, NRSEQUNI, CDCOOPER, NRPAREPR, NRSEQAVA, DTESTORN, CDORIGEM, DTHRTRAN, QTDIACAL, VLTAXPER, VLTAXPRD, NRDOCLCM)
	values (to_date('30-12-2022', 'dd-mm-yyyy'), 1, 100, 650004, 99999374, 1172827, 2342, 1172827, 60028, 51.63, to_date('30-12-2022', 'dd-mm-yyyy'), 0.0001619, 2044.46, 0, 0, 12, 1, 0, null, 7, to_date('31-12-2022 01:39:31', 'dd-mm-yyyy hh24:mi:ss'), 0, 0.00000000, 0.00000000, 0);

	insert into craplem (DTMVTOLT, CDAGENCI, CDBCCXLT, NRDOLOTE, NRDCONTA, NRDOCMTO, CDHISTOR, NRSEQDIG, NRCTREMP, VLLANMTO, DTPAGEMP, TXJUREPR, VLPREEMP, NRAUTDOC, NRSEQUNI, CDCOOPER, NRPAREPR, NRSEQAVA, DTESTORN, CDORIGEM, DTHRTRAN, QTDIACAL, VLTAXPER, VLTAXPRD, NRDOCLCM)
	values (to_date('30-12-2022', 'dd-mm-yyyy'), 1, 100, 650004, 99825007, 1175390, 2344, 1175390, 59734, 431.13, to_date('30-12-2022', 'dd-mm-yyyy'), 0.0001619, 4456.95, 0, 0, 12, 5, 0, null, 7, to_date('31-12-2022 01:39:49', 'dd-mm-yyyy hh24:mi:ss'), 6, 0.00000000, 0.00305115, 0);

	insert into craplem (DTMVTOLT, CDAGENCI, CDBCCXLT, NRDOLOTE, NRDCONTA, NRDOCMTO, CDHISTOR, NRSEQDIG, NRCTREMP, VLLANMTO, DTPAGEMP, TXJUREPR, VLPREEMP, NRAUTDOC, NRSEQUNI, CDCOOPER, NRPAREPR, NRSEQAVA, DTESTORN, CDORIGEM, DTHRTRAN, QTDIACAL, VLTAXPER, VLTAXPRD, NRDOCLCM)
	values (to_date('22-12-2022', 'dd-mm-yyyy'), 1, 100, 650004, 99825007, 440492, 2330, 440492, 59734, 4456.95, to_date('22-12-2022', 'dd-mm-yyyy'), 0.0001619, 4456.95, 0, 4, 12, 4, 0, null, 7, to_date('22-12-2022 07:01:50', 'dd-mm-yyyy hh24:mi:ss'), 0, 0.00000000, 0.00000000, 0);

	insert into craplem (DTMVTOLT, CDAGENCI, CDBCCXLT, NRDOLOTE, NRDCONTA, NRDOCMTO, CDHISTOR, NRSEQDIG, NRCTREMP, VLLANMTO, DTPAGEMP, TXJUREPR, VLPREEMP, NRAUTDOC, NRSEQUNI, CDCOOPER, NRPAREPR, NRSEQAVA, DTESTORN, CDORIGEM, DTHRTRAN, QTDIACAL, VLTAXPER, VLTAXPRD, NRDOCLCM)
	values (to_date('22-12-2022', 'dd-mm-yyyy'), 1, 100, 650004, 99825007, 440490, 2342, 440490, 59734, 512.46, to_date('22-12-2022', 'dd-mm-yyyy'), 0.0001619, 4456.95, 0, 0, 12, 4, 0, null, 7, to_date('22-12-2022 07:01:50', 'dd-mm-yyyy hh24:mi:ss'), 0, 0.00000000, 0.00000000, 0);

	insert into craplem (DTMVTOLT, CDAGENCI, CDBCCXLT, NRDOLOTE, NRDCONTA, NRDOCMTO, CDHISTOR, NRSEQDIG, NRCTREMP, VLLANMTO, DTPAGEMP, TXJUREPR, VLPREEMP, NRAUTDOC, NRSEQUNI, CDCOOPER, NRPAREPR, NRSEQAVA, DTESTORN, CDORIGEM, DTHRTRAN, QTDIACAL, VLTAXPER, VLTAXPRD, NRDOCLCM)
	values (to_date('22-12-2022', 'dd-mm-yyyy'), 1, 100, 650004, 99825007, 440491, 2344, 440491, 59734, 1173.68, to_date('22-12-2022', 'dd-mm-yyyy'), 0.0001619, 4456.95, 0, 0, 12, 4, 0, null, 7, to_date('22-12-2022 07:01:50', 'dd-mm-yyyy hh24:mi:ss'), 16, 0.00000000, 0.00815711, 0);

	insert into craplem (DTMVTOLT, CDAGENCI, CDBCCXLT, NRDOLOTE, NRDCONTA, NRDOCMTO, CDHISTOR, NRSEQDIG, NRCTREMP, VLLANMTO, DTPAGEMP, TXJUREPR, VLPREEMP, NRAUTDOC, NRSEQUNI, CDCOOPER, NRPAREPR, NRSEQAVA, DTESTORN, CDORIGEM, DTHRTRAN, QTDIACAL, VLTAXPER, VLTAXPRD, NRDOCLCM)
	values (to_date('30-12-2022', 'dd-mm-yyyy'), 1, 100, 650004, 99825007, 1175389, 2342, 1175389, 59734, 183.11, to_date('30-12-2022', 'dd-mm-yyyy'), 0.0001619, 4456.95, 0, 0, 12, 5, 0, null, 7, to_date('31-12-2022 01:39:49', 'dd-mm-yyyy hh24:mi:ss'), 0, 0.00000000, 0.00000000, 0);

	insert into craplem (DTMVTOLT, CDAGENCI, CDBCCXLT, NRDOLOTE, NRDCONTA, NRDOCMTO, CDHISTOR, NRSEQDIG, NRCTREMP, VLLANMTO, DTPAGEMP, TXJUREPR, VLPREEMP, NRAUTDOC, NRSEQUNI, CDCOOPER, NRPAREPR, NRSEQAVA, DTESTORN, CDORIGEM, DTHRTRAN, QTDIACAL, VLTAXPER, VLTAXPRD, NRDOCLCM)
	values (to_date('30-12-2022', 'dd-mm-yyyy'), 5, 100, 650004, 99801760, 1175585, 2344, 1175585, 59780, 78.37, to_date('30-12-2022', 'dd-mm-yyyy'), 0.0001619, 1185.95, 0, 0, 12, 1, 0, null, 7, to_date('31-12-2022 01:39:51', 'dd-mm-yyyy hh24:mi:ss'), 5, 0.00000000, 0.00254198, 0);

	insert into craplem (DTMVTOLT, CDAGENCI, CDBCCXLT, NRDOLOTE, NRDCONTA, NRDOCMTO, CDHISTOR, NRSEQDIG, NRCTREMP, VLLANMTO, DTPAGEMP, TXJUREPR, VLPREEMP, NRAUTDOC, NRSEQUNI, CDCOOPER, NRPAREPR, NRSEQAVA, DTESTORN, CDORIGEM, DTHRTRAN, QTDIACAL, VLTAXPER, VLTAXPRD, NRDOCLCM)
	values (to_date('23-12-2022', 'dd-mm-yyyy'), 5, 100, 650004, 99801760, 546173, 2342, 546173, 59780, 113.31, to_date('23-12-2022', 'dd-mm-yyyy'), 0.0001619, 1185.95, 0, 0, 12, 1, 0, null, 7, to_date('23-12-2022 07:01:58', 'dd-mm-yyyy hh24:mi:ss'), 0, 0.00000000, 0.00000000, 0);

	insert into craplem (DTMVTOLT, CDAGENCI, CDBCCXLT, NRDOLOTE, NRDCONTA, NRDOCMTO, CDHISTOR, NRSEQDIG, NRCTREMP, VLLANMTO, DTPAGEMP, TXJUREPR, VLPREEMP, NRAUTDOC, NRSEQUNI, CDCOOPER, NRPAREPR, NRSEQAVA, DTESTORN, CDORIGEM, DTHRTRAN, QTDIACAL, VLTAXPER, VLTAXPRD, NRDOCLCM)
	values (to_date('23-12-2022', 'dd-mm-yyyy'), 5, 100, 650004, 99801760, 546174, 2344, 546174, 59780, 263.71, to_date('23-12-2022', 'dd-mm-yyyy'), 0.0001619, 1185.95, 0, 0, 12, 1, 0, null, 7, to_date('23-12-2022 07:01:58', 'dd-mm-yyyy hh24:mi:ss'), 17, 0.00000000, 0.00866914, 0);

	insert into craplem (DTMVTOLT, CDAGENCI, CDBCCXLT, NRDOLOTE, NRDCONTA, NRDOCMTO, CDHISTOR, NRSEQDIG, NRCTREMP, VLLANMTO, DTPAGEMP, TXJUREPR, VLPREEMP, NRAUTDOC, NRSEQUNI, CDCOOPER, NRPAREPR, NRSEQAVA, DTESTORN, CDORIGEM, DTHRTRAN, QTDIACAL, VLTAXPER, VLTAXPRD, NRDOCLCM)
	values (to_date('30-12-2022', 'dd-mm-yyyy'), 5, 100, 650004, 99801760, 1175584, 2342, 1175584, 59780, 34.96, to_date('30-12-2022', 'dd-mm-yyyy'), 0.0001619, 1185.95, 0, 0, 12, 1, 0, null, 7, to_date('31-12-2022 01:39:51', 'dd-mm-yyyy hh24:mi:ss'), 0, 0.00000000, 0.00000000, 0);

	insert into craplem (DTMVTOLT, CDAGENCI, CDBCCXLT, NRDOLOTE, NRDCONTA, NRDOCMTO, CDHISTOR, NRSEQDIG, NRCTREMP, VLLANMTO, DTPAGEMP, TXJUREPR, VLPREEMP, NRAUTDOC, NRSEQUNI, CDCOOPER, NRPAREPR, NRSEQAVA, DTESTORN, CDORIGEM, DTHRTRAN, QTDIACAL, VLTAXPER, VLTAXPRD, NRDOCLCM)
	values (to_date('31-01-2023', 'dd-mm-yyyy'), 1, 100, 650004, 99999374, 7668707, 2344, 7668707, 60028, 137.16, to_date('31-01-2023', 'dd-mm-yyyy'), 0.0001619, 2044.46, 0, 0, 12, 1, 0, null, 7, to_date('01-02-2023 01:59:43', 'dd-mm-yyyy hh24:mi:ss'), 5, 0.00000000, 0.00254198, 0);

	insert into craplem (DTMVTOLT, CDAGENCI, CDBCCXLT, NRDOLOTE, NRDCONTA, NRDOCMTO, CDHISTOR, NRSEQDIG, NRCTREMP, VLLANMTO, DTPAGEMP, TXJUREPR, VLPREEMP, NRAUTDOC, NRSEQUNI, CDCOOPER, NRPAREPR, NRSEQAVA, DTESTORN, CDORIGEM, DTHRTRAN, QTDIACAL, VLTAXPER, VLTAXPRD, NRDOCLCM)
	values (to_date('24-01-2023', 'dd-mm-yyyy'), 1, 100, 650004, 99999374, 6998625, 2342, 6998625, 60028, 207.02, to_date('24-01-2023', 'dd-mm-yyyy'), 0.0001619, 2044.46, 0, 0, 12, 1, 0, null, 7, to_date('24-01-2023 07:02:13', 'dd-mm-yyyy hh24:mi:ss'), 0, 0.00000000, 0.00000000, 0);

	insert into craplem (DTMVTOLT, CDAGENCI, CDBCCXLT, NRDOLOTE, NRDCONTA, NRDOCMTO, CDHISTOR, NRSEQDIG, NRCTREMP, VLLANMTO, DTPAGEMP, TXJUREPR, VLPREEMP, NRAUTDOC, NRSEQUNI, CDCOOPER, NRPAREPR, NRSEQAVA, DTESTORN, CDORIGEM, DTHRTRAN, QTDIACAL, VLTAXPER, VLTAXPRD, NRDOCLCM)
	values (to_date('24-01-2023', 'dd-mm-yyyy'), 1, 100, 650004, 99999374, 6998626, 2344, 6998626, 60028, 461.52, to_date('24-01-2023', 'dd-mm-yyyy'), 0.0001619, 2044.46, 0, 0, 12, 1, 0, null, 7, to_date('24-01-2023 07:02:13', 'dd-mm-yyyy hh24:mi:ss'), 17, 0.00000000, 0.00866914, 0);

	insert into craplem (DTMVTOLT, CDAGENCI, CDBCCXLT, NRDOLOTE, NRDCONTA, NRDOCMTO, CDHISTOR, NRSEQDIG, NRCTREMP, VLLANMTO, DTPAGEMP, TXJUREPR, VLPREEMP, NRAUTDOC, NRSEQUNI, CDCOOPER, NRPAREPR, NRSEQAVA, DTESTORN, CDORIGEM, DTHRTRAN, QTDIACAL, VLTAXPER, VLTAXPRD, NRDOCLCM)
	values (to_date('31-01-2023', 'dd-mm-yyyy'), 1, 100, 650004, 99999374, 7668706, 2342, 7668706, 60028, 52.44, to_date('31-01-2023', 'dd-mm-yyyy'), 0.0001619, 2044.46, 0, 0, 12, 1, 0, null, 7, to_date('01-02-2023 01:59:43', 'dd-mm-yyyy hh24:mi:ss'), 0, 0.00000000, 0.00000000, 0);

	insert into craplem (DTMVTOLT, CDAGENCI, CDBCCXLT, NRDOLOTE, NRDCONTA, NRDOCMTO, CDHISTOR, NRSEQDIG, NRCTREMP, VLLANMTO, DTPAGEMP, TXJUREPR, VLPREEMP, NRAUTDOC, NRSEQUNI, CDCOOPER, NRPAREPR, NRSEQAVA, DTESTORN, CDORIGEM, DTHRTRAN, QTDIACAL, VLTAXPER, VLTAXPRD, NRDOCLCM)
	values (to_date('31-01-2023', 'dd-mm-yyyy'), 1, 100, 650004, 99825007, 7671287, 2344, 7671287, 59734, 495.08, to_date('31-01-2023', 'dd-mm-yyyy'), 0.0001619, 4456.95, 0, 0, 12, 6, 0, null, 7, to_date('01-02-2023 01:59:54', 'dd-mm-yyyy hh24:mi:ss'), 7, 0.00000000, 0.00356058, 0);

	insert into craplem (DTMVTOLT, CDAGENCI, CDBCCXLT, NRDOLOTE, NRDCONTA, NRDOCMTO, CDHISTOR, NRSEQDIG, NRCTREMP, VLLANMTO, DTPAGEMP, TXJUREPR, VLPREEMP, NRAUTDOC, NRSEQUNI, CDCOOPER, NRPAREPR, NRSEQAVA, DTESTORN, CDORIGEM, DTHRTRAN, QTDIACAL, VLTAXPER, VLTAXPRD, NRDOCLCM)
	values (to_date('23-01-2023', 'dd-mm-yyyy'), 1, 100, 650004, 99825007, 6850614, 2330, 6850614, 59734, 4456.95, to_date('23-01-2023', 'dd-mm-yyyy'), 0.0001619, 4456.95, 0, 5, 12, 5, 0, null, 7, to_date('23-01-2023 07:03:36', 'dd-mm-yyyy hh24:mi:ss'), 0, 0.00000000, 0.00000000, 0);

	insert into craplem (DTMVTOLT, CDAGENCI, CDBCCXLT, NRDOLOTE, NRDCONTA, NRDOCMTO, CDHISTOR, NRSEQDIG, NRCTREMP, VLLANMTO, DTPAGEMP, TXJUREPR, VLPREEMP, NRAUTDOC, NRSEQUNI, CDCOOPER, NRPAREPR, NRSEQAVA, DTESTORN, CDORIGEM, DTHRTRAN, QTDIACAL, VLTAXPER, VLTAXPRD, NRDOCLCM)
	values (to_date('23-01-2023', 'dd-mm-yyyy'), 1, 100, 650004, 99825007, 6850612, 2342, 6850612, 59734, 504.79, to_date('23-01-2023', 'dd-mm-yyyy'), 0.0001619, 4456.95, 0, 0, 12, 5, 0, null, 7, to_date('23-01-2023 07:03:36', 'dd-mm-yyyy hh24:mi:ss'), 0, 0.00000000, 0.00000000, 0);

	insert into craplem (DTMVTOLT, CDAGENCI, CDBCCXLT, NRDOLOTE, NRDCONTA, NRDOCMTO, CDHISTOR, NRSEQDIG, NRCTREMP, VLLANMTO, DTPAGEMP, TXJUREPR, VLPREEMP, NRAUTDOC, NRSEQUNI, CDCOOPER, NRPAREPR, NRSEQAVA, DTESTORN, CDORIGEM, DTHRTRAN, QTDIACAL, VLTAXPER, VLTAXPRD, NRDOCLCM)
	values (to_date('23-01-2023', 'dd-mm-yyyy'), 1, 100, 650004, 99825007, 6850613, 2344, 6850613, 59734, 1083.58, to_date('23-01-2023', 'dd-mm-yyyy'), 0.0001619, 4456.95, 0, 0, 12, 5, 0, null, 7, to_date('23-01-2023 07:03:36', 'dd-mm-yyyy hh24:mi:ss'), 15, 0.00000000, 0.00764535, 0);

	insert into craplem (DTMVTOLT, CDAGENCI, CDBCCXLT, NRDOLOTE, NRDCONTA, NRDOCMTO, CDHISTOR, NRSEQDIG, NRCTREMP, VLLANMTO, DTPAGEMP, TXJUREPR, VLPREEMP, NRAUTDOC, NRSEQUNI, CDCOOPER, NRPAREPR, NRSEQAVA, DTESTORN, CDORIGEM, DTHRTRAN, QTDIACAL, VLTAXPER, VLTAXPRD, NRDOCLCM)
	values (to_date('31-01-2023', 'dd-mm-yyyy'), 1, 100, 650004, 99825007, 7671286, 2342, 7671286, 59734, 180.19, to_date('31-01-2023', 'dd-mm-yyyy'), 0.0001619, 4456.95, 0, 0, 12, 6, 0, null, 7, to_date('01-02-2023 01:59:54', 'dd-mm-yyyy hh24:mi:ss'), 0, 0.00000000, 0.00000000, 0);

	insert into craplem (DTMVTOLT, CDAGENCI, CDBCCXLT, NRDOLOTE, NRDCONTA, NRDOCMTO, CDHISTOR, NRSEQDIG, NRCTREMP, VLLANMTO, DTPAGEMP, TXJUREPR, VLPREEMP, NRAUTDOC, NRSEQUNI, CDCOOPER, NRPAREPR, NRSEQAVA, DTESTORN, CDORIGEM, DTHRTRAN, QTDIACAL, VLTAXPER, VLTAXPRD, NRDOCLCM)
	values (to_date('23-01-2023', 'dd-mm-yyyy'), 5, 100, 650004, 99801760, 6850623, 2342, 6850623, 59780, 115.14, to_date('23-01-2023', 'dd-mm-yyyy'), 0.0001619, 1185.95, 0, 0, 12, 1, 0, null, 7, to_date('23-01-2023 07:03:37', 'dd-mm-yyyy hh24:mi:ss'), 0, 0.00000000, 0.00000000, 0);

	insert into craplem (DTMVTOLT, CDAGENCI, CDBCCXLT, NRDOLOTE, NRDCONTA, NRDOCMTO, CDHISTOR, NRSEQDIG, NRCTREMP, VLLANMTO, DTPAGEMP, TXJUREPR, VLPREEMP, NRAUTDOC, NRSEQUNI, CDCOOPER, NRPAREPR, NRSEQAVA, DTESTORN, CDORIGEM, DTHRTRAN, QTDIACAL, VLTAXPER, VLTAXPRD, NRDOCLCM)
	values (to_date('23-01-2023', 'dd-mm-yyyy'), 5, 100, 650004, 99801760, 6850624, 2344, 6850624, 59780, 252.13, to_date('23-01-2023', 'dd-mm-yyyy'), 0.0001619, 1185.95, 0, 0, 12, 1, 0, null, 7, to_date('23-01-2023 07:03:37', 'dd-mm-yyyy hh24:mi:ss'), 16, 0.00000000, 0.00815711, 0);

	insert into craplem (DTMVTOLT, CDAGENCI, CDBCCXLT, NRDOLOTE, NRDCONTA, NRDOCMTO, CDHISTOR, NRSEQDIG, NRCTREMP, VLLANMTO, DTPAGEMP, TXJUREPR, VLPREEMP, NRAUTDOC, NRSEQUNI, CDCOOPER, NRPAREPR, NRSEQAVA, DTESTORN, CDORIGEM, DTHRTRAN, QTDIACAL, VLTAXPER, VLTAXPRD, NRDOCLCM)
	values (to_date('31-01-2023', 'dd-mm-yyyy'), 5, 100, 650004, 99801760, 7671487, 2344, 7671487, 59780, 95.53, to_date('31-01-2023', 'dd-mm-yyyy'), 0.0001619, 1185.95, 0, 0, 12, 1, 0, null, 7, to_date('01-02-2023 01:59:55', 'dd-mm-yyyy hh24:mi:ss'), 6, 0.00000000, 0.00305115, 0);

	insert into craplem (DTMVTOLT, CDAGENCI, CDBCCXLT, NRDOLOTE, NRDCONTA, NRDOCMTO, CDHISTOR, NRSEQDIG, NRCTREMP, VLLANMTO, DTPAGEMP, TXJUREPR, VLPREEMP, NRAUTDOC, NRSEQUNI, CDCOOPER, NRPAREPR, NRSEQAVA, DTESTORN, CDORIGEM, DTHRTRAN, QTDIACAL, VLTAXPER, VLTAXPRD, NRDOCLCM)
	values (to_date('31-01-2023', 'dd-mm-yyyy'), 5, 100, 650004, 99801760, 7671486, 2342, 7671486, 59780, 35.50, to_date('31-01-2023', 'dd-mm-yyyy'), 0.0001619, 1185.95, 0, 0, 12, 1, 0, null, 7, to_date('01-02-2023 01:59:55', 'dd-mm-yyyy hh24:mi:ss'), 0, 0.00000000, 0.00000000, 0);

	insert into craplem (DTMVTOLT, CDAGENCI, CDBCCXLT, NRDOLOTE, NRDCONTA, NRDOCMTO, CDHISTOR, NRSEQDIG, NRCTREMP, VLLANMTO, DTPAGEMP, TXJUREPR, VLPREEMP, NRAUTDOC, NRSEQUNI, CDCOOPER, NRPAREPR, NRSEQAVA, DTESTORN, CDORIGEM, DTHRTRAN, QTDIACAL, VLTAXPER, VLTAXPRD, NRDOCLCM)
	values (to_date('28-02-2023', 'dd-mm-yyyy'), 1, 100, 650004, 99999374, 2832047, 2344, 2832047, 60028, 55.68, to_date('28-02-2023', 'dd-mm-yyyy'), 0.0001619, 2044.46, 0, 0, 12, 1, 0, null, 7, to_date('01-03-2023 01:11:06', 'dd-mm-yyyy hh24:mi:ss'), 2, 0.00000000, 0.00101602, 0);

	insert into craplem (DTMVTOLT, CDAGENCI, CDBCCXLT, NRDOLOTE, NRDCONTA, NRDOCMTO, CDHISTOR, NRSEQDIG, NRCTREMP, VLLANMTO, DTPAGEMP, TXJUREPR, VLPREEMP, NRAUTDOC, NRSEQUNI, CDCOOPER, NRPAREPR, NRSEQAVA, DTESTORN, CDORIGEM, DTHRTRAN, QTDIACAL, VLTAXPER, VLTAXPRD, NRDOCLCM)
	values (to_date('24-02-2023', 'dd-mm-yyyy'), 1, 100, 650004, 99999374, 2353685, 2342, 2353685, 60028, 210.25, to_date('24-02-2023', 'dd-mm-yyyy'), 0.0001619, 2044.46, 0, 0, 12, 1, 0, null, 7, to_date('24-02-2023 07:04:20', 'dd-mm-yyyy hh24:mi:ss'), 0, 0.00000000, 0.00000000, 0);

	insert into craplem (DTMVTOLT, CDAGENCI, CDBCCXLT, NRDOLOTE, NRDCONTA, NRDOCMTO, CDHISTOR, NRSEQDIG, NRCTREMP, VLLANMTO, DTPAGEMP, TXJUREPR, VLPREEMP, NRAUTDOC, NRSEQUNI, CDCOOPER, NRPAREPR, NRSEQAVA, DTESTORN, CDORIGEM, DTHRTRAN, QTDIACAL, VLTAXPER, VLTAXPRD, NRDOCLCM)
	values (to_date('24-02-2023', 'dd-mm-yyyy'), 1, 100, 650004, 99999374, 2353686, 2344, 2353686, 60028, 441.25, to_date('24-02-2023', 'dd-mm-yyyy'), 0.0001619, 2044.46, 0, 0, 12, 1, 0, null, 7, to_date('24-02-2023 07:04:20', 'dd-mm-yyyy hh24:mi:ss'), 16, 0.00000000, 0.00815711, 0);

	insert into craplem (DTMVTOLT, CDAGENCI, CDBCCXLT, NRDOLOTE, NRDCONTA, NRDOCMTO, CDHISTOR, NRSEQDIG, NRCTREMP, VLLANMTO, DTPAGEMP, TXJUREPR, VLPREEMP, NRAUTDOC, NRSEQUNI, CDCOOPER, NRPAREPR, NRSEQAVA, DTESTORN, CDORIGEM, DTHRTRAN, QTDIACAL, VLTAXPER, VLTAXPRD, NRDOCLCM)
	values (to_date('28-02-2023', 'dd-mm-yyyy'), 1, 100, 650004, 99999374, 2832046, 2342, 2832046, 60028, 53.25, to_date('28-02-2023', 'dd-mm-yyyy'), 0.0001619, 2044.46, 0, 0, 12, 1, 0, null, 7, to_date('01-03-2023 01:11:06', 'dd-mm-yyyy hh24:mi:ss'), 0, 0.00000000, 0.00000000, 0);

	insert into craplem (DTMVTOLT, CDAGENCI, CDBCCXLT, NRDOLOTE, NRDCONTA, NRDOCMTO, CDHISTOR, NRSEQDIG, NRCTREMP, VLLANMTO, DTPAGEMP, TXJUREPR, VLPREEMP, NRAUTDOC, NRSEQUNI, CDCOOPER, NRPAREPR, NRSEQAVA, DTESTORN, CDORIGEM, DTHRTRAN, QTDIACAL, VLTAXPER, VLTAXPRD, NRDOCLCM)
	values (to_date('28-02-2023', 'dd-mm-yyyy'), 1, 100, 650004, 99825007, 2834661, 2344, 2834661, 59734, 278.03, to_date('28-02-2023', 'dd-mm-yyyy'), 0.0001619, 4456.95, 0, 0, 12, 7, 0, null, 7, to_date('01-03-2023 01:11:18', 'dd-mm-yyyy hh24:mi:ss'), 4, 0.00000000, 0.00203307, 0);

	insert into craplem (DTMVTOLT, CDAGENCI, CDBCCXLT, NRDOLOTE, NRDCONTA, NRDOCMTO, CDHISTOR, NRSEQDIG, NRCTREMP, VLLANMTO, DTPAGEMP, TXJUREPR, VLPREEMP, NRAUTDOC, NRSEQUNI, CDCOOPER, NRPAREPR, NRSEQAVA, DTESTORN, CDORIGEM, DTHRTRAN, QTDIACAL, VLTAXPER, VLTAXPRD, NRDOCLCM)
	values (to_date('22-02-2023', 'dd-mm-yyyy'), 1, 100, 650004, 99825007, 1947386, 2330, 1947386, 59734, 4456.95, to_date('22-02-2023', 'dd-mm-yyyy'), 0.0001619, 4456.95, 0, 6, 12, 6, 0, null, 7, to_date('22-02-2023 07:03:49', 'dd-mm-yyyy hh24:mi:ss'), 0, 0.00000000, 0.00000000, 0);

	insert into craplem (DTMVTOLT, CDAGENCI, CDBCCXLT, NRDOLOTE, NRDCONTA, NRDOCMTO, CDHISTOR, NRSEQDIG, NRCTREMP, VLLANMTO, DTPAGEMP, TXJUREPR, VLPREEMP, NRAUTDOC, NRSEQUNI, CDCOOPER, NRPAREPR, NRSEQAVA, DTESTORN, CDORIGEM, DTHRTRAN, QTDIACAL, VLTAXPER, VLTAXPRD, NRDOCLCM)
	values (to_date('22-02-2023', 'dd-mm-yyyy'), 1, 100, 650004, 99825007, 1947384, 2342, 1947384, 59734, 496.74, to_date('22-02-2023', 'dd-mm-yyyy'), 0.0001619, 4456.95, 0, 0, 12, 6, 0, null, 7, to_date('22-02-2023 07:03:49', 'dd-mm-yyyy hh24:mi:ss'), 0, 0.00000000, 0.00000000, 0);

	insert into craplem (DTMVTOLT, CDAGENCI, CDBCCXLT, NRDOLOTE, NRDCONTA, NRDOCMTO, CDHISTOR, NRSEQDIG, NRCTREMP, VLLANMTO, DTPAGEMP, TXJUREPR, VLPREEMP, NRAUTDOC, NRSEQUNI, CDCOOPER, NRPAREPR, NRSEQAVA, DTESTORN, CDORIGEM, DTHRTRAN, QTDIACAL, VLTAXPER, VLTAXPRD, NRDOCLCM)
	values (to_date('22-02-2023', 'dd-mm-yyyy'), 1, 100, 650004, 99825007, 1947385, 2344, 1947385, 59734, 995.46, to_date('22-02-2023', 'dd-mm-yyyy'), 0.0001619, 4456.95, 0, 0, 12, 6, 0, null, 7, to_date('22-02-2023 07:03:49', 'dd-mm-yyyy hh24:mi:ss'), 14, 0.00000000, 0.00713385, 0);

	insert into craplem (DTMVTOLT, CDAGENCI, CDBCCXLT, NRDOLOTE, NRDCONTA, NRDOCMTO, CDHISTOR, NRSEQDIG, NRCTREMP, VLLANMTO, DTPAGEMP, TXJUREPR, VLPREEMP, NRAUTDOC, NRSEQUNI, CDCOOPER, NRPAREPR, NRSEQAVA, DTESTORN, CDORIGEM, DTHRTRAN, QTDIACAL, VLTAXPER, VLTAXPRD, NRDOCLCM)
	values (to_date('28-02-2023', 'dd-mm-yyyy'), 1, 100, 650004, 99825007, 2834660, 2342, 2834660, 59734, 177.23, to_date('28-02-2023', 'dd-mm-yyyy'), 0.0001619, 4456.95, 0, 0, 12, 7, 0, null, 7, to_date('01-03-2023 01:11:18', 'dd-mm-yyyy hh24:mi:ss'), 0, 0.00000000, 0.00000000, 0);

	insert into craplem (DTMVTOLT, CDAGENCI, CDBCCXLT, NRDOLOTE, NRDCONTA, NRDOCMTO, CDHISTOR, NRSEQDIG, NRCTREMP, VLLANMTO, DTPAGEMP, TXJUREPR, VLPREEMP, NRAUTDOC, NRSEQUNI, CDCOOPER, NRPAREPR, NRSEQAVA, DTESTORN, CDORIGEM, DTHRTRAN, QTDIACAL, VLTAXPER, VLTAXPRD, NRDOCLCM)
	values (to_date('28-02-2023', 'dd-mm-yyyy'), 5, 100, 650004, 99801760, 2834862, 2344, 2834862, 59780, 48.48, to_date('28-02-2023', 'dd-mm-yyyy'), 0.0001619, 1185.95, 0, 0, 12, 1, 0, null, 7, to_date('01-03-2023 01:11:19', 'dd-mm-yyyy hh24:mi:ss'), 3, 0.00000000, 0.00152442, 0);

	insert into craplem (DTMVTOLT, CDAGENCI, CDBCCXLT, NRDOLOTE, NRDCONTA, NRDOCMTO, CDHISTOR, NRSEQDIG, NRCTREMP, VLLANMTO, DTPAGEMP, TXJUREPR, VLPREEMP, NRAUTDOC, NRSEQUNI, CDCOOPER, NRPAREPR, NRSEQAVA, DTESTORN, CDORIGEM, DTHRTRAN, QTDIACAL, VLTAXPER, VLTAXPRD, NRDOCLCM)
	values (to_date('23-02-2023', 'dd-mm-yyyy'), 5, 100, 650004, 99801760, 2256863, 2342, 2256863, 59780, 116.93, to_date('23-02-2023', 'dd-mm-yyyy'), 0.0001619, 1185.95, 0, 0, 12, 1, 0, null, 7, to_date('23-02-2023 07:02:36', 'dd-mm-yyyy hh24:mi:ss'), 0, 0.00000000, 0.00000000, 0);

	insert into craplem (DTMVTOLT, CDAGENCI, CDBCCXLT, NRDOLOTE, NRDCONTA, NRDOCMTO, CDHISTOR, NRSEQDIG, NRCTREMP, VLLANMTO, DTPAGEMP, TXJUREPR, VLPREEMP, NRAUTDOC, NRSEQUNI, CDCOOPER, NRPAREPR, NRSEQAVA, DTESTORN, CDORIGEM, DTHRTRAN, QTDIACAL, VLTAXPER, VLTAXPRD, NRDOCLCM)
	values (to_date('23-02-2023', 'dd-mm-yyyy'), 5, 100, 650004, 99801760, 2256864, 2344, 2256864, 59780, 240.11, to_date('23-02-2023', 'dd-mm-yyyy'), 0.0001619, 1185.95, 0, 0, 12, 1, 0, null, 7, to_date('23-02-2023 07:02:36', 'dd-mm-yyyy hh24:mi:ss'), 15, 0.00000000, 0.00764535, 0);

	insert into craplem (DTMVTOLT, CDAGENCI, CDBCCXLT, NRDOLOTE, NRDCONTA, NRDOCMTO, CDHISTOR, NRSEQDIG, NRCTREMP, VLLANMTO, DTPAGEMP, TXJUREPR, VLPREEMP, NRAUTDOC, NRSEQUNI, CDCOOPER, NRPAREPR, NRSEQAVA, DTESTORN, CDORIGEM, DTHRTRAN, QTDIACAL, VLTAXPER, VLTAXPRD, NRDOCLCM)
	values (to_date('28-02-2023', 'dd-mm-yyyy'), 5, 100, 650004, 99801760, 2834861, 2342, 2834861, 59780, 36.06, to_date('28-02-2023', 'dd-mm-yyyy'), 0.0001619, 1185.95, 0, 0, 12, 1, 0, null, 7, to_date('01-03-2023 01:11:19', 'dd-mm-yyyy hh24:mi:ss'), 0, 0.00000000, 0.00000000, 0);

	insert into craplem (DTMVTOLT, CDAGENCI, CDBCCXLT, NRDOLOTE, NRDCONTA, NRDOCMTO, CDHISTOR, NRSEQDIG, NRCTREMP, VLLANMTO, DTPAGEMP, TXJUREPR, VLPREEMP, NRAUTDOC, NRSEQUNI, CDCOOPER, NRPAREPR, NRSEQAVA, DTESTORN, CDORIGEM, DTHRTRAN, QTDIACAL, VLTAXPER, VLTAXPRD, NRDOCLCM)
	values (to_date('31-03-2023', 'dd-mm-yyyy'), 1, 100, 650004, 99999374, 8342207, 2344, 8342207, 60028, 141.40, to_date('31-03-2023', 'dd-mm-yyyy'), 0.0001619, 2044.46, 0, 0, 12, 1, 0, null, 7, to_date('01-04-2023 01:17:58', 'dd-mm-yyyy hh24:mi:ss'), 5, 0.00000000, 0.00254198, 0);

	insert into craplem (DTMVTOLT, CDAGENCI, CDBCCXLT, NRDOLOTE, NRDCONTA, NRDOCMTO, CDHISTOR, NRSEQDIG, NRCTREMP, VLLANMTO, DTPAGEMP, TXJUREPR, VLPREEMP, NRAUTDOC, NRSEQUNI, CDCOOPER, NRPAREPR, NRSEQAVA, DTESTORN, CDORIGEM, DTHRTRAN, QTDIACAL, VLTAXPER, VLTAXPRD, NRDOCLCM)
	values (to_date('24-03-2023', 'dd-mm-yyyy'), 1, 100, 650004, 99999374, 7625933, 2342, 7625933, 60028, 213.53, to_date('24-03-2023', 'dd-mm-yyyy'), 0.0001619, 2044.46, 0, 0, 12, 1, 0, null, 7, to_date('24-03-2023 07:01:30', 'dd-mm-yyyy hh24:mi:ss'), 0, 0.00000000, 0.00000000, 0);

	insert into craplem (DTMVTOLT, CDAGENCI, CDBCCXLT, NRDOLOTE, NRDCONTA, NRDOCMTO, CDHISTOR, NRSEQDIG, NRCTREMP, VLLANMTO, DTPAGEMP, TXJUREPR, VLPREEMP, NRAUTDOC, NRSEQUNI, CDCOOPER, NRPAREPR, NRSEQAVA, DTESTORN, CDORIGEM, DTHRTRAN, QTDIACAL, VLTAXPER, VLTAXPRD, NRDOCLCM)
	values (to_date('24-03-2023', 'dd-mm-yyyy'), 1, 100, 650004, 99999374, 7625934, 2344, 7625934, 60028, 503.64, to_date('24-03-2023', 'dd-mm-yyyy'), 0.0001619, 2044.46, 0, 0, 12, 1, 0, null, 7, to_date('24-03-2023 07:01:30', 'dd-mm-yyyy hh24:mi:ss'), 18, 0.00000000, 0.00918142, 0);

	insert into craplem (DTMVTOLT, CDAGENCI, CDBCCXLT, NRDOLOTE, NRDCONTA, NRDOCMTO, CDHISTOR, NRSEQDIG, NRCTREMP, VLLANMTO, DTPAGEMP, TXJUREPR, VLPREEMP, NRAUTDOC, NRSEQUNI, CDCOOPER, NRPAREPR, NRSEQAVA, DTESTORN, CDORIGEM, DTHRTRAN, QTDIACAL, VLTAXPER, VLTAXPRD, NRDOCLCM)
	values (to_date('31-03-2023', 'dd-mm-yyyy'), 1, 100, 650004, 99999374, 8342206, 2342, 8342206, 60028, 54.06, to_date('31-03-2023', 'dd-mm-yyyy'), 0.0001619, 2044.46, 0, 0, 12, 1, 0, null, 7, to_date('01-04-2023 01:17:58', 'dd-mm-yyyy hh24:mi:ss'), 0, 0.00000000, 0.00000000, 0);

	insert into craplem (DTMVTOLT, CDAGENCI, CDBCCXLT, NRDOLOTE, NRDCONTA, NRDOCMTO, CDHISTOR, NRSEQDIG, NRCTREMP, VLLANMTO, DTPAGEMP, TXJUREPR, VLPREEMP, NRAUTDOC, NRSEQUNI, CDCOOPER, NRPAREPR, NRSEQAVA, DTESTORN, CDORIGEM, DTHRTRAN, QTDIACAL, VLTAXPER, VLTAXPRD, NRDOCLCM)
	values (to_date('31-03-2023', 'dd-mm-yyyy'), 1, 100, 650004, 99825007, 8355872, 2344, 8355872, 59734, 478.40, to_date('31-03-2023', 'dd-mm-yyyy'), 0.0001619, 4456.96, 0, 0, 12, 8, 0, null, 7, to_date('01-04-2023 01:18:15', 'dd-mm-yyyy hh24:mi:ss'), 7, 0.00000000, 0.00356058, 0);

	insert into craplem (DTMVTOLT, CDAGENCI, CDBCCXLT, NRDOLOTE, NRDCONTA, NRDOCMTO, CDHISTOR, NRSEQDIG, NRCTREMP, VLLANMTO, DTPAGEMP, TXJUREPR, VLPREEMP, NRAUTDOC, NRSEQUNI, CDCOOPER, NRPAREPR, NRSEQAVA, DTESTORN, CDORIGEM, DTHRTRAN, QTDIACAL, VLTAXPER, VLTAXPRD, NRDOCLCM)
	values (to_date('22-03-2023', 'dd-mm-yyyy'), 1, 100, 650004, 99825007, 7447089, 2330, 7447089, 59734, 4456.95, to_date('22-03-2023', 'dd-mm-yyyy'), 0.0001619, 4456.95, 0, 7, 12, 7, 0, null, 7, to_date('22-03-2023 07:01:46', 'dd-mm-yyyy hh24:mi:ss'), 0, 0.00000000, 0.00000000, 0);

	insert into craplem (DTMVTOLT, CDAGENCI, CDBCCXLT, NRDOLOTE, NRDCONTA, NRDOCMTO, CDHISTOR, NRSEQDIG, NRCTREMP, VLLANMTO, DTPAGEMP, TXJUREPR, VLPREEMP, NRAUTDOC, NRSEQUNI, CDCOOPER, NRPAREPR, NRSEQAVA, DTESTORN, CDORIGEM, DTHRTRAN, QTDIACAL, VLTAXPER, VLTAXPRD, NRDOCLCM)
	values (to_date('22-03-2023', 'dd-mm-yyyy'), 1, 100, 650004, 99825007, 7447087, 2342, 7447087, 59734, 488.56, to_date('22-03-2023', 'dd-mm-yyyy'), 0.0001619, 4456.95, 0, 0, 12, 7, 0, null, 7, to_date('22-03-2023 07:01:46', 'dd-mm-yyyy hh24:mi:ss'), 0, 0.00000000, 0.00000000, 0);

	insert into craplem (DTMVTOLT, CDAGENCI, CDBCCXLT, NRDOLOTE, NRDCONTA, NRDOCMTO, CDHISTOR, NRSEQDIG, NRCTREMP, VLLANMTO, DTPAGEMP, TXJUREPR, VLPREEMP, NRAUTDOC, NRSEQUNI, CDCOOPER, NRPAREPR, NRSEQAVA, DTESTORN, CDORIGEM, DTHRTRAN, QTDIACAL, VLTAXPER, VLTAXPRD, NRDOCLCM)
	values (to_date('22-03-2023', 'dd-mm-yyyy'), 1, 100, 650004, 99825007, 7447088, 2344, 7447088, 59734, 1117.80, to_date('22-03-2023', 'dd-mm-yyyy'), 0.0001619, 4456.95, 0, 0, 12, 7, 0, null, 7, to_date('22-03-2023 07:01:46', 'dd-mm-yyyy hh24:mi:ss'), 16, 0.00000000, 0.00815711, 0);

	insert into craplem (DTMVTOLT, CDAGENCI, CDBCCXLT, NRDOLOTE, NRDCONTA, NRDOCMTO, CDHISTOR, NRSEQDIG, NRCTREMP, VLLANMTO, DTPAGEMP, TXJUREPR, VLPREEMP, NRAUTDOC, NRSEQUNI, CDCOOPER, NRPAREPR, NRSEQAVA, DTESTORN, CDORIGEM, DTHRTRAN, QTDIACAL, VLTAXPER, VLTAXPRD, NRDOCLCM)
	values (to_date('31-03-2023', 'dd-mm-yyyy'), 1, 100, 650004, 99825007, 8355871, 2342, 8355871, 59734, 174.12, to_date('31-03-2023', 'dd-mm-yyyy'), 0.0001619, 4456.96, 0, 0, 12, 8, 0, null, 7, to_date('01-04-2023 01:18:15', 'dd-mm-yyyy hh24:mi:ss'), 0, 0.00000000, 0.00000000, 0);

	insert into craplem (DTMVTOLT, CDAGENCI, CDBCCXLT, NRDOLOTE, NRDCONTA, NRDOCMTO, CDHISTOR, NRSEQDIG, NRCTREMP, VLLANMTO, DTPAGEMP, TXJUREPR, VLPREEMP, NRAUTDOC, NRSEQUNI, CDCOOPER, NRPAREPR, NRSEQAVA, DTESTORN, CDORIGEM, DTHRTRAN, QTDIACAL, VLTAXPER, VLTAXPRD, NRDOCLCM)
	values (to_date('31-03-2023', 'dd-mm-yyyy'), 5, 100, 650004, 99801760, 8356082, 2344, 8356082, 59780, 98.49, to_date('31-03-2023', 'dd-mm-yyyy'), 0.0001619, 1185.95, 0, 0, 12, 1, 0, null, 7, to_date('01-04-2023 01:18:16', 'dd-mm-yyyy hh24:mi:ss'), 6, 0.00000000, 0.00305115, 0);

	insert into craplem (DTMVTOLT, CDAGENCI, CDBCCXLT, NRDOLOTE, NRDCONTA, NRDOCMTO, CDHISTOR, NRSEQDIG, NRCTREMP, VLLANMTO, DTPAGEMP, TXJUREPR, VLPREEMP, NRAUTDOC, NRSEQUNI, CDCOOPER, NRPAREPR, NRSEQAVA, DTESTORN, CDORIGEM, DTHRTRAN, QTDIACAL, VLTAXPER, VLTAXPRD, NRDOCLCM)
	values (to_date('23-03-2023', 'dd-mm-yyyy'), 5, 100, 650004, 99801760, 7538794, 2342, 7538794, 59780, 118.76, to_date('23-03-2023', 'dd-mm-yyyy'), 0.0001619, 1185.95, 0, 0, 12, 1, 0, null, 7, to_date('23-03-2023 07:01:49', 'dd-mm-yyyy hh24:mi:ss'), 0, 0.00000000, 0.00000000, 0);

	insert into craplem (DTMVTOLT, CDAGENCI, CDBCCXLT, NRDOLOTE, NRDCONTA, NRDOCMTO, CDHISTOR, NRSEQDIG, NRCTREMP, VLLANMTO, DTPAGEMP, TXJUREPR, VLPREEMP, NRAUTDOC, NRSEQUNI, CDCOOPER, NRPAREPR, NRSEQAVA, DTESTORN, CDORIGEM, DTHRTRAN, QTDIACAL, VLTAXPER, VLTAXPRD, NRDOCLCM)
	values (to_date('23-03-2023', 'dd-mm-yyyy'), 5, 100, 650004, 99801760, 7538795, 2344, 7538795, 59780, 276.09, to_date('23-03-2023', 'dd-mm-yyyy'), 0.0001619, 1185.95, 0, 0, 12, 1, 0, null, 7, to_date('23-03-2023 07:01:49', 'dd-mm-yyyy hh24:mi:ss'), 17, 0.00000000, 0.00866914, 0);

	insert into craplem (DTMVTOLT, CDAGENCI, CDBCCXLT, NRDOLOTE, NRDCONTA, NRDOCMTO, CDHISTOR, NRSEQDIG, NRCTREMP, VLLANMTO, DTPAGEMP, TXJUREPR, VLPREEMP, NRAUTDOC, NRSEQUNI, CDCOOPER, NRPAREPR, NRSEQAVA, DTESTORN, CDORIGEM, DTHRTRAN, QTDIACAL, VLTAXPER, VLTAXPRD, NRDOCLCM)
	values (to_date('31-03-2023', 'dd-mm-yyyy'), 5, 100, 650004, 99801760, 8356081, 2342, 8356081, 59780, 36.60, to_date('31-03-2023', 'dd-mm-yyyy'), 0.0001619, 1185.95, 0, 0, 12, 1, 0, null, 7, to_date('01-04-2023 01:18:16', 'dd-mm-yyyy hh24:mi:ss'), 0, 0.00000000, 0.00000000, 0);

	insert into craplem (DTMVTOLT, CDAGENCI, CDBCCXLT, NRDOLOTE, NRDCONTA, NRDOCMTO, CDHISTOR, NRSEQDIG, NRCTREMP, VLLANMTO, DTPAGEMP, TXJUREPR, VLPREEMP, NRAUTDOC, NRSEQUNI, CDCOOPER, NRPAREPR, NRSEQAVA, DTESTORN, CDORIGEM, DTHRTRAN, QTDIACAL, VLTAXPER, VLTAXPRD, NRDOCLCM)
	values (to_date('28-04-2023', 'dd-mm-yyyy'), 1, 100, 650004, 99999374, 3849697, 2344, 3849697, 60028, 114.74, to_date('28-04-2023', 'dd-mm-yyyy'), 0.0001619, 2044.46, 0, 0, 12, 1, 0, null, 7, to_date('29-04-2023 01:16:38', 'dd-mm-yyyy hh24:mi:ss'), 4, 0.00000000, 0.00203307, 0);

	insert into craplem (DTMVTOLT, CDAGENCI, CDBCCXLT, NRDOLOTE, NRDCONTA, NRDOCMTO, CDHISTOR, NRSEQDIG, NRCTREMP, VLLANMTO, DTPAGEMP, TXJUREPR, VLPREEMP, NRAUTDOC, NRSEQUNI, CDCOOPER, NRPAREPR, NRSEQAVA, DTESTORN, CDORIGEM, DTHRTRAN, QTDIACAL, VLTAXPER, VLTAXPRD, NRDOCLCM)
	values (to_date('24-04-2023', 'dd-mm-yyyy'), 1, 100, 650004, 99999374, 2705982, 2342, 2705982, 60028, 216.75, to_date('24-04-2023', 'dd-mm-yyyy'), 0.0001619, 2044.46, 0, 0, 12, 1, 0, null, 7, to_date('24-04-2023 07:02:07', 'dd-mm-yyyy hh24:mi:ss'), 0, 0.00000000, 0.00000000, 0);

	insert into craplem (DTMVTOLT, CDAGENCI, CDBCCXLT, NRDOLOTE, NRDCONTA, NRDOCMTO, CDHISTOR, NRSEQDIG, NRCTREMP, VLLANMTO, DTPAGEMP, TXJUREPR, VLPREEMP, NRAUTDOC, NRSEQUNI, CDCOOPER, NRPAREPR, NRSEQAVA, DTESTORN, CDORIGEM, DTHRTRAN, QTDIACAL, VLTAXPER, VLTAXPRD, NRDOCLCM)
	values (to_date('24-04-2023', 'dd-mm-yyyy'), 1, 100, 650004, 99999374, 2705983, 2344, 2705983, 60028, 397.83, to_date('24-04-2023', 'dd-mm-yyyy'), 0.0001619, 2044.46, 0, 0, 12, 1, 0, null, 7, to_date('24-04-2023 07:02:07', 'dd-mm-yyyy hh24:mi:ss'), 14, 0.00000000, 0.00713385, 0);

	insert into craplem (DTMVTOLT, CDAGENCI, CDBCCXLT, NRDOLOTE, NRDCONTA, NRDOCMTO, CDHISTOR, NRSEQDIG, NRCTREMP, VLLANMTO, DTPAGEMP, TXJUREPR, VLPREEMP, NRAUTDOC, NRSEQUNI, CDCOOPER, NRPAREPR, NRSEQAVA, DTESTORN, CDORIGEM, DTHRTRAN, QTDIACAL, VLTAXPER, VLTAXPRD, NRDOCLCM)
	values (to_date('28-04-2023', 'dd-mm-yyyy'), 1, 100, 650004, 99999374, 3849696, 2342, 3849696, 60028, 54.84, to_date('28-04-2023', 'dd-mm-yyyy'), 0.0001619, 2044.46, 0, 0, 12, 1, 0, null, 7, to_date('29-04-2023 01:16:38', 'dd-mm-yyyy hh24:mi:ss'), 0, 0.00000000, 0.00000000, 0);

	insert into craplem (DTMVTOLT, CDAGENCI, CDBCCXLT, NRDOLOTE, NRDCONTA, NRDOCMTO, CDHISTOR, NRSEQDIG, NRCTREMP, VLLANMTO, DTPAGEMP, TXJUREPR, VLPREEMP, NRAUTDOC, NRSEQUNI, CDCOOPER, NRPAREPR, NRSEQAVA, DTESTORN, CDORIGEM, DTHRTRAN, QTDIACAL, VLTAXPER, VLTAXPRD, NRDOCLCM)
	values (to_date('28-04-2023', 'dd-mm-yyyy'), 1, 100, 650004, 99825007, 3853542, 2344, 3853542, 59734, 335.36, to_date('28-04-2023', 'dd-mm-yyyy'), 0.0001619, 4456.95, 0, 0, 12, 9, 0, null, 7, to_date('29-04-2023 01:16:48', 'dd-mm-yyyy hh24:mi:ss'), 5, 0.00000000, 0.00254198, 0);

	insert into craplem (DTMVTOLT, CDAGENCI, CDBCCXLT, NRDOLOTE, NRDCONTA, NRDOCMTO, CDHISTOR, NRSEQDIG, NRCTREMP, VLLANMTO, DTPAGEMP, TXJUREPR, VLPREEMP, NRAUTDOC, NRSEQUNI, CDCOOPER, NRPAREPR, NRSEQAVA, DTESTORN, CDORIGEM, DTHRTRAN, QTDIACAL, VLTAXPER, VLTAXPRD, NRDOCLCM)
	values (to_date('24-04-2023', 'dd-mm-yyyy'), 1, 100, 650004, 99825007, 2706125, 2330, 2706125, 59734, 4456.96, to_date('24-04-2023', 'dd-mm-yyyy'), 0.0001619, 4456.96, 0, 8, 12, 8, 0, null, 7, to_date('24-04-2023 07:02:17', 'dd-mm-yyyy hh24:mi:ss'), 0, 0.00000000, 0.00000000, 0);

	insert into craplem (DTMVTOLT, CDAGENCI, CDBCCXLT, NRDOLOTE, NRDCONTA, NRDOCMTO, CDHISTOR, NRSEQDIG, NRCTREMP, VLLANMTO, DTPAGEMP, TXJUREPR, VLPREEMP, NRAUTDOC, NRSEQUNI, CDCOOPER, NRPAREPR, NRSEQAVA, DTESTORN, CDORIGEM, DTHRTRAN, QTDIACAL, VLTAXPER, VLTAXPRD, NRDOCLCM)
	values (to_date('24-04-2023', 'dd-mm-yyyy'), 1, 100, 650004, 99825007, 2706123, 2342, 2706123, 59734, 480.00, to_date('24-04-2023', 'dd-mm-yyyy'), 0.0001619, 4456.96, 0, 0, 12, 8, 0, null, 7, to_date('24-04-2023 07:02:16', 'dd-mm-yyyy hh24:mi:ss'), 0, 0.00000000, 0.00000000, 0);

	insert into craplem (DTMVTOLT, CDAGENCI, CDBCCXLT, NRDOLOTE, NRDCONTA, NRDOCMTO, CDHISTOR, NRSEQDIG, NRCTREMP, VLLANMTO, DTPAGEMP, TXJUREPR, VLPREEMP, NRAUTDOC, NRSEQUNI, CDCOOPER, NRPAREPR, NRSEQAVA, DTESTORN, CDORIGEM, DTHRTRAN, QTDIACAL, VLTAXPER, VLTAXPRD, NRDOCLCM)
	values (to_date('24-04-2023', 'dd-mm-yyyy'), 1, 100, 650004, 99825007, 2706124, 2344, 2706124, 59734, 892.98, to_date('24-04-2023', 'dd-mm-yyyy'), 0.0001619, 4456.96, 0, 0, 12, 8, 0, null, 7, to_date('24-04-2023 07:02:17', 'dd-mm-yyyy hh24:mi:ss'), 13, 0.00000000, 0.00662260, 0);

	insert into craplem (DTMVTOLT, CDAGENCI, CDBCCXLT, NRDOLOTE, NRDCONTA, NRDOCMTO, CDHISTOR, NRSEQDIG, NRCTREMP, VLLANMTO, DTPAGEMP, TXJUREPR, VLPREEMP, NRAUTDOC, NRSEQUNI, CDCOOPER, NRPAREPR, NRSEQAVA, DTESTORN, CDORIGEM, DTHRTRAN, QTDIACAL, VLTAXPER, VLTAXPRD, NRDOCLCM)
	values (to_date('28-04-2023', 'dd-mm-yyyy'), 1, 100, 650004, 99825007, 3853541, 2342, 3853541, 59734, 170.97, to_date('28-04-2023', 'dd-mm-yyyy'), 0.0001619, 4456.95, 0, 0, 12, 9, 0, null, 7, to_date('29-04-2023 01:16:48', 'dd-mm-yyyy hh24:mi:ss'), 0, 0.00000000, 0.00000000, 0);

	insert into craplem (DTMVTOLT, CDAGENCI, CDBCCXLT, NRDOLOTE, NRDCONTA, NRDOCMTO, CDHISTOR, NRSEQDIG, NRCTREMP, VLLANMTO, DTPAGEMP, TXJUREPR, VLPREEMP, NRAUTDOC, NRSEQUNI, CDCOOPER, NRPAREPR, NRSEQAVA, DTESTORN, CDORIGEM, DTHRTRAN, QTDIACAL, VLTAXPER, VLTAXPRD, NRDOCLCM)
	values (to_date('24-04-2023', 'dd-mm-yyyy'), 5, 100, 650004, 99801760, 2706130, 2342, 2706130, 59780, 120.55, to_date('24-04-2023', 'dd-mm-yyyy'), 0.0001619, 1185.95, 0, 0, 12, 1, 0, null, 7, to_date('24-04-2023 07:02:17', 'dd-mm-yyyy hh24:mi:ss'), 0, 0.00000000, 0.00000000, 0);

	insert into craplem (DTMVTOLT, CDAGENCI, CDBCCXLT, NRDOLOTE, NRDCONTA, NRDOCMTO, CDHISTOR, NRSEQDIG, NRCTREMP, VLLANMTO, DTPAGEMP, TXJUREPR, VLPREEMP, NRAUTDOC, NRSEQUNI, CDCOOPER, NRPAREPR, NRSEQAVA, DTESTORN, CDORIGEM, DTHRTRAN, QTDIACAL, VLTAXPER, VLTAXPRD, NRDOCLCM)
	values (to_date('24-04-2023', 'dd-mm-yyyy'), 5, 100, 650004, 99801760, 2706131, 2344, 2706131, 59780, 214.42, to_date('24-04-2023', 'dd-mm-yyyy'), 0.0001619, 1185.95, 0, 0, 12, 1, 0, null, 7, to_date('24-04-2023 07:02:17', 'dd-mm-yyyy hh24:mi:ss'), 13, 0.00000000, 0.00662260, 0);

	insert into craplem (DTMVTOLT, CDAGENCI, CDBCCXLT, NRDOLOTE, NRDCONTA, NRDOCMTO, CDHISTOR, NRSEQDIG, NRCTREMP, VLLANMTO, DTPAGEMP, TXJUREPR, VLPREEMP, NRAUTDOC, NRSEQUNI, CDCOOPER, NRPAREPR, NRSEQAVA, DTESTORN, CDORIGEM, DTHRTRAN, QTDIACAL, VLTAXPER, VLTAXPRD, NRDOCLCM)
	values (to_date('28-04-2023', 'dd-mm-yyyy'), 5, 100, 650004, 99801760, 3853842, 2344, 3853842, 59780, 66.58, to_date('28-04-2023', 'dd-mm-yyyy'), 0.0001619, 1185.95, 0, 0, 12, 1, 0, null, 7, to_date('29-04-2023 01:16:49', 'dd-mm-yyyy hh24:mi:ss'), 4, 0.00000000, 0.00203307, 0);

	insert into craplem (DTMVTOLT, CDAGENCI, CDBCCXLT, NRDOLOTE, NRDCONTA, NRDOCMTO, CDHISTOR, NRSEQDIG, NRCTREMP, VLLANMTO, DTPAGEMP, TXJUREPR, VLPREEMP, NRAUTDOC, NRSEQUNI, CDCOOPER, NRPAREPR, NRSEQAVA, DTESTORN, CDORIGEM, DTHRTRAN, QTDIACAL, VLTAXPER, VLTAXPRD, NRDOCLCM)
	values (to_date('28-04-2023', 'dd-mm-yyyy'), 5, 100, 650004, 99801760, 3853840, 2342, 3853840, 59780, 37.13, to_date('28-04-2023', 'dd-mm-yyyy'), 0.0001619, 1185.95, 0, 0, 12, 1, 0, null, 7, to_date('29-04-2023 01:16:49', 'dd-mm-yyyy hh24:mi:ss'), 0, 0.00000000, 0.00000000, 0);

	insert into craplem (DTMVTOLT, CDAGENCI, CDBCCXLT, NRDOLOTE, NRDCONTA, NRDOCMTO, CDHISTOR, NRSEQDIG, NRCTREMP, VLLANMTO, DTPAGEMP, TXJUREPR, VLPREEMP, NRAUTDOC, NRSEQUNI, CDCOOPER, NRPAREPR, NRSEQAVA, DTESTORN, CDORIGEM, DTHRTRAN, QTDIACAL, VLTAXPER, VLTAXPRD, NRDOCLCM)
	values (to_date('24-05-2023', 'dd-mm-yyyy'), 1, 100, 650004, 99999374, 9671779, 2344, 9671779, 60028, 490.23, to_date('24-05-2023', 'dd-mm-yyyy'), 0.0001619, 2044.46, 0, 0, 12, 1, 0, null, 7, to_date('24-05-2023 07:01:44', 'dd-mm-yyyy hh24:mi:ss'), 17, 0.00000000, 0.00866914, 0);

	insert into craplem (DTMVTOLT, CDAGENCI, CDBCCXLT, NRDOLOTE, NRDCONTA, NRDOCMTO, CDHISTOR, NRSEQDIG, NRCTREMP, VLLANMTO, DTPAGEMP, TXJUREPR, VLPREEMP, NRAUTDOC, NRSEQUNI, CDCOOPER, NRPAREPR, NRSEQAVA, DTESTORN, CDORIGEM, DTHRTRAN, QTDIACAL, VLTAXPER, VLTAXPRD, NRDOCLCM)
	values (to_date('24-05-2023', 'dd-mm-yyyy'), 0, 100, 4010, 99999374, 9690081, 2330, 9690081, 60028, 57314.20, to_date('24-05-2023', 'dd-mm-yyyy'), 0.0001619, 0.00, 0, 0, 12, 0, 0, null, 5, to_date('24-05-2023 09:22:37', 'dd-mm-yyyy hh24:mi:ss'), 0, 0.00000000, 0.00000000, 0);

	insert into craplem (DTMVTOLT, CDAGENCI, CDBCCXLT, NRDOLOTE, NRDCONTA, NRDOCMTO, CDHISTOR, NRSEQDIG, NRCTREMP, VLLANMTO, DTPAGEMP, TXJUREPR, VLPREEMP, NRAUTDOC, NRSEQUNI, CDCOOPER, NRPAREPR, NRSEQAVA, DTESTORN, CDORIGEM, DTHRTRAN, QTDIACAL, VLTAXPER, VLTAXPRD, NRDOCLCM)
	values (to_date('24-05-2023', 'dd-mm-yyyy'), 1, 100, 650004, 99999374, 9671778, 2342, 9671778, 60028, 219.90, to_date('24-05-2023', 'dd-mm-yyyy'), 0.0001619, 2044.46, 0, 0, 12, 1, 0, null, 7, to_date('24-05-2023 07:01:44', 'dd-mm-yyyy hh24:mi:ss'), 0, 0.00000000, 0.00000000, 0);

	insert into craplem (DTMVTOLT, CDAGENCI, CDBCCXLT, NRDOLOTE, NRDCONTA, NRDOCMTO, CDHISTOR, NRSEQDIG, NRCTREMP, VLLANMTO, DTPAGEMP, TXJUREPR, VLPREEMP, NRAUTDOC, NRSEQUNI, CDCOOPER, NRPAREPR, NRSEQAVA, DTESTORN, CDORIGEM, DTHRTRAN, QTDIACAL, VLTAXPER, VLTAXPRD, NRDOCLCM)
	values (to_date('24-05-2023', 'dd-mm-yyyy'), 0, 100, 4010, 99825007, 9682516, 2330, 9682516, 59734, 129460.74, to_date('24-05-2023', 'dd-mm-yyyy'), 0.0001619, 0.00, 0, 0, 12, 0, 0, null, 5, to_date('24-05-2023 09:21:51', 'dd-mm-yyyy hh24:mi:ss'), 0, 0.00000000, 0.00000000, 0);

	insert into craplem (DTMVTOLT, CDAGENCI, CDBCCXLT, NRDOLOTE, NRDCONTA, NRDOCMTO, CDHISTOR, NRSEQDIG, NRCTREMP, VLLANMTO, DTPAGEMP, TXJUREPR, VLPREEMP, NRAUTDOC, NRSEQUNI, CDCOOPER, NRPAREPR, NRSEQAVA, DTESTORN, CDORIGEM, DTHRTRAN, QTDIACAL, VLTAXPER, VLTAXPRD, NRDOCLCM)
	values (to_date('22-05-2023', 'dd-mm-yyyy'), 1, 100, 650004, 99825007, 9169367, 2330, 9169367, 59734, 4456.95, to_date('22-05-2023', 'dd-mm-yyyy'), 0.0001619, 4456.95, 0, 9, 12, 9, 0, null, 7, to_date('22-05-2023 07:03:22', 'dd-mm-yyyy hh24:mi:ss'), 0, 0.00000000, 0.00000000, 0);

	insert into craplem (DTMVTOLT, CDAGENCI, CDBCCXLT, NRDOLOTE, NRDCONTA, NRDOCMTO, CDHISTOR, NRSEQDIG, NRCTREMP, VLLANMTO, DTPAGEMP, TXJUREPR, VLPREEMP, NRAUTDOC, NRSEQUNI, CDCOOPER, NRPAREPR, NRSEQAVA, DTESTORN, CDORIGEM, DTHRTRAN, QTDIACAL, VLTAXPER, VLTAXPRD, NRDOCLCM)
	values (to_date('22-05-2023', 'dd-mm-yyyy'), 1, 100, 650004, 99825007, 9169365, 2342, 9169365, 59734, 471.31, to_date('22-05-2023', 'dd-mm-yyyy'), 0.0001619, 4456.95, 0, 0, 12, 9, 0, null, 7, to_date('22-05-2023 07:03:22', 'dd-mm-yyyy hh24:mi:ss'), 0, 0.00000000, 0.00000000, 0);

	insert into craplem (DTMVTOLT, CDAGENCI, CDBCCXLT, NRDOLOTE, NRDCONTA, NRDOCMTO, CDHISTOR, NRSEQDIG, NRCTREMP, VLLANMTO, DTPAGEMP, TXJUREPR, VLPREEMP, NRAUTDOC, NRSEQUNI, CDCOOPER, NRPAREPR, NRSEQAVA, DTESTORN, CDORIGEM, DTHRTRAN, QTDIACAL, VLTAXPER, VLTAXPRD, NRDOCLCM)
	values (to_date('22-05-2023', 'dd-mm-yyyy'), 1, 100, 650004, 99825007, 9169366, 2344, 9169366, 59734, 1011.21, to_date('22-05-2023', 'dd-mm-yyyy'), 0.0001619, 4456.95, 0, 0, 12, 9, 0, null, 7, to_date('22-05-2023 07:03:22', 'dd-mm-yyyy hh24:mi:ss'), 15, 0.00000000, 0.00764535, 0);

	insert into craplem (DTMVTOLT, CDAGENCI, CDBCCXLT, NRDOLOTE, NRDCONTA, NRDOCMTO, CDHISTOR, NRSEQDIG, NRCTREMP, VLLANMTO, DTPAGEMP, TXJUREPR, VLPREEMP, NRAUTDOC, NRSEQUNI, CDCOOPER, NRPAREPR, NRSEQAVA, DTESTORN, CDORIGEM, DTHRTRAN, QTDIACAL, VLTAXPER, VLTAXPRD, NRDOCLCM)
	values (to_date('24-05-2023', 'dd-mm-yyyy'), 0, 100, 4010, 99801760, 9682518, 2330, 9682518, 59780, 33242.23, to_date('24-05-2023', 'dd-mm-yyyy'), 0.0001619, 0.00, 0, 0, 12, 0, 0, null, 5, to_date('24-05-2023 09:22:28', 'dd-mm-yyyy hh24:mi:ss'), 0, 0.00000000, 0.00000000, 0);

	insert into craplem (DTMVTOLT, CDAGENCI, CDBCCXLT, NRDOLOTE, NRDCONTA, NRDOCMTO, CDHISTOR, NRSEQDIG, NRCTREMP, VLLANMTO, DTPAGEMP, TXJUREPR, VLPREEMP, NRAUTDOC, NRSEQUNI, CDCOOPER, NRPAREPR, NRSEQAVA, DTESTORN, CDORIGEM, DTHRTRAN, QTDIACAL, VLTAXPER, VLTAXPRD, NRDOCLCM)
	values (to_date('23-05-2023', 'dd-mm-yyyy'), 5, 100, 650004, 99801760, 9437460, 2344, 9437460, 59780, 267.68, to_date('23-05-2023', 'dd-mm-yyyy'), 0.0001619, 1185.95, 0, 0, 12, 1, 0, null, 7, to_date('23-05-2023 07:02:03', 'dd-mm-yyyy hh24:mi:ss'), 16, 0.00000000, 0.00815711, 0);

	insert into craplem (DTMVTOLT, CDAGENCI, CDBCCXLT, NRDOLOTE, NRDCONTA, NRDOCMTO, CDHISTOR, NRSEQDIG, NRCTREMP, VLLANMTO, DTPAGEMP, TXJUREPR, VLPREEMP, NRAUTDOC, NRSEQUNI, CDCOOPER, NRPAREPR, NRSEQAVA, DTESTORN, CDORIGEM, DTHRTRAN, QTDIACAL, VLTAXPER, VLTAXPRD, NRDOCLCM)
	values (to_date('23-05-2023', 'dd-mm-yyyy'), 5, 100, 650004, 99801760, 9437459, 2342, 9437459, 59780, 122.30, to_date('23-05-2023', 'dd-mm-yyyy'), 0.0001619, 1185.95, 0, 0, 12, 1, 0, null, 7, to_date('23-05-2023 07:02:03', 'dd-mm-yyyy hh24:mi:ss'), 0, 0.00000000, 0.00000000, 0);

	delete from crappep where cdcooper = 12 and nrdconta = 99999374 and nrctremp = 60028;
	delete from crappep where cdcooper = 12 and nrdconta = 99825007 and nrctremp = 59734;
	delete from crappep where cdcooper = 12 and nrdconta = 99801760 and nrctremp = 59780;

	insert into crappep (CDCOOPER, NRDCONTA, NRCTREMP, NRPAREPR, VLPAREPR, VLJURPAR, VLMTAPAR, VLMRAPAR, VLMTZPAR, DTVENCTO, DTULTPAG, VLPAGPAR, VLPAGMTA, VLPAGMRA, INLIQUID, VLDESPAR, VLSDVPAR, VLJINPAR, VLPAGJIN, VLSDVATU, VLJURA60, VLSDVSJI, INPREJUZ, DTREFATU, VLIOFCPL, VLIOFADC, VLTAXATU, VLPAGIOF, VLTARIOF, VLIOFPRI, DTDSTJUR, VLDSTCOR, VLDSTREM, INLQDREFIN)
	values (12, 99999374, 60028, 1, 2044.46, 0.00, null, null, 0.00, to_date('24-07-2023', 'dd-mm-yyyy'), to_date('24-05-2023', 'dd-mm-yyyy'), 2044.46, 0.00, 0.00, 1, 0.00, 0.00, 0.00, 0.00, 0.0000000000, 0.00, 0.0000000000, 0, to_date('24-05-2023', 'dd-mm-yyyy'), 0.00, 0.00, 13.65000000, 0.00, 0.00, 0.00, null, null, null, null);

	insert into crappep (CDCOOPER, NRDCONTA, NRCTREMP, NRPAREPR, VLPAREPR, VLJURPAR, VLMTAPAR, VLMRAPAR, VLMTZPAR, DTVENCTO, DTULTPAG, VLPAGPAR, VLPAGMTA, VLPAGMRA, INLIQUID, VLDESPAR, VLSDVPAR, VLJINPAR, VLPAGJIN, VLSDVATU, VLJURA60, VLSDVSJI, INPREJUZ, DTREFATU, VLIOFCPL, VLIOFADC, VLTAXATU, VLPAGIOF, VLTARIOF, VLIOFPRI, DTDSTJUR, VLDSTCOR, VLDSTREM, INLQDREFIN)
	values (12, 99999374, 60028, 2, 2044.46, 0.00, null, null, 0.00, to_date('24-08-2023', 'dd-mm-yyyy'), to_date('24-05-2023', 'dd-mm-yyyy'), 2044.46, 0.00, 0.00, 1, 0.00, 0.00, 0.00, 0.00, 0.0000000000, 0.00, 0.0000000000, 0, to_date('24-05-2023', 'dd-mm-yyyy'), 0.00, 0.00, 13.65000000, 0.00, 0.00, 0.00, null, null, null, null);

	insert into crappep (CDCOOPER, NRDCONTA, NRCTREMP, NRPAREPR, VLPAREPR, VLJURPAR, VLMTAPAR, VLMRAPAR, VLMTZPAR, DTVENCTO, DTULTPAG, VLPAGPAR, VLPAGMTA, VLPAGMRA, INLIQUID, VLDESPAR, VLSDVPAR, VLJINPAR, VLPAGJIN, VLSDVATU, VLJURA60, VLSDVSJI, INPREJUZ, DTREFATU, VLIOFCPL, VLIOFADC, VLTAXATU, VLPAGIOF, VLTARIOF, VLIOFPRI, DTDSTJUR, VLDSTCOR, VLDSTREM, INLQDREFIN)
	values (12, 99999374, 60028, 3, 2044.46, 0.00, null, null, 0.00, to_date('24-09-2023', 'dd-mm-yyyy'), to_date('24-05-2023', 'dd-mm-yyyy'), 2044.46, 0.00, 0.00, 1, 0.00, 0.00, 0.00, 0.00, 0.0000000000, 0.00, 0.0000000000, 0, to_date('24-05-2023', 'dd-mm-yyyy'), 0.00, 0.00, 13.65000000, 0.00, 0.00, 0.00, null, null, null, null);

	insert into crappep (CDCOOPER, NRDCONTA, NRCTREMP, NRPAREPR, VLPAREPR, VLJURPAR, VLMTAPAR, VLMRAPAR, VLMTZPAR, DTVENCTO, DTULTPAG, VLPAGPAR, VLPAGMTA, VLPAGMRA, INLIQUID, VLDESPAR, VLSDVPAR, VLJINPAR, VLPAGJIN, VLSDVATU, VLJURA60, VLSDVSJI, INPREJUZ, DTREFATU, VLIOFCPL, VLIOFADC, VLTAXATU, VLPAGIOF, VLTARIOF, VLIOFPRI, DTDSTJUR, VLDSTCOR, VLDSTREM, INLQDREFIN)
	values (12, 99999374, 60028, 4, 2044.46, 0.00, null, null, 0.00, to_date('24-10-2023', 'dd-mm-yyyy'), to_date('24-05-2023', 'dd-mm-yyyy'), 2044.46, 0.00, 0.00, 1, 0.00, 0.00, 0.00, 0.00, 0.0000000000, 0.00, 0.0000000000, 0, to_date('24-05-2023', 'dd-mm-yyyy'), 0.00, 0.00, 13.65000000, 0.00, 0.00, 0.00, null, null, null, null);

	insert into crappep (CDCOOPER, NRDCONTA, NRCTREMP, NRPAREPR, VLPAREPR, VLJURPAR, VLMTAPAR, VLMRAPAR, VLMTZPAR, DTVENCTO, DTULTPAG, VLPAGPAR, VLPAGMTA, VLPAGMRA, INLIQUID, VLDESPAR, VLSDVPAR, VLJINPAR, VLPAGJIN, VLSDVATU, VLJURA60, VLSDVSJI, INPREJUZ, DTREFATU, VLIOFCPL, VLIOFADC, VLTAXATU, VLPAGIOF, VLTARIOF, VLIOFPRI, DTDSTJUR, VLDSTCOR, VLDSTREM, INLQDREFIN)
	values (12, 99999374, 60028, 5, 2044.46, 0.00, null, null, 0.00, to_date('24-11-2023', 'dd-mm-yyyy'), to_date('24-05-2023', 'dd-mm-yyyy'), 2044.46, 0.00, 0.00, 1, 0.00, 0.00, 0.00, 0.00, 0.0000000000, 0.00, 0.0000000000, 0, to_date('24-05-2023', 'dd-mm-yyyy'), 0.00, 0.00, 13.65000000, 0.00, 0.00, 0.00, null, null, null, null);

	insert into crappep (CDCOOPER, NRDCONTA, NRCTREMP, NRPAREPR, VLPAREPR, VLJURPAR, VLMTAPAR, VLMRAPAR, VLMTZPAR, DTVENCTO, DTULTPAG, VLPAGPAR, VLPAGMTA, VLPAGMRA, INLIQUID, VLDESPAR, VLSDVPAR, VLJINPAR, VLPAGJIN, VLSDVATU, VLJURA60, VLSDVSJI, INPREJUZ, DTREFATU, VLIOFCPL, VLIOFADC, VLTAXATU, VLPAGIOF, VLTARIOF, VLIOFPRI, DTDSTJUR, VLDSTCOR, VLDSTREM, INLQDREFIN)
	values (12, 99999374, 60028, 6, 2044.46, 0.00, null, null, 0.00, to_date('24-12-2023', 'dd-mm-yyyy'), to_date('24-05-2023', 'dd-mm-yyyy'), 2044.46, 0.00, 0.00, 1, 0.00, 0.00, 0.00, 0.00, 0.0000000000, 0.00, 0.0000000000, 0, to_date('24-05-2023', 'dd-mm-yyyy'), 0.00, 0.00, 13.65000000, 0.00, 0.00, 0.00, null, null, null, null);

	insert into crappep (CDCOOPER, NRDCONTA, NRCTREMP, NRPAREPR, VLPAREPR, VLJURPAR, VLMTAPAR, VLMRAPAR, VLMTZPAR, DTVENCTO, DTULTPAG, VLPAGPAR, VLPAGMTA, VLPAGMRA, INLIQUID, VLDESPAR, VLSDVPAR, VLJINPAR, VLPAGJIN, VLSDVATU, VLJURA60, VLSDVSJI, INPREJUZ, DTREFATU, VLIOFCPL, VLIOFADC, VLTAXATU, VLPAGIOF, VLTARIOF, VLIOFPRI, DTDSTJUR, VLDSTCOR, VLDSTREM, INLQDREFIN)
	values (12, 99999374, 60028, 7, 2044.46, 0.00, null, null, 0.00, to_date('24-01-2024', 'dd-mm-yyyy'), to_date('24-05-2023', 'dd-mm-yyyy'), 2044.46, 0.00, 0.00, 1, 0.00, 0.00, 0.00, 0.00, 0.0000000000, 0.00, 0.0000000000, 0, to_date('24-05-2023', 'dd-mm-yyyy'), 0.00, 0.00, 13.65000000, 0.00, 0.00, 0.00, null, null, null, null);

	insert into crappep (CDCOOPER, NRDCONTA, NRCTREMP, NRPAREPR, VLPAREPR, VLJURPAR, VLMTAPAR, VLMRAPAR, VLMTZPAR, DTVENCTO, DTULTPAG, VLPAGPAR, VLPAGMTA, VLPAGMRA, INLIQUID, VLDESPAR, VLSDVPAR, VLJINPAR, VLPAGJIN, VLSDVATU, VLJURA60, VLSDVSJI, INPREJUZ, DTREFATU, VLIOFCPL, VLIOFADC, VLTAXATU, VLPAGIOF, VLTARIOF, VLIOFPRI, DTDSTJUR, VLDSTCOR, VLDSTREM, INLQDREFIN)
	values (12, 99999374, 60028, 8, 2044.46, 0.00, null, null, 0.00, to_date('24-02-2024', 'dd-mm-yyyy'), to_date('24-05-2023', 'dd-mm-yyyy'), 2044.46, 0.00, 0.00, 1, 0.00, 0.00, 0.00, 0.00, 0.0000000000, 0.00, 0.0000000000, 0, to_date('24-05-2023', 'dd-mm-yyyy'), 0.00, 0.00, 13.65000000, 0.00, 0.00, 0.00, null, null, null, null);

	insert into crappep (CDCOOPER, NRDCONTA, NRCTREMP, NRPAREPR, VLPAREPR, VLJURPAR, VLMTAPAR, VLMRAPAR, VLMTZPAR, DTVENCTO, DTULTPAG, VLPAGPAR, VLPAGMTA, VLPAGMRA, INLIQUID, VLDESPAR, VLSDVPAR, VLJINPAR, VLPAGJIN, VLSDVATU, VLJURA60, VLSDVSJI, INPREJUZ, DTREFATU, VLIOFCPL, VLIOFADC, VLTAXATU, VLPAGIOF, VLTARIOF, VLIOFPRI, DTDSTJUR, VLDSTCOR, VLDSTREM, INLQDREFIN)
	values (12, 99999374, 60028, 9, 2044.46, 0.00, null, null, 0.00, to_date('24-03-2024', 'dd-mm-yyyy'), to_date('24-05-2023', 'dd-mm-yyyy'), 2044.46, 0.00, 0.00, 1, 0.00, 0.00, 0.00, 0.00, 0.0000000000, 0.00, 0.0000000000, 0, to_date('24-05-2023', 'dd-mm-yyyy'), 0.00, 0.00, 13.65000000, 0.00, 0.00, 0.00, null, null, null, null);

	insert into crappep (CDCOOPER, NRDCONTA, NRCTREMP, NRPAREPR, VLPAREPR, VLJURPAR, VLMTAPAR, VLMRAPAR, VLMTZPAR, DTVENCTO, DTULTPAG, VLPAGPAR, VLPAGMTA, VLPAGMRA, INLIQUID, VLDESPAR, VLSDVPAR, VLJINPAR, VLPAGJIN, VLSDVATU, VLJURA60, VLSDVSJI, INPREJUZ, DTREFATU, VLIOFCPL, VLIOFADC, VLTAXATU, VLPAGIOF, VLTARIOF, VLIOFPRI, DTDSTJUR, VLDSTCOR, VLDSTREM, INLQDREFIN)
	values (12, 99999374, 60028, 10, 2044.46, 0.00, null, null, 0.00, to_date('24-04-2024', 'dd-mm-yyyy'), to_date('24-05-2023', 'dd-mm-yyyy'), 2044.46, 0.00, 0.00, 1, 0.00, 0.00, 0.00, 0.00, 0.0000000000, 0.00, 0.0000000000, 0, to_date('24-05-2023', 'dd-mm-yyyy'), 0.00, 0.00, 13.65000000, 0.00, 0.00, 0.00, null, null, null, null);

	insert into crappep (CDCOOPER, NRDCONTA, NRCTREMP, NRPAREPR, VLPAREPR, VLJURPAR, VLMTAPAR, VLMRAPAR, VLMTZPAR, DTVENCTO, DTULTPAG, VLPAGPAR, VLPAGMTA, VLPAGMRA, INLIQUID, VLDESPAR, VLSDVPAR, VLJINPAR, VLPAGJIN, VLSDVATU, VLJURA60, VLSDVSJI, INPREJUZ, DTREFATU, VLIOFCPL, VLIOFADC, VLTAXATU, VLPAGIOF, VLTARIOF, VLIOFPRI, DTDSTJUR, VLDSTCOR, VLDSTREM, INLQDREFIN)
	values (12, 99999374, 60028, 11, 2044.46, 0.00, null, null, 0.00, to_date('24-05-2024', 'dd-mm-yyyy'), to_date('24-05-2023', 'dd-mm-yyyy'), 2044.46, 0.00, 0.00, 1, 0.00, 0.00, 0.00, 0.00, 0.0000000000, 0.00, 0.0000000000, 0, to_date('24-05-2023', 'dd-mm-yyyy'), 0.00, 0.00, 13.65000000, 0.00, 0.00, 0.00, null, null, null, null);

	insert into crappep (CDCOOPER, NRDCONTA, NRCTREMP, NRPAREPR, VLPAREPR, VLJURPAR, VLMTAPAR, VLMRAPAR, VLMTZPAR, DTVENCTO, DTULTPAG, VLPAGPAR, VLPAGMTA, VLPAGMRA, INLIQUID, VLDESPAR, VLSDVPAR, VLJINPAR, VLPAGJIN, VLSDVATU, VLJURA60, VLSDVSJI, INPREJUZ, DTREFATU, VLIOFCPL, VLIOFADC, VLTAXATU, VLPAGIOF, VLTARIOF, VLIOFPRI, DTDSTJUR, VLDSTCOR, VLDSTREM, INLQDREFIN)
	values (12, 99999374, 60028, 12, 2044.46, 0.00, null, null, 0.00, to_date('24-06-2024', 'dd-mm-yyyy'), to_date('24-05-2023', 'dd-mm-yyyy'), 2044.46, 0.00, 0.00, 1, 0.00, 0.00, 0.00, 0.00, 0.0000000000, 0.00, 0.0000000000, 0, to_date('24-05-2023', 'dd-mm-yyyy'), 0.00, 0.00, 13.65000000, 0.00, 0.00, 0.00, null, null, null, null);

	insert into crappep (CDCOOPER, NRDCONTA, NRCTREMP, NRPAREPR, VLPAREPR, VLJURPAR, VLMTAPAR, VLMRAPAR, VLMTZPAR, DTVENCTO, DTULTPAG, VLPAGPAR, VLPAGMTA, VLPAGMRA, INLIQUID, VLDESPAR, VLSDVPAR, VLJINPAR, VLPAGJIN, VLSDVATU, VLJURA60, VLSDVSJI, INPREJUZ, DTREFATU, VLIOFCPL, VLIOFADC, VLTAXATU, VLPAGIOF, VLTARIOF, VLIOFPRI, DTDSTJUR, VLDSTCOR, VLDSTREM, INLQDREFIN)
	values (12, 99999374, 60028, 13, 2044.46, 0.00, null, null, 0.00, to_date('24-07-2024', 'dd-mm-yyyy'), to_date('24-05-2023', 'dd-mm-yyyy'), 2044.46, 0.00, 0.00, 1, 0.00, 0.00, 0.00, 0.00, 0.0000000000, 0.00, 0.0000000000, 0, to_date('24-05-2023', 'dd-mm-yyyy'), 0.00, 0.00, 13.65000000, 0.00, 0.00, 0.00, null, null, null, null);

	insert into crappep (CDCOOPER, NRDCONTA, NRCTREMP, NRPAREPR, VLPAREPR, VLJURPAR, VLMTAPAR, VLMRAPAR, VLMTZPAR, DTVENCTO, DTULTPAG, VLPAGPAR, VLPAGMTA, VLPAGMRA, INLIQUID, VLDESPAR, VLSDVPAR, VLJINPAR, VLPAGJIN, VLSDVATU, VLJURA60, VLSDVSJI, INPREJUZ, DTREFATU, VLIOFCPL, VLIOFADC, VLTAXATU, VLPAGIOF, VLTARIOF, VLIOFPRI, DTDSTJUR, VLDSTCOR, VLDSTREM, INLQDREFIN)
	values (12, 99999374, 60028, 14, 2044.46, 0.00, null, null, 0.00, to_date('24-08-2024', 'dd-mm-yyyy'), to_date('24-05-2023', 'dd-mm-yyyy'), 2044.46, 0.00, 0.00, 1, 0.00, 0.00, 0.00, 0.00, 0.0000000000, 0.00, 0.0000000000, 0, to_date('24-05-2023', 'dd-mm-yyyy'), 0.00, 0.00, 13.65000000, 0.00, 0.00, 0.00, null, null, null, null);

	insert into crappep (CDCOOPER, NRDCONTA, NRCTREMP, NRPAREPR, VLPAREPR, VLJURPAR, VLMTAPAR, VLMRAPAR, VLMTZPAR, DTVENCTO, DTULTPAG, VLPAGPAR, VLPAGMTA, VLPAGMRA, INLIQUID, VLDESPAR, VLSDVPAR, VLJINPAR, VLPAGJIN, VLSDVATU, VLJURA60, VLSDVSJI, INPREJUZ, DTREFATU, VLIOFCPL, VLIOFADC, VLTAXATU, VLPAGIOF, VLTARIOF, VLIOFPRI, DTDSTJUR, VLDSTCOR, VLDSTREM, INLQDREFIN)
	values (12, 99999374, 60028, 15, 2044.46, 0.00, null, null, 0.00, to_date('24-09-2024', 'dd-mm-yyyy'), to_date('24-05-2023', 'dd-mm-yyyy'), 2044.46, 0.00, 0.00, 1, 0.00, 0.00, 0.00, 0.00, 0.0000000000, 0.00, 0.0000000000, 0, to_date('24-05-2023', 'dd-mm-yyyy'), 0.00, 0.00, 13.65000000, 0.00, 0.00, 0.00, null, null, null, null);

	insert into crappep (CDCOOPER, NRDCONTA, NRCTREMP, NRPAREPR, VLPAREPR, VLJURPAR, VLMTAPAR, VLMRAPAR, VLMTZPAR, DTVENCTO, DTULTPAG, VLPAGPAR, VLPAGMTA, VLPAGMRA, INLIQUID, VLDESPAR, VLSDVPAR, VLJINPAR, VLPAGJIN, VLSDVATU, VLJURA60, VLSDVSJI, INPREJUZ, DTREFATU, VLIOFCPL, VLIOFADC, VLTAXATU, VLPAGIOF, VLTARIOF, VLIOFPRI, DTDSTJUR, VLDSTCOR, VLDSTREM, INLQDREFIN)
	values (12, 99999374, 60028, 16, 2044.46, 0.00, null, null, 0.00, to_date('24-10-2024', 'dd-mm-yyyy'), to_date('24-05-2023', 'dd-mm-yyyy'), 2044.46, 0.00, 0.00, 1, 0.00, 0.00, 0.00, 0.00, 0.0000000000, 0.00, 0.0000000000, 0, to_date('24-05-2023', 'dd-mm-yyyy'), 0.00, 0.00, 13.65000000, 0.00, 0.00, 0.00, null, null, null, null);

	insert into crappep (CDCOOPER, NRDCONTA, NRCTREMP, NRPAREPR, VLPAREPR, VLJURPAR, VLMTAPAR, VLMRAPAR, VLMTZPAR, DTVENCTO, DTULTPAG, VLPAGPAR, VLPAGMTA, VLPAGMRA, INLIQUID, VLDESPAR, VLSDVPAR, VLJINPAR, VLPAGJIN, VLSDVATU, VLJURA60, VLSDVSJI, INPREJUZ, DTREFATU, VLIOFCPL, VLIOFADC, VLTAXATU, VLPAGIOF, VLTARIOF, VLIOFPRI, DTDSTJUR, VLDSTCOR, VLDSTREM, INLQDREFIN)
	values (12, 99999374, 60028, 17, 2044.46, 0.00, null, null, 0.00, to_date('24-11-2024', 'dd-mm-yyyy'), to_date('24-05-2023', 'dd-mm-yyyy'), 2044.46, 0.00, 0.00, 1, 0.00, 0.00, 0.00, 0.00, 0.0000000000, 0.00, 0.0000000000, 0, to_date('24-05-2023', 'dd-mm-yyyy'), 0.00, 0.00, 13.65000000, 0.00, 0.00, 0.00, null, null, null, null);

	insert into crappep (CDCOOPER, NRDCONTA, NRCTREMP, NRPAREPR, VLPAREPR, VLJURPAR, VLMTAPAR, VLMRAPAR, VLMTZPAR, DTVENCTO, DTULTPAG, VLPAGPAR, VLPAGMTA, VLPAGMRA, INLIQUID, VLDESPAR, VLSDVPAR, VLJINPAR, VLPAGJIN, VLSDVATU, VLJURA60, VLSDVSJI, INPREJUZ, DTREFATU, VLIOFCPL, VLIOFADC, VLTAXATU, VLPAGIOF, VLTARIOF, VLIOFPRI, DTDSTJUR, VLDSTCOR, VLDSTREM, INLQDREFIN)
	values (12, 99999374, 60028, 18, 2044.46, 0.00, null, null, 0.00, to_date('24-12-2024', 'dd-mm-yyyy'), to_date('24-05-2023', 'dd-mm-yyyy'), 2044.46, 0.00, 0.00, 1, 0.00, 0.00, 0.00, 0.00, 0.0000000000, 0.00, 0.0000000000, 0, to_date('24-05-2023', 'dd-mm-yyyy'), 0.00, 0.00, 13.65000000, 0.00, 0.00, 0.00, null, null, null, null);

	insert into crappep (CDCOOPER, NRDCONTA, NRCTREMP, NRPAREPR, VLPAREPR, VLJURPAR, VLMTAPAR, VLMRAPAR, VLMTZPAR, DTVENCTO, DTULTPAG, VLPAGPAR, VLPAGMTA, VLPAGMRA, INLIQUID, VLDESPAR, VLSDVPAR, VLJINPAR, VLPAGJIN, VLSDVATU, VLJURA60, VLSDVSJI, INPREJUZ, DTREFATU, VLIOFCPL, VLIOFADC, VLTAXATU, VLPAGIOF, VLTARIOF, VLIOFPRI, DTDSTJUR, VLDSTCOR, VLDSTREM, INLQDREFIN)
	values (12, 99999374, 60028, 19, 2044.46, 0.00, null, null, 0.00, to_date('24-01-2025', 'dd-mm-yyyy'), to_date('24-05-2023', 'dd-mm-yyyy'), 2044.46, 0.00, 0.00, 1, 0.00, 0.00, 0.00, 0.00, 0.0000000000, 0.00, 0.0000000000, 0, to_date('24-05-2023', 'dd-mm-yyyy'), 0.00, 0.00, 13.65000000, 0.00, 0.00, 0.00, null, null, null, null);

	insert into crappep (CDCOOPER, NRDCONTA, NRCTREMP, NRPAREPR, VLPAREPR, VLJURPAR, VLMTAPAR, VLMRAPAR, VLMTZPAR, DTVENCTO, DTULTPAG, VLPAGPAR, VLPAGMTA, VLPAGMRA, INLIQUID, VLDESPAR, VLSDVPAR, VLJINPAR, VLPAGJIN, VLSDVATU, VLJURA60, VLSDVSJI, INPREJUZ, DTREFATU, VLIOFCPL, VLIOFADC, VLTAXATU, VLPAGIOF, VLTARIOF, VLIOFPRI, DTDSTJUR, VLDSTCOR, VLDSTREM, INLQDREFIN)
	values (12, 99999374, 60028, 20, 2044.46, 0.00, null, null, 0.00, to_date('24-02-2025', 'dd-mm-yyyy'), to_date('24-05-2023', 'dd-mm-yyyy'), 2044.46, 0.00, 0.00, 1, 0.00, 0.00, 0.00, 0.00, 0.0000000000, 0.00, 0.0000000000, 0, to_date('24-05-2023', 'dd-mm-yyyy'), 0.00, 0.00, 13.65000000, 0.00, 0.00, 0.00, null, null, null, null);

	insert into crappep (CDCOOPER, NRDCONTA, NRCTREMP, NRPAREPR, VLPAREPR, VLJURPAR, VLMTAPAR, VLMRAPAR, VLMTZPAR, DTVENCTO, DTULTPAG, VLPAGPAR, VLPAGMTA, VLPAGMRA, INLIQUID, VLDESPAR, VLSDVPAR, VLJINPAR, VLPAGJIN, VLSDVATU, VLJURA60, VLSDVSJI, INPREJUZ, DTREFATU, VLIOFCPL, VLIOFADC, VLTAXATU, VLPAGIOF, VLTARIOF, VLIOFPRI, DTDSTJUR, VLDSTCOR, VLDSTREM, INLQDREFIN)
	values (12, 99999374, 60028, 21, 2044.46, 0.00, null, null, 0.00, to_date('24-03-2025', 'dd-mm-yyyy'), to_date('24-05-2023', 'dd-mm-yyyy'), 2044.46, 0.00, 0.00, 1, 0.00, 0.00, 0.00, 0.00, 0.0000000000, 0.00, 0.0000000000, 0, to_date('24-05-2023', 'dd-mm-yyyy'), 0.00, 0.00, 13.65000000, 0.00, 0.00, 0.00, null, null, null, null);

	insert into crappep (CDCOOPER, NRDCONTA, NRCTREMP, NRPAREPR, VLPAREPR, VLJURPAR, VLMTAPAR, VLMRAPAR, VLMTZPAR, DTVENCTO, DTULTPAG, VLPAGPAR, VLPAGMTA, VLPAGMRA, INLIQUID, VLDESPAR, VLSDVPAR, VLJINPAR, VLPAGJIN, VLSDVATU, VLJURA60, VLSDVSJI, INPREJUZ, DTREFATU, VLIOFCPL, VLIOFADC, VLTAXATU, VLPAGIOF, VLTARIOF, VLIOFPRI, DTDSTJUR, VLDSTCOR, VLDSTREM, INLQDREFIN)
	values (12, 99999374, 60028, 22, 2044.46, 0.00, null, null, 0.00, to_date('24-04-2025', 'dd-mm-yyyy'), to_date('24-05-2023', 'dd-mm-yyyy'), 2044.46, 0.00, 0.00, 1, 0.00, 0.00, 0.00, 0.00, 0.0000000000, 0.00, 0.0000000000, 0, to_date('24-05-2023', 'dd-mm-yyyy'), 0.00, 0.00, 13.65000000, 0.00, 0.00, 0.00, null, null, null, null);

	insert into crappep (CDCOOPER, NRDCONTA, NRCTREMP, NRPAREPR, VLPAREPR, VLJURPAR, VLMTAPAR, VLMRAPAR, VLMTZPAR, DTVENCTO, DTULTPAG, VLPAGPAR, VLPAGMTA, VLPAGMRA, INLIQUID, VLDESPAR, VLSDVPAR, VLJINPAR, VLPAGJIN, VLSDVATU, VLJURA60, VLSDVSJI, INPREJUZ, DTREFATU, VLIOFCPL, VLIOFADC, VLTAXATU, VLPAGIOF, VLTARIOF, VLIOFPRI, DTDSTJUR, VLDSTCOR, VLDSTREM, INLQDREFIN)
	values (12, 99999374, 60028, 23, 2044.46, 0.00, null, null, 0.00, to_date('24-05-2025', 'dd-mm-yyyy'), to_date('24-05-2023', 'dd-mm-yyyy'), 2044.46, 0.00, 0.00, 1, 0.00, 0.00, 0.00, 0.00, 0.0000000000, 0.00, 0.0000000000, 0, to_date('24-05-2023', 'dd-mm-yyyy'), 0.00, 0.00, 13.65000000, 0.00, 0.00, 0.00, null, null, null, null);

	insert into crappep (CDCOOPER, NRDCONTA, NRCTREMP, NRPAREPR, VLPAREPR, VLJURPAR, VLMTAPAR, VLMRAPAR, VLMTZPAR, DTVENCTO, DTULTPAG, VLPAGPAR, VLPAGMTA, VLPAGMRA, INLIQUID, VLDESPAR, VLSDVPAR, VLJINPAR, VLPAGJIN, VLSDVATU, VLJURA60, VLSDVSJI, INPREJUZ, DTREFATU, VLIOFCPL, VLIOFADC, VLTAXATU, VLPAGIOF, VLTARIOF, VLIOFPRI, DTDSTJUR, VLDSTCOR, VLDSTREM, INLQDREFIN)
	values (12, 99999374, 60028, 29, 2044.46, 0.00, null, null, 0.00, to_date('24-11-2025', 'dd-mm-yyyy'), to_date('24-05-2023', 'dd-mm-yyyy'), 2044.46, 0.00, 0.00, 1, 0.00, 0.00, 0.00, 0.00, 0.0000000000, 0.00, 0.0000000000, 0, to_date('24-05-2023', 'dd-mm-yyyy'), 0.00, 0.00, 13.65000000, 0.00, 0.00, 0.00, null, null, null, null);

	insert into crappep (CDCOOPER, NRDCONTA, NRCTREMP, NRPAREPR, VLPAREPR, VLJURPAR, VLMTAPAR, VLMRAPAR, VLMTZPAR, DTVENCTO, DTULTPAG, VLPAGPAR, VLPAGMTA, VLPAGMRA, INLIQUID, VLDESPAR, VLSDVPAR, VLJINPAR, VLPAGJIN, VLSDVATU, VLJURA60, VLSDVSJI, INPREJUZ, DTREFATU, VLIOFCPL, VLIOFADC, VLTAXATU, VLPAGIOF, VLTARIOF, VLIOFPRI, DTDSTJUR, VLDSTCOR, VLDSTREM, INLQDREFIN)
	values (12, 99999374, 60028, 24, 2044.46, 0.00, null, null, 0.00, to_date('24-06-2025', 'dd-mm-yyyy'), to_date('24-05-2023', 'dd-mm-yyyy'), 2044.46, 0.00, 0.00, 1, 0.00, 0.00, 0.00, 0.00, 0.0000000000, 0.00, 0.0000000000, 0, to_date('24-05-2023', 'dd-mm-yyyy'), 0.00, 0.00, 13.65000000, 0.00, 0.00, 0.00, null, null, null, null);

	insert into crappep (CDCOOPER, NRDCONTA, NRCTREMP, NRPAREPR, VLPAREPR, VLJURPAR, VLMTAPAR, VLMRAPAR, VLMTZPAR, DTVENCTO, DTULTPAG, VLPAGPAR, VLPAGMTA, VLPAGMRA, INLIQUID, VLDESPAR, VLSDVPAR, VLJINPAR, VLPAGJIN, VLSDVATU, VLJURA60, VLSDVSJI, INPREJUZ, DTREFATU, VLIOFCPL, VLIOFADC, VLTAXATU, VLPAGIOF, VLTARIOF, VLIOFPRI, DTDSTJUR, VLDSTCOR, VLDSTREM, INLQDREFIN)
	values (12, 99999374, 60028, 25, 2044.46, 0.00, null, null, 0.00, to_date('24-07-2025', 'dd-mm-yyyy'), to_date('24-05-2023', 'dd-mm-yyyy'), 2044.46, 0.00, 0.00, 1, 0.00, 0.00, 0.00, 0.00, 0.0000000000, 0.00, 0.0000000000, 0, to_date('24-05-2023', 'dd-mm-yyyy'), 0.00, 0.00, 13.65000000, 0.00, 0.00, 0.00, null, null, null, null);

	insert into crappep (CDCOOPER, NRDCONTA, NRCTREMP, NRPAREPR, VLPAREPR, VLJURPAR, VLMTAPAR, VLMRAPAR, VLMTZPAR, DTVENCTO, DTULTPAG, VLPAGPAR, VLPAGMTA, VLPAGMRA, INLIQUID, VLDESPAR, VLSDVPAR, VLJINPAR, VLPAGJIN, VLSDVATU, VLJURA60, VLSDVSJI, INPREJUZ, DTREFATU, VLIOFCPL, VLIOFADC, VLTAXATU, VLPAGIOF, VLTARIOF, VLIOFPRI, DTDSTJUR, VLDSTCOR, VLDSTREM, INLQDREFIN)
	values (12, 99999374, 60028, 26, 2044.46, 0.00, null, null, 0.00, to_date('24-08-2025', 'dd-mm-yyyy'), to_date('24-05-2023', 'dd-mm-yyyy'), 2044.46, 0.00, 0.00, 1, 0.00, 0.00, 0.00, 0.00, 0.0000000000, 0.00, 0.0000000000, 0, to_date('24-05-2023', 'dd-mm-yyyy'), 0.00, 0.00, 13.65000000, 0.00, 0.00, 0.00, null, null, null, null);

	insert into crappep (CDCOOPER, NRDCONTA, NRCTREMP, NRPAREPR, VLPAREPR, VLJURPAR, VLMTAPAR, VLMRAPAR, VLMTZPAR, DTVENCTO, DTULTPAG, VLPAGPAR, VLPAGMTA, VLPAGMRA, INLIQUID, VLDESPAR, VLSDVPAR, VLJINPAR, VLPAGJIN, VLSDVATU, VLJURA60, VLSDVSJI, INPREJUZ, DTREFATU, VLIOFCPL, VLIOFADC, VLTAXATU, VLPAGIOF, VLTARIOF, VLIOFPRI, DTDSTJUR, VLDSTCOR, VLDSTREM, INLQDREFIN)
	values (12, 99999374, 60028, 27, 2044.46, 0.00, null, null, 0.00, to_date('24-09-2025', 'dd-mm-yyyy'), to_date('24-05-2023', 'dd-mm-yyyy'), 2044.46, 0.00, 0.00, 1, 0.00, 0.00, 0.00, 0.00, 0.0000000000, 0.00, 0.0000000000, 0, to_date('24-05-2023', 'dd-mm-yyyy'), 0.00, 0.00, 13.65000000, 0.00, 0.00, 0.00, null, null, null, null);

	insert into crappep (CDCOOPER, NRDCONTA, NRCTREMP, NRPAREPR, VLPAREPR, VLJURPAR, VLMTAPAR, VLMRAPAR, VLMTZPAR, DTVENCTO, DTULTPAG, VLPAGPAR, VLPAGMTA, VLPAGMRA, INLIQUID, VLDESPAR, VLSDVPAR, VLJINPAR, VLPAGJIN, VLSDVATU, VLJURA60, VLSDVSJI, INPREJUZ, DTREFATU, VLIOFCPL, VLIOFADC, VLTAXATU, VLPAGIOF, VLTARIOF, VLIOFPRI, DTDSTJUR, VLDSTCOR, VLDSTREM, INLQDREFIN)
	values (12, 99999374, 60028, 28, 2044.46, 0.00, null, null, 0.00, to_date('24-10-2025', 'dd-mm-yyyy'), to_date('24-05-2023', 'dd-mm-yyyy'), 2044.46, 0.00, 0.00, 1, 0.00, 0.00, 0.00, 0.00, 0.0000000000, 0.00, 0.0000000000, 0, to_date('24-05-2023', 'dd-mm-yyyy'), 0.00, 0.00, 13.65000000, 0.00, 0.00, 0.00, null, null, null, null);

	insert into crappep (CDCOOPER, NRDCONTA, NRCTREMP, NRPAREPR, VLPAREPR, VLJURPAR, VLMTAPAR, VLMRAPAR, VLMTZPAR, DTVENCTO, DTULTPAG, VLPAGPAR, VLPAGMTA, VLPAGMRA, INLIQUID, VLDESPAR, VLSDVPAR, VLJINPAR, VLPAGJIN, VLSDVATU, VLJURA60, VLSDVSJI, INPREJUZ, DTREFATU, VLIOFCPL, VLIOFADC, VLTAXATU, VLPAGIOF, VLTARIOF, VLIOFPRI, DTDSTJUR, VLDSTCOR, VLDSTREM, INLQDREFIN)
	values (12, 99999374, 60028, 30, 2044.46, 0.00, null, null, 0.00, to_date('24-12-2025', 'dd-mm-yyyy'), to_date('24-05-2023', 'dd-mm-yyyy'), 2044.46, 0.00, 0.00, 1, 0.00, 0.00, 0.00, 0.00, 0.0000000000, 0.00, 0.0000000000, 0, to_date('24-05-2023', 'dd-mm-yyyy'), 0.00, 0.00, 13.65000000, 0.00, 0.00, 0.00, null, null, null, null);

	insert into crappep (CDCOOPER, NRDCONTA, NRCTREMP, NRPAREPR, VLPAREPR, VLJURPAR, VLMTAPAR, VLMRAPAR, VLMTZPAR, DTVENCTO, DTULTPAG, VLPAGPAR, VLPAGMTA, VLPAGMRA, INLIQUID, VLDESPAR, VLSDVPAR, VLJINPAR, VLPAGJIN, VLSDVATU, VLJURA60, VLSDVSJI, INPREJUZ, DTREFATU, VLIOFCPL, VLIOFADC, VLTAXATU, VLPAGIOF, VLTARIOF, VLIOFPRI, DTDSTJUR, VLDSTCOR, VLDSTREM, INLQDREFIN)
	values (12, 99999374, 60028, 34, 2044.46, 0.00, null, null, 0.00, to_date('24-04-2026', 'dd-mm-yyyy'), to_date('24-05-2023', 'dd-mm-yyyy'), 2044.46, 0.00, 0.00, 1, 0.00, 0.00, 0.00, 0.00, 0.0000000000, 0.00, 0.0000000000, 0, to_date('24-05-2023', 'dd-mm-yyyy'), 0.00, 0.00, 13.65000000, 0.00, 0.00, 0.00, null, null, null, null);

	insert into crappep (CDCOOPER, NRDCONTA, NRCTREMP, NRPAREPR, VLPAREPR, VLJURPAR, VLMTAPAR, VLMRAPAR, VLMTZPAR, DTVENCTO, DTULTPAG, VLPAGPAR, VLPAGMTA, VLPAGMRA, INLIQUID, VLDESPAR, VLSDVPAR, VLJINPAR, VLPAGJIN, VLSDVATU, VLJURA60, VLSDVSJI, INPREJUZ, DTREFATU, VLIOFCPL, VLIOFADC, VLTAXATU, VLPAGIOF, VLTARIOF, VLIOFPRI, DTDSTJUR, VLDSTCOR, VLDSTREM, INLQDREFIN)
	values (12, 99999374, 60028, 31, 2044.46, 0.00, null, null, 0.00, to_date('24-01-2026', 'dd-mm-yyyy'), to_date('24-05-2023', 'dd-mm-yyyy'), 2044.46, 0.00, 0.00, 1, 0.00, 0.00, 0.00, 0.00, 0.0000000000, 0.00, 0.0000000000, 0, to_date('24-05-2023', 'dd-mm-yyyy'), 0.00, 0.00, 13.65000000, 0.00, 0.00, 0.00, null, null, null, null);

	insert into crappep (CDCOOPER, NRDCONTA, NRCTREMP, NRPAREPR, VLPAREPR, VLJURPAR, VLMTAPAR, VLMRAPAR, VLMTZPAR, DTVENCTO, DTULTPAG, VLPAGPAR, VLPAGMTA, VLPAGMRA, INLIQUID, VLDESPAR, VLSDVPAR, VLJINPAR, VLPAGJIN, VLSDVATU, VLJURA60, VLSDVSJI, INPREJUZ, DTREFATU, VLIOFCPL, VLIOFADC, VLTAXATU, VLPAGIOF, VLTARIOF, VLIOFPRI, DTDSTJUR, VLDSTCOR, VLDSTREM, INLQDREFIN)
	values (12, 99999374, 60028, 32, 2044.46, 0.00, null, null, 0.00, to_date('24-02-2026', 'dd-mm-yyyy'), to_date('24-05-2023', 'dd-mm-yyyy'), 2044.46, 0.00, 0.00, 1, 0.00, 0.00, 0.00, 0.00, 0.0000000000, 0.00, 0.0000000000, 0, to_date('24-05-2023', 'dd-mm-yyyy'), 0.00, 0.00, 13.65000000, 0.00, 0.00, 0.00, null, null, null, null);

	insert into crappep (CDCOOPER, NRDCONTA, NRCTREMP, NRPAREPR, VLPAREPR, VLJURPAR, VLMTAPAR, VLMRAPAR, VLMTZPAR, DTVENCTO, DTULTPAG, VLPAGPAR, VLPAGMTA, VLPAGMRA, INLIQUID, VLDESPAR, VLSDVPAR, VLJINPAR, VLPAGJIN, VLSDVATU, VLJURA60, VLSDVSJI, INPREJUZ, DTREFATU, VLIOFCPL, VLIOFADC, VLTAXATU, VLPAGIOF, VLTARIOF, VLIOFPRI, DTDSTJUR, VLDSTCOR, VLDSTREM, INLQDREFIN)
	values (12, 99999374, 60028, 33, 2044.46, 0.00, null, null, 0.00, to_date('24-03-2026', 'dd-mm-yyyy'), to_date('24-05-2023', 'dd-mm-yyyy'), 2044.46, 0.00, 0.00, 1, 0.00, 0.00, 0.00, 0.00, 0.0000000000, 0.00, 0.0000000000, 0, to_date('24-05-2023', 'dd-mm-yyyy'), 0.00, 0.00, 13.65000000, 0.00, 0.00, 0.00, null, null, null, null);

	insert into crappep (CDCOOPER, NRDCONTA, NRCTREMP, NRPAREPR, VLPAREPR, VLJURPAR, VLMTAPAR, VLMRAPAR, VLMTZPAR, DTVENCTO, DTULTPAG, VLPAGPAR, VLPAGMTA, VLPAGMRA, INLIQUID, VLDESPAR, VLSDVPAR, VLJINPAR, VLPAGJIN, VLSDVATU, VLJURA60, VLSDVSJI, INPREJUZ, DTREFATU, VLIOFCPL, VLIOFADC, VLTAXATU, VLPAGIOF, VLTARIOF, VLIOFPRI, DTDSTJUR, VLDSTCOR, VLDSTREM, INLQDREFIN)
	values (12, 99999374, 60028, 35, 2044.46, 0.00, null, null, 0.00, to_date('24-05-2026', 'dd-mm-yyyy'), to_date('24-05-2023', 'dd-mm-yyyy'), 2044.46, 0.00, 0.00, 1, 0.00, 0.00, 0.00, 0.00, 0.0000000000, 0.00, 0.0000000000, 0, to_date('24-05-2023', 'dd-mm-yyyy'), 0.00, 0.00, 13.65000000, 0.00, 0.00, 0.00, null, null, null, null);

	insert into crappep (CDCOOPER, NRDCONTA, NRCTREMP, NRPAREPR, VLPAREPR, VLJURPAR, VLMTAPAR, VLMRAPAR, VLMTZPAR, DTVENCTO, DTULTPAG, VLPAGPAR, VLPAGMTA, VLPAGMRA, INLIQUID, VLDESPAR, VLSDVPAR, VLJINPAR, VLPAGJIN, VLSDVATU, VLJURA60, VLSDVSJI, INPREJUZ, DTREFATU, VLIOFCPL, VLIOFADC, VLTAXATU, VLPAGIOF, VLTARIOF, VLIOFPRI, DTDSTJUR, VLDSTCOR, VLDSTREM, INLQDREFIN)
	values (12, 99999374, 60028, 36, 2044.46, 0.00, null, null, 0.00, to_date('24-06-2026', 'dd-mm-yyyy'), to_date('24-05-2023', 'dd-mm-yyyy'), 2044.46, 0.00, 0.00, 1, 0.00, 0.00, 0.00, 0.00, 0.0000000000, 0.00, 0.0000000000, 0, to_date('24-05-2023', 'dd-mm-yyyy'), 0.00, 0.00, 13.65000000, 0.00, 0.00, 0.00, null, null, null, null);

	insert into crappep (CDCOOPER, NRDCONTA, NRCTREMP, NRPAREPR, VLPAREPR, VLJURPAR, VLMTAPAR, VLMRAPAR, VLMTZPAR, DTVENCTO, DTULTPAG, VLPAGPAR, VLPAGMTA, VLPAGMRA, INLIQUID, VLDESPAR, VLSDVPAR, VLJINPAR, VLPAGJIN, VLSDVATU, VLJURA60, VLSDVSJI, INPREJUZ, DTREFATU, VLIOFCPL, VLIOFADC, VLTAXATU, VLPAGIOF, VLTARIOF, VLIOFPRI, DTDSTJUR, VLDSTCOR, VLDSTREM, INLQDREFIN)
	values (12, 99999374, 60028, 37, 2044.46, 0.00, null, null, 0.00, to_date('24-07-2026', 'dd-mm-yyyy'), to_date('24-05-2023', 'dd-mm-yyyy'), 2044.46, 0.00, 0.00, 1, 0.00, 0.00, 0.00, 0.00, 0.0000000000, 0.00, 0.0000000000, 0, to_date('24-05-2023', 'dd-mm-yyyy'), 0.00, 0.00, 13.65000000, 0.00, 0.00, 0.00, null, null, null, null);

	insert into crappep (CDCOOPER, NRDCONTA, NRCTREMP, NRPAREPR, VLPAREPR, VLJURPAR, VLMTAPAR, VLMRAPAR, VLMTZPAR, DTVENCTO, DTULTPAG, VLPAGPAR, VLPAGMTA, VLPAGMRA, INLIQUID, VLDESPAR, VLSDVPAR, VLJINPAR, VLPAGJIN, VLSDVATU, VLJURA60, VLSDVSJI, INPREJUZ, DTREFATU, VLIOFCPL, VLIOFADC, VLTAXATU, VLPAGIOF, VLTARIOF, VLIOFPRI, DTDSTJUR, VLDSTCOR, VLDSTREM, INLQDREFIN)
	values (12, 99999374, 60028, 38, 2044.46, 0.00, null, null, 0.00, to_date('24-08-2026', 'dd-mm-yyyy'), to_date('24-05-2023', 'dd-mm-yyyy'), 2044.46, 0.00, 0.00, 1, 0.00, 0.00, 0.00, 0.00, 0.0000000000, 0.00, 0.0000000000, 0, to_date('24-05-2023', 'dd-mm-yyyy'), 0.00, 0.00, 13.65000000, 0.00, 0.00, 0.00, null, null, null, null);

	insert into crappep (CDCOOPER, NRDCONTA, NRCTREMP, NRPAREPR, VLPAREPR, VLJURPAR, VLMTAPAR, VLMRAPAR, VLMTZPAR, DTVENCTO, DTULTPAG, VLPAGPAR, VLPAGMTA, VLPAGMRA, INLIQUID, VLDESPAR, VLSDVPAR, VLJINPAR, VLPAGJIN, VLSDVATU, VLJURA60, VLSDVSJI, INPREJUZ, DTREFATU, VLIOFCPL, VLIOFADC, VLTAXATU, VLPAGIOF, VLTARIOF, VLIOFPRI, DTDSTJUR, VLDSTCOR, VLDSTREM, INLQDREFIN)
	values (12, 99825007, 59734, 4, 4456.95, 0.00, null, null, 0.00, to_date('22-12-2022', 'dd-mm-yyyy'), to_date('24-05-2023', 'dd-mm-yyyy'), 4456.96, 0.00, 0.00, 1, 0.00, 0.00, 0.00, 0.00, 0.0000000000, 0.00, 0.0000000000, 0, to_date('24-05-2023', 'dd-mm-yyyy'), 0.00, 0.00, 13.65000000, 0.00, 0.00, 0.00, null, null, null, null);

	insert into crappep (CDCOOPER, NRDCONTA, NRCTREMP, NRPAREPR, VLPAREPR, VLJURPAR, VLMTAPAR, VLMRAPAR, VLMTZPAR, DTVENCTO, DTULTPAG, VLPAGPAR, VLPAGMTA, VLPAGMRA, INLIQUID, VLDESPAR, VLSDVPAR, VLJINPAR, VLPAGJIN, VLSDVATU, VLJURA60, VLSDVSJI, INPREJUZ, DTREFATU, VLIOFCPL, VLIOFADC, VLTAXATU, VLPAGIOF, VLTARIOF, VLIOFPRI, DTDSTJUR, VLDSTCOR, VLDSTREM, INLQDREFIN)
	values (12, 99825007, 59734, 1, 4456.95, 0.00, null, null, 0.00, to_date('22-09-2022', 'dd-mm-yyyy'), to_date('24-05-2023', 'dd-mm-yyyy'), 4456.96, 0.00, 0.00, 1, 0.00, 0.00, 0.00, 0.00, 0.0000000000, 0.00, 0.0000000000, 0, to_date('24-05-2023', 'dd-mm-yyyy'), 0.00, 0.00, 13.65000000, 0.00, 0.00, 0.00, null, null, null, null);

	insert into crappep (CDCOOPER, NRDCONTA, NRCTREMP, NRPAREPR, VLPAREPR, VLJURPAR, VLMTAPAR, VLMRAPAR, VLMTZPAR, DTVENCTO, DTULTPAG, VLPAGPAR, VLPAGMTA, VLPAGMRA, INLIQUID, VLDESPAR, VLSDVPAR, VLJINPAR, VLPAGJIN, VLSDVATU, VLJURA60, VLSDVSJI, INPREJUZ, DTREFATU, VLIOFCPL, VLIOFADC, VLTAXATU, VLPAGIOF, VLTARIOF, VLIOFPRI, DTDSTJUR, VLDSTCOR, VLDSTREM, INLQDREFIN)
	values (12, 99825007, 59734, 2, 4456.95, 0.00, null, null, 0.00, to_date('22-10-2022', 'dd-mm-yyyy'), to_date('24-05-2023', 'dd-mm-yyyy'), 4456.96, 0.00, 0.00, 1, 0.00, 0.00, 0.00, 0.00, 0.0000000000, 0.00, 0.0000000000, 0, to_date('24-05-2023', 'dd-mm-yyyy'), 0.00, 0.00, 13.65000000, 0.00, 0.00, 0.00, null, null, null, null);

	insert into crappep (CDCOOPER, NRDCONTA, NRCTREMP, NRPAREPR, VLPAREPR, VLJURPAR, VLMTAPAR, VLMRAPAR, VLMTZPAR, DTVENCTO, DTULTPAG, VLPAGPAR, VLPAGMTA, VLPAGMRA, INLIQUID, VLDESPAR, VLSDVPAR, VLJINPAR, VLPAGJIN, VLSDVATU, VLJURA60, VLSDVSJI, INPREJUZ, DTREFATU, VLIOFCPL, VLIOFADC, VLTAXATU, VLPAGIOF, VLTARIOF, VLIOFPRI, DTDSTJUR, VLDSTCOR, VLDSTREM, INLQDREFIN)
	values (12, 99825007, 59734, 3, 4456.95, 0.00, null, null, 0.00, to_date('22-11-2022', 'dd-mm-yyyy'), to_date('24-05-2023', 'dd-mm-yyyy'), 4456.96, 0.00, 0.00, 1, 0.00, 0.00, 0.00, 0.00, 0.0000000000, 0.00, 0.0000000000, 0, to_date('24-05-2023', 'dd-mm-yyyy'), 0.00, 0.00, 13.65000000, 0.00, 0.00, 0.00, null, null, null, null);

	insert into crappep (CDCOOPER, NRDCONTA, NRCTREMP, NRPAREPR, VLPAREPR, VLJURPAR, VLMTAPAR, VLMRAPAR, VLMTZPAR, DTVENCTO, DTULTPAG, VLPAGPAR, VLPAGMTA, VLPAGMRA, INLIQUID, VLDESPAR, VLSDVPAR, VLJINPAR, VLPAGJIN, VLSDVATU, VLJURA60, VLSDVSJI, INPREJUZ, DTREFATU, VLIOFCPL, VLIOFADC, VLTAXATU, VLPAGIOF, VLTARIOF, VLIOFPRI, DTDSTJUR, VLDSTCOR, VLDSTREM, INLQDREFIN)
	values (12, 99825007, 59734, 5, 4456.95, 0.00, null, null, 0.00, to_date('22-01-2023', 'dd-mm-yyyy'), to_date('24-05-2023', 'dd-mm-yyyy'), 4456.96, 0.00, 0.00, 1, 0.00, 0.00, 0.00, 0.00, 0.0000000000, 0.00, 0.0000000000, 0, to_date('24-05-2023', 'dd-mm-yyyy'), 0.00, 0.00, 13.65000000, 0.00, 0.00, 0.00, null, null, null, null);

	insert into crappep (CDCOOPER, NRDCONTA, NRCTREMP, NRPAREPR, VLPAREPR, VLJURPAR, VLMTAPAR, VLMRAPAR, VLMTZPAR, DTVENCTO, DTULTPAG, VLPAGPAR, VLPAGMTA, VLPAGMRA, INLIQUID, VLDESPAR, VLSDVPAR, VLJINPAR, VLPAGJIN, VLSDVATU, VLJURA60, VLSDVSJI, INPREJUZ, DTREFATU, VLIOFCPL, VLIOFADC, VLTAXATU, VLPAGIOF, VLTARIOF, VLIOFPRI, DTDSTJUR, VLDSTCOR, VLDSTREM, INLQDREFIN)
	values (12, 99825007, 59734, 6, 4456.95, 0.00, null, null, 0.00, to_date('22-02-2023', 'dd-mm-yyyy'), to_date('24-05-2023', 'dd-mm-yyyy'), 4456.96, 0.00, 0.00, 1, 0.00, 0.00, 0.00, 0.00, 0.0000000000, 0.00, 0.0000000000, 0, to_date('24-05-2023', 'dd-mm-yyyy'), 0.00, 0.00, 13.65000000, 0.00, 0.00, 0.00, null, null, null, null);

	insert into crappep (CDCOOPER, NRDCONTA, NRCTREMP, NRPAREPR, VLPAREPR, VLJURPAR, VLMTAPAR, VLMRAPAR, VLMTZPAR, DTVENCTO, DTULTPAG, VLPAGPAR, VLPAGMTA, VLPAGMRA, INLIQUID, VLDESPAR, VLSDVPAR, VLJINPAR, VLPAGJIN, VLSDVATU, VLJURA60, VLSDVSJI, INPREJUZ, DTREFATU, VLIOFCPL, VLIOFADC, VLTAXATU, VLPAGIOF, VLTARIOF, VLIOFPRI, DTDSTJUR, VLDSTCOR, VLDSTREM, INLQDREFIN)
	values (12, 99825007, 59734, 12, 4456.96, 0.00, null, null, 0.00, to_date('22-08-2023', 'dd-mm-yyyy'), to_date('24-05-2023', 'dd-mm-yyyy'), 4456.96, 0.00, 0.00, 1, 0.00, 0.00, 0.00, 0.00, 0.0000000000, 0.00, 0.0000000000, 0, to_date('24-05-2023', 'dd-mm-yyyy'), 0.00, 0.00, 13.65000000, 0.00, 0.00, 0.00, null, null, null, null);

	insert into crappep (CDCOOPER, NRDCONTA, NRCTREMP, NRPAREPR, VLPAREPR, VLJURPAR, VLMTAPAR, VLMRAPAR, VLMTZPAR, DTVENCTO, DTULTPAG, VLPAGPAR, VLPAGMTA, VLPAGMRA, INLIQUID, VLDESPAR, VLSDVPAR, VLJINPAR, VLPAGJIN, VLSDVATU, VLJURA60, VLSDVSJI, INPREJUZ, DTREFATU, VLIOFCPL, VLIOFADC, VLTAXATU, VLPAGIOF, VLTARIOF, VLIOFPRI, DTDSTJUR, VLDSTCOR, VLDSTREM, INLQDREFIN)
	values (12, 99825007, 59734, 7, 4456.95, 0.00, null, null, 0.00, to_date('22-03-2023', 'dd-mm-yyyy'), to_date('24-05-2023', 'dd-mm-yyyy'), 4456.96, 0.00, 0.00, 1, 0.00, 0.00, 0.00, 0.00, 0.0000000000, 0.00, 0.0000000000, 0, to_date('24-05-2023', 'dd-mm-yyyy'), 0.00, 0.00, 13.65000000, 0.00, 0.00, 0.00, null, null, null, null);

	insert into crappep (CDCOOPER, NRDCONTA, NRCTREMP, NRPAREPR, VLPAREPR, VLJURPAR, VLMTAPAR, VLMRAPAR, VLMTZPAR, DTVENCTO, DTULTPAG, VLPAGPAR, VLPAGMTA, VLPAGMRA, INLIQUID, VLDESPAR, VLSDVPAR, VLJINPAR, VLPAGJIN, VLSDVATU, VLJURA60, VLSDVSJI, INPREJUZ, DTREFATU, VLIOFCPL, VLIOFADC, VLTAXATU, VLPAGIOF, VLTARIOF, VLIOFPRI, DTDSTJUR, VLDSTCOR, VLDSTREM, INLQDREFIN)
	values (12, 99825007, 59734, 8, 4456.96, 0.00, null, null, 0.00, to_date('22-04-2023', 'dd-mm-yyyy'), to_date('24-05-2023', 'dd-mm-yyyy'), 4456.96, 0.00, 0.00, 1, 0.00, 0.00, 0.00, 0.00, 0.0000000000, 0.00, 0.0000000000, 0, to_date('24-05-2023', 'dd-mm-yyyy'), 0.00, 0.00, 13.65000000, 0.00, 0.00, 0.00, null, null, null, null);

	insert into crappep (CDCOOPER, NRDCONTA, NRCTREMP, NRPAREPR, VLPAREPR, VLJURPAR, VLMTAPAR, VLMRAPAR, VLMTZPAR, DTVENCTO, DTULTPAG, VLPAGPAR, VLPAGMTA, VLPAGMRA, INLIQUID, VLDESPAR, VLSDVPAR, VLJINPAR, VLPAGJIN, VLSDVATU, VLJURA60, VLSDVSJI, INPREJUZ, DTREFATU, VLIOFCPL, VLIOFADC, VLTAXATU, VLPAGIOF, VLTARIOF, VLIOFPRI, DTDSTJUR, VLDSTCOR, VLDSTREM, INLQDREFIN)
	values (12, 99825007, 59734, 9, 4456.95, 0.00, null, null, 0.00, to_date('22-05-2023', 'dd-mm-yyyy'), to_date('24-05-2023', 'dd-mm-yyyy'), 4456.96, 0.00, 0.00, 1, 0.00, 0.00, 0.00, 0.00, 0.0000000000, 0.00, 0.0000000000, 0, to_date('24-05-2023', 'dd-mm-yyyy'), 0.00, 0.00, 13.65000000, 0.00, 0.00, 0.00, null, null, null, null);

	insert into crappep (CDCOOPER, NRDCONTA, NRCTREMP, NRPAREPR, VLPAREPR, VLJURPAR, VLMTAPAR, VLMRAPAR, VLMTZPAR, DTVENCTO, DTULTPAG, VLPAGPAR, VLPAGMTA, VLPAGMRA, INLIQUID, VLDESPAR, VLSDVPAR, VLJINPAR, VLPAGJIN, VLSDVATU, VLJURA60, VLSDVSJI, INPREJUZ, DTREFATU, VLIOFCPL, VLIOFADC, VLTAXATU, VLPAGIOF, VLTARIOF, VLIOFPRI, DTDSTJUR, VLDSTCOR, VLDSTREM, INLQDREFIN)
	values (12, 99825007, 59734, 10, 4456.96, 0.00, null, null, 0.00, to_date('22-06-2023', 'dd-mm-yyyy'), to_date('24-05-2023', 'dd-mm-yyyy'), 4456.96, 0.00, 0.00, 1, 0.00, 0.00, 0.00, 0.00, 0.0000000000, 0.00, 0.0000000000, 0, to_date('24-05-2023', 'dd-mm-yyyy'), 0.00, 0.00, 13.65000000, 0.00, 0.00, 0.00, null, null, null, null);

	insert into crappep (CDCOOPER, NRDCONTA, NRCTREMP, NRPAREPR, VLPAREPR, VLJURPAR, VLMTAPAR, VLMRAPAR, VLMTZPAR, DTVENCTO, DTULTPAG, VLPAGPAR, VLPAGMTA, VLPAGMRA, INLIQUID, VLDESPAR, VLSDVPAR, VLJINPAR, VLPAGJIN, VLSDVATU, VLJURA60, VLSDVSJI, INPREJUZ, DTREFATU, VLIOFCPL, VLIOFADC, VLTAXATU, VLPAGIOF, VLTARIOF, VLIOFPRI, DTDSTJUR, VLDSTCOR, VLDSTREM, INLQDREFIN)
	values (12, 99825007, 59734, 11, 4456.96, 0.00, null, null, 0.00, to_date('22-07-2023', 'dd-mm-yyyy'), to_date('24-05-2023', 'dd-mm-yyyy'), 4456.96, 0.00, 0.00, 1, 0.00, 0.00, 0.00, 0.00, 0.0000000000, 0.00, 0.0000000000, 0, to_date('24-05-2023', 'dd-mm-yyyy'), 0.00, 0.00, 13.65000000, 0.00, 0.00, 0.00, null, null, null, null);

	insert into crappep (CDCOOPER, NRDCONTA, NRCTREMP, NRPAREPR, VLPAREPR, VLJURPAR, VLMTAPAR, VLMRAPAR, VLMTZPAR, DTVENCTO, DTULTPAG, VLPAGPAR, VLPAGMTA, VLPAGMRA, INLIQUID, VLDESPAR, VLSDVPAR, VLJINPAR, VLPAGJIN, VLSDVATU, VLJURA60, VLSDVSJI, INPREJUZ, DTREFATU, VLIOFCPL, VLIOFADC, VLTAXATU, VLPAGIOF, VLTARIOF, VLIOFPRI, DTDSTJUR, VLDSTCOR, VLDSTREM, INLQDREFIN)
	values (12, 99825007, 59734, 13, 4456.96, 0.00, null, null, 0.00, to_date('22-09-2023', 'dd-mm-yyyy'), to_date('24-05-2023', 'dd-mm-yyyy'), 4456.96, 0.00, 0.00, 1, 0.00, 0.00, 0.00, 0.00, 0.0000000000, 0.00, 0.0000000000, 0, to_date('24-05-2023', 'dd-mm-yyyy'), 0.00, 0.00, 13.65000000, 0.00, 0.00, 0.00, null, null, null, null);

	insert into crappep (CDCOOPER, NRDCONTA, NRCTREMP, NRPAREPR, VLPAREPR, VLJURPAR, VLMTAPAR, VLMRAPAR, VLMTZPAR, DTVENCTO, DTULTPAG, VLPAGPAR, VLPAGMTA, VLPAGMRA, INLIQUID, VLDESPAR, VLSDVPAR, VLJINPAR, VLPAGJIN, VLSDVATU, VLJURA60, VLSDVSJI, INPREJUZ, DTREFATU, VLIOFCPL, VLIOFADC, VLTAXATU, VLPAGIOF, VLTARIOF, VLIOFPRI, DTDSTJUR, VLDSTCOR, VLDSTREM, INLQDREFIN)
	values (12, 99825007, 59734, 14, 4456.96, 0.00, null, null, 0.00, to_date('22-10-2023', 'dd-mm-yyyy'), to_date('24-05-2023', 'dd-mm-yyyy'), 4456.96, 0.00, 0.00, 1, 0.00, 0.00, 0.00, 0.00, 0.0000000000, 0.00, 0.0000000000, 0, to_date('24-05-2023', 'dd-mm-yyyy'), 0.00, 0.00, 13.65000000, 0.00, 0.00, 0.00, null, null, null, null);

	insert into crappep (CDCOOPER, NRDCONTA, NRCTREMP, NRPAREPR, VLPAREPR, VLJURPAR, VLMTAPAR, VLMRAPAR, VLMTZPAR, DTVENCTO, DTULTPAG, VLPAGPAR, VLPAGMTA, VLPAGMRA, INLIQUID, VLDESPAR, VLSDVPAR, VLJINPAR, VLPAGJIN, VLSDVATU, VLJURA60, VLSDVSJI, INPREJUZ, DTREFATU, VLIOFCPL, VLIOFADC, VLTAXATU, VLPAGIOF, VLTARIOF, VLIOFPRI, DTDSTJUR, VLDSTCOR, VLDSTREM, INLQDREFIN)
	values (12, 99825007, 59734, 18, 4456.96, 0.00, null, null, 0.00, to_date('22-02-2024', 'dd-mm-yyyy'), to_date('24-05-2023', 'dd-mm-yyyy'), 4456.96, 0.00, 0.00, 1, 0.00, 0.00, 0.00, 0.00, 0.0000000000, 0.00, 0.0000000000, 0, to_date('24-05-2023', 'dd-mm-yyyy'), 0.00, 0.00, 13.65000000, 0.00, 0.00, 0.00, null, null, null, null);

	insert into crappep (CDCOOPER, NRDCONTA, NRCTREMP, NRPAREPR, VLPAREPR, VLJURPAR, VLMTAPAR, VLMRAPAR, VLMTZPAR, DTVENCTO, DTULTPAG, VLPAGPAR, VLPAGMTA, VLPAGMRA, INLIQUID, VLDESPAR, VLSDVPAR, VLJINPAR, VLPAGJIN, VLSDVATU, VLJURA60, VLSDVSJI, INPREJUZ, DTREFATU, VLIOFCPL, VLIOFADC, VLTAXATU, VLPAGIOF, VLTARIOF, VLIOFPRI, DTDSTJUR, VLDSTCOR, VLDSTREM, INLQDREFIN)
	values (12, 99825007, 59734, 15, 4456.96, 0.00, null, null, 0.00, to_date('22-11-2023', 'dd-mm-yyyy'), to_date('24-05-2023', 'dd-mm-yyyy'), 4456.96, 0.00, 0.00, 1, 0.00, 0.00, 0.00, 0.00, 0.0000000000, 0.00, 0.0000000000, 0, to_date('24-05-2023', 'dd-mm-yyyy'), 0.00, 0.00, 13.65000000, 0.00, 0.00, 0.00, null, null, null, null);

	insert into crappep (CDCOOPER, NRDCONTA, NRCTREMP, NRPAREPR, VLPAREPR, VLJURPAR, VLMTAPAR, VLMRAPAR, VLMTZPAR, DTVENCTO, DTULTPAG, VLPAGPAR, VLPAGMTA, VLPAGMRA, INLIQUID, VLDESPAR, VLSDVPAR, VLJINPAR, VLPAGJIN, VLSDVATU, VLJURA60, VLSDVSJI, INPREJUZ, DTREFATU, VLIOFCPL, VLIOFADC, VLTAXATU, VLPAGIOF, VLTARIOF, VLIOFPRI, DTDSTJUR, VLDSTCOR, VLDSTREM, INLQDREFIN)
	values (12, 99825007, 59734, 16, 4456.96, 0.00, null, null, 0.00, to_date('22-12-2023', 'dd-mm-yyyy'), to_date('24-05-2023', 'dd-mm-yyyy'), 4456.96, 0.00, 0.00, 1, 0.00, 0.00, 0.00, 0.00, 0.0000000000, 0.00, 0.0000000000, 0, to_date('24-05-2023', 'dd-mm-yyyy'), 0.00, 0.00, 13.65000000, 0.00, 0.00, 0.00, null, null, null, null);

	insert into crappep (CDCOOPER, NRDCONTA, NRCTREMP, NRPAREPR, VLPAREPR, VLJURPAR, VLMTAPAR, VLMRAPAR, VLMTZPAR, DTVENCTO, DTULTPAG, VLPAGPAR, VLPAGMTA, VLPAGMRA, INLIQUID, VLDESPAR, VLSDVPAR, VLJINPAR, VLPAGJIN, VLSDVATU, VLJURA60, VLSDVSJI, INPREJUZ, DTREFATU, VLIOFCPL, VLIOFADC, VLTAXATU, VLPAGIOF, VLTARIOF, VLIOFPRI, DTDSTJUR, VLDSTCOR, VLDSTREM, INLQDREFIN)
	values (12, 99825007, 59734, 17, 4456.96, 0.00, null, null, 0.00, to_date('22-01-2024', 'dd-mm-yyyy'), to_date('24-05-2023', 'dd-mm-yyyy'), 4456.96, 0.00, 0.00, 1, 0.00, 0.00, 0.00, 0.00, 0.0000000000, 0.00, 0.0000000000, 0, to_date('24-05-2023', 'dd-mm-yyyy'), 0.00, 0.00, 13.65000000, 0.00, 0.00, 0.00, null, null, null, null);

	insert into crappep (CDCOOPER, NRDCONTA, NRCTREMP, NRPAREPR, VLPAREPR, VLJURPAR, VLMTAPAR, VLMRAPAR, VLMTZPAR, DTVENCTO, DTULTPAG, VLPAGPAR, VLPAGMTA, VLPAGMRA, INLIQUID, VLDESPAR, VLSDVPAR, VLJINPAR, VLPAGJIN, VLSDVATU, VLJURA60, VLSDVSJI, INPREJUZ, DTREFATU, VLIOFCPL, VLIOFADC, VLTAXATU, VLPAGIOF, VLTARIOF, VLIOFPRI, DTDSTJUR, VLDSTCOR, VLDSTREM, INLQDREFIN)
	values (12, 99825007, 59734, 19, 4456.96, 0.00, null, null, 0.00, to_date('22-03-2024', 'dd-mm-yyyy'), to_date('24-05-2023', 'dd-mm-yyyy'), 4456.96, 0.00, 0.00, 1, 0.00, 0.00, 0.00, 0.00, 0.0000000000, 0.00, 0.0000000000, 0, to_date('24-05-2023', 'dd-mm-yyyy'), 0.00, 0.00, 13.65000000, 0.00, 0.00, 0.00, null, null, null, null);

	insert into crappep (CDCOOPER, NRDCONTA, NRCTREMP, NRPAREPR, VLPAREPR, VLJURPAR, VLMTAPAR, VLMRAPAR, VLMTZPAR, DTVENCTO, DTULTPAG, VLPAGPAR, VLPAGMTA, VLPAGMRA, INLIQUID, VLDESPAR, VLSDVPAR, VLJINPAR, VLPAGJIN, VLSDVATU, VLJURA60, VLSDVSJI, INPREJUZ, DTREFATU, VLIOFCPL, VLIOFADC, VLTAXATU, VLPAGIOF, VLTARIOF, VLIOFPRI, DTDSTJUR, VLDSTCOR, VLDSTREM, INLQDREFIN)
	values (12, 99825007, 59734, 20, 4456.96, 0.00, null, null, 0.00, to_date('22-04-2024', 'dd-mm-yyyy'), to_date('24-05-2023', 'dd-mm-yyyy'), 4456.96, 0.00, 0.00, 1, 0.00, 0.00, 0.00, 0.00, 0.0000000000, 0.00, 0.0000000000, 0, to_date('24-05-2023', 'dd-mm-yyyy'), 0.00, 0.00, 13.65000000, 0.00, 0.00, 0.00, null, null, null, null);

	insert into crappep (CDCOOPER, NRDCONTA, NRCTREMP, NRPAREPR, VLPAREPR, VLJURPAR, VLMTAPAR, VLMRAPAR, VLMTZPAR, DTVENCTO, DTULTPAG, VLPAGPAR, VLPAGMTA, VLPAGMRA, INLIQUID, VLDESPAR, VLSDVPAR, VLJINPAR, VLPAGJIN, VLSDVATU, VLJURA60, VLSDVSJI, INPREJUZ, DTREFATU, VLIOFCPL, VLIOFADC, VLTAXATU, VLPAGIOF, VLTARIOF, VLIOFPRI, DTDSTJUR, VLDSTCOR, VLDSTREM, INLQDREFIN)
	values (12, 99825007, 59734, 21, 4456.96, 0.00, null, null, 0.00, to_date('22-05-2024', 'dd-mm-yyyy'), to_date('24-05-2023', 'dd-mm-yyyy'), 4456.96, 0.00, 0.00, 1, 0.00, 0.00, 0.00, 0.00, 0.0000000000, 0.00, 0.0000000000, 0, to_date('24-05-2023', 'dd-mm-yyyy'), 0.00, 0.00, 13.65000000, 0.00, 0.00, 0.00, null, null, null, null);

	insert into crappep (CDCOOPER, NRDCONTA, NRCTREMP, NRPAREPR, VLPAREPR, VLJURPAR, VLMTAPAR, VLMRAPAR, VLMTZPAR, DTVENCTO, DTULTPAG, VLPAGPAR, VLPAGMTA, VLPAGMRA, INLIQUID, VLDESPAR, VLSDVPAR, VLJINPAR, VLPAGJIN, VLSDVATU, VLJURA60, VLSDVSJI, INPREJUZ, DTREFATU, VLIOFCPL, VLIOFADC, VLTAXATU, VLPAGIOF, VLTARIOF, VLIOFPRI, DTDSTJUR, VLDSTCOR, VLDSTREM, INLQDREFIN)
	values (12, 99825007, 59734, 22, 4456.96, 0.00, null, null, 0.00, to_date('22-06-2024', 'dd-mm-yyyy'), to_date('24-05-2023', 'dd-mm-yyyy'), 4456.96, 0.00, 0.00, 1, 0.00, 0.00, 0.00, 0.00, 0.0000000000, 0.00, 0.0000000000, 0, to_date('24-05-2023', 'dd-mm-yyyy'), 0.00, 0.00, 13.65000000, 0.00, 0.00, 0.00, null, null, null, null);

	insert into crappep (CDCOOPER, NRDCONTA, NRCTREMP, NRPAREPR, VLPAREPR, VLJURPAR, VLMTAPAR, VLMRAPAR, VLMTZPAR, DTVENCTO, DTULTPAG, VLPAGPAR, VLPAGMTA, VLPAGMRA, INLIQUID, VLDESPAR, VLSDVPAR, VLJINPAR, VLPAGJIN, VLSDVATU, VLJURA60, VLSDVSJI, INPREJUZ, DTREFATU, VLIOFCPL, VLIOFADC, VLTAXATU, VLPAGIOF, VLTARIOF, VLIOFPRI, DTDSTJUR, VLDSTCOR, VLDSTREM, INLQDREFIN)
	values (12, 99825007, 59734, 23, 4456.96, 0.00, null, null, 0.00, to_date('22-07-2024', 'dd-mm-yyyy'), to_date('24-05-2023', 'dd-mm-yyyy'), 4456.96, 0.00, 0.00, 1, 0.00, 0.00, 0.00, 0.00, 0.0000000000, 0.00, 0.0000000000, 0, to_date('24-05-2023', 'dd-mm-yyyy'), 0.00, 0.00, 13.65000000, 0.00, 0.00, 0.00, null, null, null, null);

	insert into crappep (CDCOOPER, NRDCONTA, NRCTREMP, NRPAREPR, VLPAREPR, VLJURPAR, VLMTAPAR, VLMRAPAR, VLMTZPAR, DTVENCTO, DTULTPAG, VLPAGPAR, VLPAGMTA, VLPAGMRA, INLIQUID, VLDESPAR, VLSDVPAR, VLJINPAR, VLPAGJIN, VLSDVATU, VLJURA60, VLSDVSJI, INPREJUZ, DTREFATU, VLIOFCPL, VLIOFADC, VLTAXATU, VLPAGIOF, VLTARIOF, VLIOFPRI, DTDSTJUR, VLDSTCOR, VLDSTREM, INLQDREFIN)
	values (12, 99825007, 59734, 24, 4456.96, 0.00, null, null, 0.00, to_date('22-08-2024', 'dd-mm-yyyy'), to_date('24-05-2023', 'dd-mm-yyyy'), 4456.96, 0.00, 0.00, 1, 0.00, 0.00, 0.00, 0.00, 0.0000000000, 0.00, 0.0000000000, 0, to_date('24-05-2023', 'dd-mm-yyyy'), 0.00, 0.00, 13.65000000, 0.00, 0.00, 0.00, null, null, null, null);

	insert into crappep (CDCOOPER, NRDCONTA, NRCTREMP, NRPAREPR, VLPAREPR, VLJURPAR, VLMTAPAR, VLMRAPAR, VLMTZPAR, DTVENCTO, DTULTPAG, VLPAGPAR, VLPAGMTA, VLPAGMRA, INLIQUID, VLDESPAR, VLSDVPAR, VLJINPAR, VLPAGJIN, VLSDVATU, VLJURA60, VLSDVSJI, INPREJUZ, DTREFATU, VLIOFCPL, VLIOFADC, VLTAXATU, VLPAGIOF, VLTARIOF, VLIOFPRI, DTDSTJUR, VLDSTCOR, VLDSTREM, INLQDREFIN)
	values (12, 99825007, 59734, 25, 4456.96, 0.00, null, null, 0.00, to_date('22-09-2024', 'dd-mm-yyyy'), to_date('24-05-2023', 'dd-mm-yyyy'), 4456.96, 0.00, 0.00, 1, 0.00, 0.00, 0.00, 0.00, 0.0000000000, 0.00, 0.0000000000, 0, to_date('24-05-2023', 'dd-mm-yyyy'), 0.00, 0.00, 13.65000000, 0.00, 0.00, 0.00, null, null, null, null);

	insert into crappep (CDCOOPER, NRDCONTA, NRCTREMP, NRPAREPR, VLPAREPR, VLJURPAR, VLMTAPAR, VLMRAPAR, VLMTZPAR, DTVENCTO, DTULTPAG, VLPAGPAR, VLPAGMTA, VLPAGMRA, INLIQUID, VLDESPAR, VLSDVPAR, VLJINPAR, VLPAGJIN, VLSDVATU, VLJURA60, VLSDVSJI, INPREJUZ, DTREFATU, VLIOFCPL, VLIOFADC, VLTAXATU, VLPAGIOF, VLTARIOF, VLIOFPRI, DTDSTJUR, VLDSTCOR, VLDSTREM, INLQDREFIN)
	values (12, 99825007, 59734, 26, 4456.96, 0.00, null, null, 0.00, to_date('22-10-2024', 'dd-mm-yyyy'), to_date('24-05-2023', 'dd-mm-yyyy'), 4456.96, 0.00, 0.00, 1, 0.00, 0.00, 0.00, 0.00, 0.0000000000, 0.00, 0.0000000000, 0, to_date('24-05-2023', 'dd-mm-yyyy'), 0.00, 0.00, 13.65000000, 0.00, 0.00, 0.00, null, null, null, null);

	insert into crappep (CDCOOPER, NRDCONTA, NRCTREMP, NRPAREPR, VLPAREPR, VLJURPAR, VLMTAPAR, VLMRAPAR, VLMTZPAR, DTVENCTO, DTULTPAG, VLPAGPAR, VLPAGMTA, VLPAGMRA, INLIQUID, VLDESPAR, VLSDVPAR, VLJINPAR, VLPAGJIN, VLSDVATU, VLJURA60, VLSDVSJI, INPREJUZ, DTREFATU, VLIOFCPL, VLIOFADC, VLTAXATU, VLPAGIOF, VLTARIOF, VLIOFPRI, DTDSTJUR, VLDSTCOR, VLDSTREM, INLQDREFIN)
	values (12, 99825007, 59734, 27, 4456.96, 0.00, null, null, 0.00, to_date('22-11-2024', 'dd-mm-yyyy'), to_date('24-05-2023', 'dd-mm-yyyy'), 4456.96, 0.00, 0.00, 1, 0.00, 0.00, 0.00, 0.00, 0.0000000000, 0.00, 0.0000000000, 0, to_date('24-05-2023', 'dd-mm-yyyy'), 0.00, 0.00, 13.65000000, 0.00, 0.00, 0.00, null, null, null, null);

	insert into crappep (CDCOOPER, NRDCONTA, NRCTREMP, NRPAREPR, VLPAREPR, VLJURPAR, VLMTAPAR, VLMRAPAR, VLMTZPAR, DTVENCTO, DTULTPAG, VLPAGPAR, VLPAGMTA, VLPAGMRA, INLIQUID, VLDESPAR, VLSDVPAR, VLJINPAR, VLPAGJIN, VLSDVATU, VLJURA60, VLSDVSJI, INPREJUZ, DTREFATU, VLIOFCPL, VLIOFADC, VLTAXATU, VLPAGIOF, VLTARIOF, VLIOFPRI, DTDSTJUR, VLDSTCOR, VLDSTREM, INLQDREFIN)
	values (12, 99825007, 59734, 28, 4456.96, 0.00, null, null, 0.00, to_date('22-12-2024', 'dd-mm-yyyy'), to_date('24-05-2023', 'dd-mm-yyyy'), 4456.96, 0.00, 0.00, 1, 0.00, 0.00, 0.00, 0.00, 0.0000000000, 0.00, 0.0000000000, 0, to_date('24-05-2023', 'dd-mm-yyyy'), 0.00, 0.00, 13.65000000, 0.00, 0.00, 0.00, null, null, null, null);

	insert into crappep (CDCOOPER, NRDCONTA, NRCTREMP, NRPAREPR, VLPAREPR, VLJURPAR, VLMTAPAR, VLMRAPAR, VLMTZPAR, DTVENCTO, DTULTPAG, VLPAGPAR, VLPAGMTA, VLPAGMRA, INLIQUID, VLDESPAR, VLSDVPAR, VLJINPAR, VLPAGJIN, VLSDVATU, VLJURA60, VLSDVSJI, INPREJUZ, DTREFATU, VLIOFCPL, VLIOFADC, VLTAXATU, VLPAGIOF, VLTARIOF, VLIOFPRI, DTDSTJUR, VLDSTCOR, VLDSTREM, INLQDREFIN)
	values (12, 99825007, 59734, 29, 4456.96, 0.00, null, null, 0.00, to_date('22-01-2025', 'dd-mm-yyyy'), to_date('24-05-2023', 'dd-mm-yyyy'), 4456.96, 0.00, 0.00, 1, 0.00, 0.00, 0.00, 0.00, 0.0000000000, 0.00, 0.0000000000, 0, to_date('24-05-2023', 'dd-mm-yyyy'), 0.00, 0.00, 13.65000000, 0.00, 0.00, 0.00, null, null, null, null);

	insert into crappep (CDCOOPER, NRDCONTA, NRCTREMP, NRPAREPR, VLPAREPR, VLJURPAR, VLMTAPAR, VLMRAPAR, VLMTZPAR, DTVENCTO, DTULTPAG, VLPAGPAR, VLPAGMTA, VLPAGMRA, INLIQUID, VLDESPAR, VLSDVPAR, VLJINPAR, VLPAGJIN, VLSDVATU, VLJURA60, VLSDVSJI, INPREJUZ, DTREFATU, VLIOFCPL, VLIOFADC, VLTAXATU, VLPAGIOF, VLTARIOF, VLIOFPRI, DTDSTJUR, VLDSTCOR, VLDSTREM, INLQDREFIN)
	values (12, 99825007, 59734, 30, 4456.96, 0.00, null, null, 0.00, to_date('22-02-2025', 'dd-mm-yyyy'), to_date('24-05-2023', 'dd-mm-yyyy'), 4456.96, 0.00, 0.00, 1, 0.00, 0.00, 0.00, 0.00, 0.0000000000, 0.00, 0.0000000000, 0, to_date('24-05-2023', 'dd-mm-yyyy'), 0.00, 0.00, 13.65000000, 0.00, 0.00, 0.00, null, null, null, null);

	insert into crappep (CDCOOPER, NRDCONTA, NRCTREMP, NRPAREPR, VLPAREPR, VLJURPAR, VLMTAPAR, VLMRAPAR, VLMTZPAR, DTVENCTO, DTULTPAG, VLPAGPAR, VLPAGMTA, VLPAGMRA, INLIQUID, VLDESPAR, VLSDVPAR, VLJINPAR, VLPAGJIN, VLSDVATU, VLJURA60, VLSDVSJI, INPREJUZ, DTREFATU, VLIOFCPL, VLIOFADC, VLTAXATU, VLPAGIOF, VLTARIOF, VLIOFPRI, DTDSTJUR, VLDSTCOR, VLDSTREM, INLQDREFIN)
	values (12, 99825007, 59734, 31, 4456.96, 0.00, null, null, 0.00, to_date('22-03-2025', 'dd-mm-yyyy'), to_date('24-05-2023', 'dd-mm-yyyy'), 4456.96, 0.00, 0.00, 1, 0.00, 0.00, 0.00, 0.00, 0.0000000000, 0.00, 0.0000000000, 0, to_date('24-05-2023', 'dd-mm-yyyy'), 0.00, 0.00, 13.65000000, 0.00, 0.00, 0.00, null, null, null, null);

	insert into crappep (CDCOOPER, NRDCONTA, NRCTREMP, NRPAREPR, VLPAREPR, VLJURPAR, VLMTAPAR, VLMRAPAR, VLMTZPAR, DTVENCTO, DTULTPAG, VLPAGPAR, VLPAGMTA, VLPAGMRA, INLIQUID, VLDESPAR, VLSDVPAR, VLJINPAR, VLPAGJIN, VLSDVATU, VLJURA60, VLSDVSJI, INPREJUZ, DTREFATU, VLIOFCPL, VLIOFADC, VLTAXATU, VLPAGIOF, VLTARIOF, VLIOFPRI, DTDSTJUR, VLDSTCOR, VLDSTREM, INLQDREFIN)
	values (12, 99825007, 59734, 32, 4456.96, 0.00, null, null, 0.00, to_date('22-04-2025', 'dd-mm-yyyy'), to_date('24-05-2023', 'dd-mm-yyyy'), 4456.96, 0.00, 0.00, 1, 0.00, 0.00, 0.00, 0.00, 0.0000000000, 0.00, 0.0000000000, 0, to_date('24-05-2023', 'dd-mm-yyyy'), 0.00, 0.00, 13.65000000, 0.00, 0.00, 0.00, null, null, null, null);

	insert into crappep (CDCOOPER, NRDCONTA, NRCTREMP, NRPAREPR, VLPAREPR, VLJURPAR, VLMTAPAR, VLMRAPAR, VLMTZPAR, DTVENCTO, DTULTPAG, VLPAGPAR, VLPAGMTA, VLPAGMRA, INLIQUID, VLDESPAR, VLSDVPAR, VLJINPAR, VLPAGJIN, VLSDVATU, VLJURA60, VLSDVSJI, INPREJUZ, DTREFATU, VLIOFCPL, VLIOFADC, VLTAXATU, VLPAGIOF, VLTARIOF, VLIOFPRI, DTDSTJUR, VLDSTCOR, VLDSTREM, INLQDREFIN)
	values (12, 99825007, 59734, 33, 4456.96, 0.00, null, null, 0.00, to_date('22-05-2025', 'dd-mm-yyyy'), to_date('24-05-2023', 'dd-mm-yyyy'), 4456.96, 0.00, 0.00, 1, 0.00, 0.00, 0.00, 0.00, 0.0000000000, 0.00, 0.0000000000, 0, to_date('24-05-2023', 'dd-mm-yyyy'), 0.00, 0.00, 13.65000000, 0.00, 0.00, 0.00, null, null, null, null);

	insert into crappep (CDCOOPER, NRDCONTA, NRCTREMP, NRPAREPR, VLPAREPR, VLJURPAR, VLMTAPAR, VLMRAPAR, VLMTZPAR, DTVENCTO, DTULTPAG, VLPAGPAR, VLPAGMTA, VLPAGMRA, INLIQUID, VLDESPAR, VLSDVPAR, VLJINPAR, VLPAGJIN, VLSDVATU, VLJURA60, VLSDVSJI, INPREJUZ, DTREFATU, VLIOFCPL, VLIOFADC, VLTAXATU, VLPAGIOF, VLTARIOF, VLIOFPRI, DTDSTJUR, VLDSTCOR, VLDSTREM, INLQDREFIN)
	values (12, 99825007, 59734, 34, 4456.96, 0.00, null, null, 0.00, to_date('22-06-2025', 'dd-mm-yyyy'), to_date('24-05-2023', 'dd-mm-yyyy'), 4456.96, 0.00, 0.00, 1, 0.00, 0.00, 0.00, 0.00, 0.0000000000, 0.00, 0.0000000000, 0, to_date('24-05-2023', 'dd-mm-yyyy'), 0.00, 0.00, 13.65000000, 0.00, 0.00, 0.00, null, null, null, null);

	insert into crappep (CDCOOPER, NRDCONTA, NRCTREMP, NRPAREPR, VLPAREPR, VLJURPAR, VLMTAPAR, VLMRAPAR, VLMTZPAR, DTVENCTO, DTULTPAG, VLPAGPAR, VLPAGMTA, VLPAGMRA, INLIQUID, VLDESPAR, VLSDVPAR, VLJINPAR, VLPAGJIN, VLSDVATU, VLJURA60, VLSDVSJI, INPREJUZ, DTREFATU, VLIOFCPL, VLIOFADC, VLTAXATU, VLPAGIOF, VLTARIOF, VLIOFPRI, DTDSTJUR, VLDSTCOR, VLDSTREM, INLQDREFIN)
	values (12, 99825007, 59734, 35, 4456.96, 0.00, null, null, 0.00, to_date('22-07-2025', 'dd-mm-yyyy'), to_date('24-05-2023', 'dd-mm-yyyy'), 4456.96, 0.00, 0.00, 1, 0.00, 0.00, 0.00, 0.00, 0.0000000000, 0.00, 0.0000000000, 0, to_date('24-05-2023', 'dd-mm-yyyy'), 0.00, 0.00, 13.65000000, 0.00, 0.00, 0.00, null, null, null, null);

	insert into crappep (CDCOOPER, NRDCONTA, NRCTREMP, NRPAREPR, VLPAREPR, VLJURPAR, VLMTAPAR, VLMRAPAR, VLMTZPAR, DTVENCTO, DTULTPAG, VLPAGPAR, VLPAGMTA, VLPAGMRA, INLIQUID, VLDESPAR, VLSDVPAR, VLJINPAR, VLPAGJIN, VLSDVATU, VLJURA60, VLSDVSJI, INPREJUZ, DTREFATU, VLIOFCPL, VLIOFADC, VLTAXATU, VLPAGIOF, VLTARIOF, VLIOFPRI, DTDSTJUR, VLDSTCOR, VLDSTREM, INLQDREFIN)
	values (12, 99825007, 59734, 36, 4456.96, 0.00, null, null, 0.00, to_date('22-08-2025', 'dd-mm-yyyy'), to_date('24-05-2023', 'dd-mm-yyyy'), 4456.96, 0.00, 0.00, 1, 0.00, 0.00, 0.00, 0.00, 0.0000000000, 0.00, 0.0000000000, 0, to_date('24-05-2023', 'dd-mm-yyyy'), 0.00, 0.00, 13.65000000, 0.00, 0.00, 0.00, null, null, null, null);

	insert into crappep (CDCOOPER, NRDCONTA, NRCTREMP, NRPAREPR, VLPAREPR, VLJURPAR, VLMTAPAR, VLMRAPAR, VLMTZPAR, DTVENCTO, DTULTPAG, VLPAGPAR, VLPAGMTA, VLPAGMRA, INLIQUID, VLDESPAR, VLSDVPAR, VLJINPAR, VLPAGJIN, VLSDVATU, VLJURA60, VLSDVSJI, INPREJUZ, DTREFATU, VLIOFCPL, VLIOFADC, VLTAXATU, VLPAGIOF, VLTARIOF, VLIOFPRI, DTDSTJUR, VLDSTCOR, VLDSTREM, INLQDREFIN)
	values (12, 99825007, 59734, 37, 4456.96, 0.00, null, null, 0.00, to_date('22-09-2025', 'dd-mm-yyyy'), to_date('24-05-2023', 'dd-mm-yyyy'), 4456.96, 0.00, 0.00, 1, 0.00, 0.00, 0.00, 0.00, 0.0000000000, 0.00, 0.0000000000, 0, to_date('24-05-2023', 'dd-mm-yyyy'), 0.00, 0.00, 13.65000000, 0.00, 0.00, 0.00, null, null, null, null);

	insert into crappep (CDCOOPER, NRDCONTA, NRCTREMP, NRPAREPR, VLPAREPR, VLJURPAR, VLMTAPAR, VLMRAPAR, VLMTZPAR, DTVENCTO, DTULTPAG, VLPAGPAR, VLPAGMTA, VLPAGMRA, INLIQUID, VLDESPAR, VLSDVPAR, VLJINPAR, VLPAGJIN, VLSDVATU, VLJURA60, VLSDVSJI, INPREJUZ, DTREFATU, VLIOFCPL, VLIOFADC, VLTAXATU, VLPAGIOF, VLTARIOF, VLIOFPRI, DTDSTJUR, VLDSTCOR, VLDSTREM, INLQDREFIN)
	values (12, 99825007, 59734, 38, 4456.96, 0.00, null, null, 0.00, to_date('22-10-2025', 'dd-mm-yyyy'), to_date('24-05-2023', 'dd-mm-yyyy'), 4456.96, 0.00, 0.00, 1, 0.00, 0.00, 0.00, 0.00, 0.0000000000, 0.00, 0.0000000000, 0, to_date('24-05-2023', 'dd-mm-yyyy'), 0.00, 0.00, 13.65000000, 0.00, 0.00, 0.00, null, null, null, null);

	insert into crappep (CDCOOPER, NRDCONTA, NRCTREMP, NRPAREPR, VLPAREPR, VLJURPAR, VLMTAPAR, VLMRAPAR, VLMTZPAR, DTVENCTO, DTULTPAG, VLPAGPAR, VLPAGMTA, VLPAGMRA, INLIQUID, VLDESPAR, VLSDVPAR, VLJINPAR, VLPAGJIN, VLSDVATU, VLJURA60, VLSDVSJI, INPREJUZ, DTREFATU, VLIOFCPL, VLIOFADC, VLTAXATU, VLPAGIOF, VLTARIOF, VLIOFPRI, DTDSTJUR, VLDSTCOR, VLDSTREM, INLQDREFIN)
	values (12, 99825007, 59734, 39, 4456.96, 0.00, null, null, 0.00, to_date('22-11-2025', 'dd-mm-yyyy'), to_date('24-05-2023', 'dd-mm-yyyy'), 4456.96, 0.00, 0.00, 1, 0.00, 0.00, 0.00, 0.00, 0.0000000000, 0.00, 0.0000000000, 0, to_date('24-05-2023', 'dd-mm-yyyy'), 0.00, 0.00, 13.65000000, 0.00, 0.00, 0.00, null, null, null, null);

	insert into crappep (CDCOOPER, NRDCONTA, NRCTREMP, NRPAREPR, VLPAREPR, VLJURPAR, VLMTAPAR, VLMRAPAR, VLMTZPAR, DTVENCTO, DTULTPAG, VLPAGPAR, VLPAGMTA, VLPAGMRA, INLIQUID, VLDESPAR, VLSDVPAR, VLJINPAR, VLPAGJIN, VLSDVATU, VLJURA60, VLSDVSJI, INPREJUZ, DTREFATU, VLIOFCPL, VLIOFADC, VLTAXATU, VLPAGIOF, VLTARIOF, VLIOFPRI, DTDSTJUR, VLDSTCOR, VLDSTREM, INLQDREFIN)
	values (12, 99825007, 59734, 40, 4456.96, 0.00, null, null, 0.00, to_date('22-12-2025', 'dd-mm-yyyy'), to_date('24-05-2023', 'dd-mm-yyyy'), 4456.96, 0.00, 0.00, 1, 0.00, 0.00, 0.00, 0.00, 0.0000000000, 0.00, 0.0000000000, 0, to_date('24-05-2023', 'dd-mm-yyyy'), 0.00, 0.00, 13.65000000, 0.00, 0.00, 0.00, null, null, null, null);

	insert into crappep (CDCOOPER, NRDCONTA, NRCTREMP, NRPAREPR, VLPAREPR, VLJURPAR, VLMTAPAR, VLMRAPAR, VLMTZPAR, DTVENCTO, DTULTPAG, VLPAGPAR, VLPAGMTA, VLPAGMRA, INLIQUID, VLDESPAR, VLSDVPAR, VLJINPAR, VLPAGJIN, VLSDVATU, VLJURA60, VLSDVSJI, INPREJUZ, DTREFATU, VLIOFCPL, VLIOFADC, VLTAXATU, VLPAGIOF, VLTARIOF, VLIOFPRI, DTDSTJUR, VLDSTCOR, VLDSTREM, INLQDREFIN)
	values (12, 99825007, 59734, 41, 4456.96, 0.00, null, null, 0.00, to_date('22-01-2026', 'dd-mm-yyyy'), to_date('24-05-2023', 'dd-mm-yyyy'), 4456.96, 0.00, 0.00, 1, 0.00, 0.00, 0.00, 0.00, 0.0000000000, 0.00, 0.0000000000, 0, to_date('24-05-2023', 'dd-mm-yyyy'), 0.00, 0.00, 13.65000000, 0.00, 0.00, 0.00, null, null, null, null);

	insert into crappep (CDCOOPER, NRDCONTA, NRCTREMP, NRPAREPR, VLPAREPR, VLJURPAR, VLMTAPAR, VLMRAPAR, VLMTZPAR, DTVENCTO, DTULTPAG, VLPAGPAR, VLPAGMTA, VLPAGMRA, INLIQUID, VLDESPAR, VLSDVPAR, VLJINPAR, VLPAGJIN, VLSDVATU, VLJURA60, VLSDVSJI, INPREJUZ, DTREFATU, VLIOFCPL, VLIOFADC, VLTAXATU, VLPAGIOF, VLTARIOF, VLIOFPRI, DTDSTJUR, VLDSTCOR, VLDSTREM, INLQDREFIN)
	values (12, 99825007, 59734, 45, 4456.96, 0.00, null, null, 0.00, to_date('22-05-2026', 'dd-mm-yyyy'), to_date('24-05-2023', 'dd-mm-yyyy'), 4456.96, 0.00, 0.00, 1, 0.00, 0.00, 0.00, 0.00, 0.0000000000, 0.00, 0.0000000000, 0, to_date('24-05-2023', 'dd-mm-yyyy'), 0.00, 0.00, 13.65000000, 0.00, 0.00, 0.00, null, null, null, null);

	insert into crappep (CDCOOPER, NRDCONTA, NRCTREMP, NRPAREPR, VLPAREPR, VLJURPAR, VLMTAPAR, VLMRAPAR, VLMTZPAR, DTVENCTO, DTULTPAG, VLPAGPAR, VLPAGMTA, VLPAGMRA, INLIQUID, VLDESPAR, VLSDVPAR, VLJINPAR, VLPAGJIN, VLSDVATU, VLJURA60, VLSDVSJI, INPREJUZ, DTREFATU, VLIOFCPL, VLIOFADC, VLTAXATU, VLPAGIOF, VLTARIOF, VLIOFPRI, DTDSTJUR, VLDSTCOR, VLDSTREM, INLQDREFIN)
	values (12, 99825007, 59734, 42, 4456.96, 0.00, null, null, 0.00, to_date('22-02-2026', 'dd-mm-yyyy'), to_date('24-05-2023', 'dd-mm-yyyy'), 4456.96, 0.00, 0.00, 1, 0.00, 0.00, 0.00, 0.00, 0.0000000000, 0.00, 0.0000000000, 0, to_date('24-05-2023', 'dd-mm-yyyy'), 0.00, 0.00, 13.65000000, 0.00, 0.00, 0.00, null, null, null, null);

	insert into crappep (CDCOOPER, NRDCONTA, NRCTREMP, NRPAREPR, VLPAREPR, VLJURPAR, VLMTAPAR, VLMRAPAR, VLMTZPAR, DTVENCTO, DTULTPAG, VLPAGPAR, VLPAGMTA, VLPAGMRA, INLIQUID, VLDESPAR, VLSDVPAR, VLJINPAR, VLPAGJIN, VLSDVATU, VLJURA60, VLSDVSJI, INPREJUZ, DTREFATU, VLIOFCPL, VLIOFADC, VLTAXATU, VLPAGIOF, VLTARIOF, VLIOFPRI, DTDSTJUR, VLDSTCOR, VLDSTREM, INLQDREFIN)
	values (12, 99825007, 59734, 43, 4456.96, 0.00, null, null, 0.00, to_date('22-03-2026', 'dd-mm-yyyy'), to_date('24-05-2023', 'dd-mm-yyyy'), 4456.96, 0.00, 0.00, 1, 0.00, 0.00, 0.00, 0.00, 0.0000000000, 0.00, 0.0000000000, 0, to_date('24-05-2023', 'dd-mm-yyyy'), 0.00, 0.00, 13.65000000, 0.00, 0.00, 0.00, null, null, null, null);

	insert into crappep (CDCOOPER, NRDCONTA, NRCTREMP, NRPAREPR, VLPAREPR, VLJURPAR, VLMTAPAR, VLMRAPAR, VLMTZPAR, DTVENCTO, DTULTPAG, VLPAGPAR, VLPAGMTA, VLPAGMRA, INLIQUID, VLDESPAR, VLSDVPAR, VLJINPAR, VLPAGJIN, VLSDVATU, VLJURA60, VLSDVSJI, INPREJUZ, DTREFATU, VLIOFCPL, VLIOFADC, VLTAXATU, VLPAGIOF, VLTARIOF, VLIOFPRI, DTDSTJUR, VLDSTCOR, VLDSTREM, INLQDREFIN)
	values (12, 99825007, 59734, 44, 4456.96, 0.00, null, null, 0.00, to_date('22-04-2026', 'dd-mm-yyyy'), to_date('24-05-2023', 'dd-mm-yyyy'), 4456.96, 0.00, 0.00, 1, 0.00, 0.00, 0.00, 0.00, 0.0000000000, 0.00, 0.0000000000, 0, to_date('24-05-2023', 'dd-mm-yyyy'), 0.00, 0.00, 13.65000000, 0.00, 0.00, 0.00, null, null, null, null);

	insert into crappep (CDCOOPER, NRDCONTA, NRCTREMP, NRPAREPR, VLPAREPR, VLJURPAR, VLMTAPAR, VLMRAPAR, VLMTZPAR, DTVENCTO, DTULTPAG, VLPAGPAR, VLPAGMTA, VLPAGMRA, INLIQUID, VLDESPAR, VLSDVPAR, VLJINPAR, VLPAGJIN, VLSDVATU, VLJURA60, VLSDVSJI, INPREJUZ, DTREFATU, VLIOFCPL, VLIOFADC, VLTAXATU, VLPAGIOF, VLTARIOF, VLIOFPRI, DTDSTJUR, VLDSTCOR, VLDSTREM, INLQDREFIN)
	values (12, 99825007, 59734, 46, 4456.96, 0.00, null, null, 0.00, to_date('22-06-2026', 'dd-mm-yyyy'), to_date('24-05-2023', 'dd-mm-yyyy'), 4456.96, 0.00, 0.00, 1, 0.00, 0.00, 0.00, 0.00, 0.0000000000, 0.00, 0.0000000000, 0, to_date('24-05-2023', 'dd-mm-yyyy'), 0.00, 0.00, 13.65000000, 0.00, 0.00, 0.00, null, null, null, null);

	insert into crappep (CDCOOPER, NRDCONTA, NRCTREMP, NRPAREPR, VLPAREPR, VLJURPAR, VLMTAPAR, VLMRAPAR, VLMTZPAR, DTVENCTO, DTULTPAG, VLPAGPAR, VLPAGMTA, VLPAGMRA, INLIQUID, VLDESPAR, VLSDVPAR, VLJINPAR, VLPAGJIN, VLSDVATU, VLJURA60, VLSDVSJI, INPREJUZ, DTREFATU, VLIOFCPL, VLIOFADC, VLTAXATU, VLPAGIOF, VLTARIOF, VLIOFPRI, DTDSTJUR, VLDSTCOR, VLDSTREM, INLQDREFIN)
	values (12, 99825007, 59734, 48, 4456.96, 0.00, null, null, 0.00, to_date('22-08-2026', 'dd-mm-yyyy'), to_date('24-05-2023', 'dd-mm-yyyy'), 4456.96, 0.00, 0.00, 1, 0.00, 0.00, 0.00, 0.00, 0.0000000000, 0.00, 0.0000000000, 0, to_date('24-05-2023', 'dd-mm-yyyy'), 0.00, 0.00, 13.65000000, 0.00, 0.00, 0.00, null, null, null, null);

	insert into crappep (CDCOOPER, NRDCONTA, NRCTREMP, NRPAREPR, VLPAREPR, VLJURPAR, VLMTAPAR, VLMRAPAR, VLMTZPAR, DTVENCTO, DTULTPAG, VLPAGPAR, VLPAGMTA, VLPAGMRA, INLIQUID, VLDESPAR, VLSDVPAR, VLJINPAR, VLPAGJIN, VLSDVATU, VLJURA60, VLSDVSJI, INPREJUZ, DTREFATU, VLIOFCPL, VLIOFADC, VLTAXATU, VLPAGIOF, VLTARIOF, VLIOFPRI, DTDSTJUR, VLDSTCOR, VLDSTREM, INLQDREFIN)
	values (12, 99825007, 59734, 47, 4456.96, 0.00, null, null, 0.00, to_date('22-07-2026', 'dd-mm-yyyy'), to_date('24-05-2023', 'dd-mm-yyyy'), 4456.96, 0.00, 0.00, 1, 0.00, 0.00, 0.00, 0.00, 0.0000000000, 0.00, 0.0000000000, 0, to_date('24-05-2023', 'dd-mm-yyyy'), 0.00, 0.00, 13.65000000, 0.00, 0.00, 0.00, null, null, null, null);

	insert into crappep (CDCOOPER, NRDCONTA, NRCTREMP, NRPAREPR, VLPAREPR, VLJURPAR, VLMTAPAR, VLMRAPAR, VLMTZPAR, DTVENCTO, DTULTPAG, VLPAGPAR, VLPAGMTA, VLPAGMRA, INLIQUID, VLDESPAR, VLSDVPAR, VLJINPAR, VLPAGJIN, VLSDVATU, VLJURA60, VLSDVSJI, INPREJUZ, DTREFATU, VLIOFCPL, VLIOFADC, VLTAXATU, VLPAGIOF, VLTARIOF, VLIOFPRI, DTDSTJUR, VLDSTCOR, VLDSTREM, INLQDREFIN)
	values (12, 99801760, 59780, 4, 1185.95, 0.00, null, null, 0.00, to_date('23-10-2023', 'dd-mm-yyyy'), to_date('24-05-2023', 'dd-mm-yyyy'), 1185.95, 0.00, 0.00, 1, 0.00, 0.00, 0.00, 0.00, 0.0000000000, 0.00, 0.0000000000, 0, to_date('24-05-2023', 'dd-mm-yyyy'), 0.00, 0.00, 13.65000000, 0.00, 0.00, 0.00, null, null, null, null);

	insert into crappep (CDCOOPER, NRDCONTA, NRCTREMP, NRPAREPR, VLPAREPR, VLJURPAR, VLMTAPAR, VLMRAPAR, VLMTZPAR, DTVENCTO, DTULTPAG, VLPAGPAR, VLPAGMTA, VLPAGMRA, INLIQUID, VLDESPAR, VLSDVPAR, VLJINPAR, VLPAGJIN, VLSDVATU, VLJURA60, VLSDVSJI, INPREJUZ, DTREFATU, VLIOFCPL, VLIOFADC, VLTAXATU, VLPAGIOF, VLTARIOF, VLIOFPRI, DTDSTJUR, VLDSTCOR, VLDSTREM, INLQDREFIN)
	values (12, 99801760, 59780, 1, 1185.95, 0.00, null, null, 0.00, to_date('23-07-2023', 'dd-mm-yyyy'), to_date('24-05-2023', 'dd-mm-yyyy'), 1185.95, 0.00, 0.00, 1, 0.00, 0.00, 0.00, 0.00, 0.0000000000, 0.00, 0.0000000000, 0, to_date('24-05-2023', 'dd-mm-yyyy'), 0.00, 0.00, 13.65000000, 0.00, 0.00, 0.00, null, null, null, null);

	insert into crappep (CDCOOPER, NRDCONTA, NRCTREMP, NRPAREPR, VLPAREPR, VLJURPAR, VLMTAPAR, VLMRAPAR, VLMTZPAR, DTVENCTO, DTULTPAG, VLPAGPAR, VLPAGMTA, VLPAGMRA, INLIQUID, VLDESPAR, VLSDVPAR, VLJINPAR, VLPAGJIN, VLSDVATU, VLJURA60, VLSDVSJI, INPREJUZ, DTREFATU, VLIOFCPL, VLIOFADC, VLTAXATU, VLPAGIOF, VLTARIOF, VLIOFPRI, DTDSTJUR, VLDSTCOR, VLDSTREM, INLQDREFIN)
	values (12, 99801760, 59780, 2, 1185.95, 0.00, null, null, 0.00, to_date('23-08-2023', 'dd-mm-yyyy'), to_date('24-05-2023', 'dd-mm-yyyy'), 1185.95, 0.00, 0.00, 1, 0.00, 0.00, 0.00, 0.00, 0.0000000000, 0.00, 0.0000000000, 0, to_date('24-05-2023', 'dd-mm-yyyy'), 0.00, 0.00, 13.65000000, 0.00, 0.00, 0.00, null, null, null, null);

	insert into crappep (CDCOOPER, NRDCONTA, NRCTREMP, NRPAREPR, VLPAREPR, VLJURPAR, VLMTAPAR, VLMRAPAR, VLMTZPAR, DTVENCTO, DTULTPAG, VLPAGPAR, VLPAGMTA, VLPAGMRA, INLIQUID, VLDESPAR, VLSDVPAR, VLJINPAR, VLPAGJIN, VLSDVATU, VLJURA60, VLSDVSJI, INPREJUZ, DTREFATU, VLIOFCPL, VLIOFADC, VLTAXATU, VLPAGIOF, VLTARIOF, VLIOFPRI, DTDSTJUR, VLDSTCOR, VLDSTREM, INLQDREFIN)
	values (12, 99801760, 59780, 3, 1185.95, 0.00, null, null, 0.00, to_date('23-09-2023', 'dd-mm-yyyy'), to_date('24-05-2023', 'dd-mm-yyyy'), 1185.95, 0.00, 0.00, 1, 0.00, 0.00, 0.00, 0.00, 0.0000000000, 0.00, 0.0000000000, 0, to_date('24-05-2023', 'dd-mm-yyyy'), 0.00, 0.00, 13.65000000, 0.00, 0.00, 0.00, null, null, null, null);

	insert into crappep (CDCOOPER, NRDCONTA, NRCTREMP, NRPAREPR, VLPAREPR, VLJURPAR, VLMTAPAR, VLMRAPAR, VLMTZPAR, DTVENCTO, DTULTPAG, VLPAGPAR, VLPAGMTA, VLPAGMRA, INLIQUID, VLDESPAR, VLSDVPAR, VLJINPAR, VLPAGJIN, VLSDVATU, VLJURA60, VLSDVSJI, INPREJUZ, DTREFATU, VLIOFCPL, VLIOFADC, VLTAXATU, VLPAGIOF, VLTARIOF, VLIOFPRI, DTDSTJUR, VLDSTCOR, VLDSTREM, INLQDREFIN)
	values (12, 99801760, 59780, 5, 1185.95, 0.00, null, null, 0.00, to_date('23-11-2023', 'dd-mm-yyyy'), to_date('24-05-2023', 'dd-mm-yyyy'), 1185.95, 0.00, 0.00, 1, 0.00, 0.00, 0.00, 0.00, 0.0000000000, 0.00, 0.0000000000, 0, to_date('24-05-2023', 'dd-mm-yyyy'), 0.00, 0.00, 13.65000000, 0.00, 0.00, 0.00, null, null, null, null);

	insert into crappep (CDCOOPER, NRDCONTA, NRCTREMP, NRPAREPR, VLPAREPR, VLJURPAR, VLMTAPAR, VLMRAPAR, VLMTZPAR, DTVENCTO, DTULTPAG, VLPAGPAR, VLPAGMTA, VLPAGMRA, INLIQUID, VLDESPAR, VLSDVPAR, VLJINPAR, VLPAGJIN, VLSDVATU, VLJURA60, VLSDVSJI, INPREJUZ, DTREFATU, VLIOFCPL, VLIOFADC, VLTAXATU, VLPAGIOF, VLTARIOF, VLIOFPRI, DTDSTJUR, VLDSTCOR, VLDSTREM, INLQDREFIN)
	values (12, 99801760, 59780, 6, 1185.95, 0.00, null, null, 0.00, to_date('23-12-2023', 'dd-mm-yyyy'), to_date('24-05-2023', 'dd-mm-yyyy'), 1185.95, 0.00, 0.00, 1, 0.00, 0.00, 0.00, 0.00, 0.0000000000, 0.00, 0.0000000000, 0, to_date('24-05-2023', 'dd-mm-yyyy'), 0.00, 0.00, 13.65000000, 0.00, 0.00, 0.00, null, null, null, null);

	insert into crappep (CDCOOPER, NRDCONTA, NRCTREMP, NRPAREPR, VLPAREPR, VLJURPAR, VLMTAPAR, VLMRAPAR, VLMTZPAR, DTVENCTO, DTULTPAG, VLPAGPAR, VLPAGMTA, VLPAGMRA, INLIQUID, VLDESPAR, VLSDVPAR, VLJINPAR, VLPAGJIN, VLSDVATU, VLJURA60, VLSDVSJI, INPREJUZ, DTREFATU, VLIOFCPL, VLIOFADC, VLTAXATU, VLPAGIOF, VLTARIOF, VLIOFPRI, DTDSTJUR, VLDSTCOR, VLDSTREM, INLQDREFIN)
	values (12, 99801760, 59780, 7, 1185.95, 0.00, null, null, 0.00, to_date('23-01-2024', 'dd-mm-yyyy'), to_date('24-05-2023', 'dd-mm-yyyy'), 1185.95, 0.00, 0.00, 1, 0.00, 0.00, 0.00, 0.00, 0.0000000000, 0.00, 0.0000000000, 0, to_date('24-05-2023', 'dd-mm-yyyy'), 0.00, 0.00, 13.65000000, 0.00, 0.00, 0.00, null, null, null, null);

	insert into crappep (CDCOOPER, NRDCONTA, NRCTREMP, NRPAREPR, VLPAREPR, VLJURPAR, VLMTAPAR, VLMRAPAR, VLMTZPAR, DTVENCTO, DTULTPAG, VLPAGPAR, VLPAGMTA, VLPAGMRA, INLIQUID, VLDESPAR, VLSDVPAR, VLJINPAR, VLPAGJIN, VLSDVATU, VLJURA60, VLSDVSJI, INPREJUZ, DTREFATU, VLIOFCPL, VLIOFADC, VLTAXATU, VLPAGIOF, VLTARIOF, VLIOFPRI, DTDSTJUR, VLDSTCOR, VLDSTREM, INLQDREFIN)
	values (12, 99801760, 59780, 8, 1185.95, 0.00, null, null, 0.00, to_date('23-02-2024', 'dd-mm-yyyy'), to_date('24-05-2023', 'dd-mm-yyyy'), 1185.95, 0.00, 0.00, 1, 0.00, 0.00, 0.00, 0.00, 0.0000000000, 0.00, 0.0000000000, 0, to_date('24-05-2023', 'dd-mm-yyyy'), 0.00, 0.00, 13.65000000, 0.00, 0.00, 0.00, null, null, null, null);

	insert into crappep (CDCOOPER, NRDCONTA, NRCTREMP, NRPAREPR, VLPAREPR, VLJURPAR, VLMTAPAR, VLMRAPAR, VLMTZPAR, DTVENCTO, DTULTPAG, VLPAGPAR, VLPAGMTA, VLPAGMRA, INLIQUID, VLDESPAR, VLSDVPAR, VLJINPAR, VLPAGJIN, VLSDVATU, VLJURA60, VLSDVSJI, INPREJUZ, DTREFATU, VLIOFCPL, VLIOFADC, VLTAXATU, VLPAGIOF, VLTARIOF, VLIOFPRI, DTDSTJUR, VLDSTCOR, VLDSTREM, INLQDREFIN)
	values (12, 99801760, 59780, 9, 1185.95, 0.00, null, null, 0.00, to_date('23-03-2024', 'dd-mm-yyyy'), to_date('24-05-2023', 'dd-mm-yyyy'), 1185.95, 0.00, 0.00, 1, 0.00, 0.00, 0.00, 0.00, 0.0000000000, 0.00, 0.0000000000, 0, to_date('24-05-2023', 'dd-mm-yyyy'), 0.00, 0.00, 13.65000000, 0.00, 0.00, 0.00, null, null, null, null);

	insert into crappep (CDCOOPER, NRDCONTA, NRCTREMP, NRPAREPR, VLPAREPR, VLJURPAR, VLMTAPAR, VLMRAPAR, VLMTZPAR, DTVENCTO, DTULTPAG, VLPAGPAR, VLPAGMTA, VLPAGMRA, INLIQUID, VLDESPAR, VLSDVPAR, VLJINPAR, VLPAGJIN, VLSDVATU, VLJURA60, VLSDVSJI, INPREJUZ, DTREFATU, VLIOFCPL, VLIOFADC, VLTAXATU, VLPAGIOF, VLTARIOF, VLIOFPRI, DTDSTJUR, VLDSTCOR, VLDSTREM, INLQDREFIN)
	values (12, 99801760, 59780, 10, 1185.95, 0.00, null, null, 0.00, to_date('23-04-2024', 'dd-mm-yyyy'), to_date('24-05-2023', 'dd-mm-yyyy'), 1185.95, 0.00, 0.00, 1, 0.00, 0.00, 0.00, 0.00, 0.0000000000, 0.00, 0.0000000000, 0, to_date('24-05-2023', 'dd-mm-yyyy'), 0.00, 0.00, 13.65000000, 0.00, 0.00, 0.00, null, null, null, null);

	insert into crappep (CDCOOPER, NRDCONTA, NRCTREMP, NRPAREPR, VLPAREPR, VLJURPAR, VLMTAPAR, VLMRAPAR, VLMTZPAR, DTVENCTO, DTULTPAG, VLPAGPAR, VLPAGMTA, VLPAGMRA, INLIQUID, VLDESPAR, VLSDVPAR, VLJINPAR, VLPAGJIN, VLSDVATU, VLJURA60, VLSDVSJI, INPREJUZ, DTREFATU, VLIOFCPL, VLIOFADC, VLTAXATU, VLPAGIOF, VLTARIOF, VLIOFPRI, DTDSTJUR, VLDSTCOR, VLDSTREM, INLQDREFIN)
	values (12, 99801760, 59780, 11, 1185.95, 0.00, null, null, 0.00, to_date('23-05-2024', 'dd-mm-yyyy'), to_date('24-05-2023', 'dd-mm-yyyy'), 1185.95, 0.00, 0.00, 1, 0.00, 0.00, 0.00, 0.00, 0.0000000000, 0.00, 0.0000000000, 0, to_date('24-05-2023', 'dd-mm-yyyy'), 0.00, 0.00, 13.65000000, 0.00, 0.00, 0.00, null, null, null, null);

	insert into crappep (CDCOOPER, NRDCONTA, NRCTREMP, NRPAREPR, VLPAREPR, VLJURPAR, VLMTAPAR, VLMRAPAR, VLMTZPAR, DTVENCTO, DTULTPAG, VLPAGPAR, VLPAGMTA, VLPAGMRA, INLIQUID, VLDESPAR, VLSDVPAR, VLJINPAR, VLPAGJIN, VLSDVATU, VLJURA60, VLSDVSJI, INPREJUZ, DTREFATU, VLIOFCPL, VLIOFADC, VLTAXATU, VLPAGIOF, VLTARIOF, VLIOFPRI, DTDSTJUR, VLDSTCOR, VLDSTREM, INLQDREFIN)
	values (12, 99801760, 59780, 12, 1185.95, 0.00, null, null, 0.00, to_date('23-06-2024', 'dd-mm-yyyy'), to_date('24-05-2023', 'dd-mm-yyyy'), 1185.95, 0.00, 0.00, 1, 0.00, 0.00, 0.00, 0.00, 0.0000000000, 0.00, 0.0000000000, 0, to_date('24-05-2023', 'dd-mm-yyyy'), 0.00, 0.00, 13.65000000, 0.00, 0.00, 0.00, null, null, null, null);

	insert into crappep (CDCOOPER, NRDCONTA, NRCTREMP, NRPAREPR, VLPAREPR, VLJURPAR, VLMTAPAR, VLMRAPAR, VLMTZPAR, DTVENCTO, DTULTPAG, VLPAGPAR, VLPAGMTA, VLPAGMRA, INLIQUID, VLDESPAR, VLSDVPAR, VLJINPAR, VLPAGJIN, VLSDVATU, VLJURA60, VLSDVSJI, INPREJUZ, DTREFATU, VLIOFCPL, VLIOFADC, VLTAXATU, VLPAGIOF, VLTARIOF, VLIOFPRI, DTDSTJUR, VLDSTCOR, VLDSTREM, INLQDREFIN)
	values (12, 99801760, 59780, 13, 1185.95, 0.00, null, null, 0.00, to_date('23-07-2024', 'dd-mm-yyyy'), to_date('24-05-2023', 'dd-mm-yyyy'), 1185.95, 0.00, 0.00, 1, 0.00, 0.00, 0.00, 0.00, 0.0000000000, 0.00, 0.0000000000, 0, to_date('24-05-2023', 'dd-mm-yyyy'), 0.00, 0.00, 13.65000000, 0.00, 0.00, 0.00, null, null, null, null);

	insert into crappep (CDCOOPER, NRDCONTA, NRCTREMP, NRPAREPR, VLPAREPR, VLJURPAR, VLMTAPAR, VLMRAPAR, VLMTZPAR, DTVENCTO, DTULTPAG, VLPAGPAR, VLPAGMTA, VLPAGMRA, INLIQUID, VLDESPAR, VLSDVPAR, VLJINPAR, VLPAGJIN, VLSDVATU, VLJURA60, VLSDVSJI, INPREJUZ, DTREFATU, VLIOFCPL, VLIOFADC, VLTAXATU, VLPAGIOF, VLTARIOF, VLIOFPRI, DTDSTJUR, VLDSTCOR, VLDSTREM, INLQDREFIN)
	values (12, 99801760, 59780, 14, 1185.95, 0.00, null, null, 0.00, to_date('23-08-2024', 'dd-mm-yyyy'), to_date('24-05-2023', 'dd-mm-yyyy'), 1185.95, 0.00, 0.00, 1, 0.00, 0.00, 0.00, 0.00, 0.0000000000, 0.00, 0.0000000000, 0, to_date('24-05-2023', 'dd-mm-yyyy'), 0.00, 0.00, 13.65000000, 0.00, 0.00, 0.00, null, null, null, null);

	insert into crappep (CDCOOPER, NRDCONTA, NRCTREMP, NRPAREPR, VLPAREPR, VLJURPAR, VLMTAPAR, VLMRAPAR, VLMTZPAR, DTVENCTO, DTULTPAG, VLPAGPAR, VLPAGMTA, VLPAGMRA, INLIQUID, VLDESPAR, VLSDVPAR, VLJINPAR, VLPAGJIN, VLSDVATU, VLJURA60, VLSDVSJI, INPREJUZ, DTREFATU, VLIOFCPL, VLIOFADC, VLTAXATU, VLPAGIOF, VLTARIOF, VLIOFPRI, DTDSTJUR, VLDSTCOR, VLDSTREM, INLQDREFIN)
	values (12, 99801760, 59780, 15, 1185.95, 0.00, null, null, 0.00, to_date('23-09-2024', 'dd-mm-yyyy'), to_date('24-05-2023', 'dd-mm-yyyy'), 1185.95, 0.00, 0.00, 1, 0.00, 0.00, 0.00, 0.00, 0.0000000000, 0.00, 0.0000000000, 0, to_date('24-05-2023', 'dd-mm-yyyy'), 0.00, 0.00, 13.65000000, 0.00, 0.00, 0.00, null, null, null, null);

	insert into crappep (CDCOOPER, NRDCONTA, NRCTREMP, NRPAREPR, VLPAREPR, VLJURPAR, VLMTAPAR, VLMRAPAR, VLMTZPAR, DTVENCTO, DTULTPAG, VLPAGPAR, VLPAGMTA, VLPAGMRA, INLIQUID, VLDESPAR, VLSDVPAR, VLJINPAR, VLPAGJIN, VLSDVATU, VLJURA60, VLSDVSJI, INPREJUZ, DTREFATU, VLIOFCPL, VLIOFADC, VLTAXATU, VLPAGIOF, VLTARIOF, VLIOFPRI, DTDSTJUR, VLDSTCOR, VLDSTREM, INLQDREFIN)
	values (12, 99801760, 59780, 16, 1185.95, 0.00, null, null, 0.00, to_date('23-10-2024', 'dd-mm-yyyy'), to_date('24-05-2023', 'dd-mm-yyyy'), 1185.95, 0.00, 0.00, 1, 0.00, 0.00, 0.00, 0.00, 0.0000000000, 0.00, 0.0000000000, 0, to_date('24-05-2023', 'dd-mm-yyyy'), 0.00, 0.00, 13.65000000, 0.00, 0.00, 0.00, null, null, null, null);

	insert into crappep (CDCOOPER, NRDCONTA, NRCTREMP, NRPAREPR, VLPAREPR, VLJURPAR, VLMTAPAR, VLMRAPAR, VLMTZPAR, DTVENCTO, DTULTPAG, VLPAGPAR, VLPAGMTA, VLPAGMRA, INLIQUID, VLDESPAR, VLSDVPAR, VLJINPAR, VLPAGJIN, VLSDVATU, VLJURA60, VLSDVSJI, INPREJUZ, DTREFATU, VLIOFCPL, VLIOFADC, VLTAXATU, VLPAGIOF, VLTARIOF, VLIOFPRI, DTDSTJUR, VLDSTCOR, VLDSTREM, INLQDREFIN)
	values (12, 99801760, 59780, 17, 1185.95, 0.00, null, null, 0.00, to_date('23-11-2024', 'dd-mm-yyyy'), to_date('24-05-2023', 'dd-mm-yyyy'), 1185.95, 0.00, 0.00, 1, 0.00, 0.00, 0.00, 0.00, 0.0000000000, 0.00, 0.0000000000, 0, to_date('24-05-2023', 'dd-mm-yyyy'), 0.00, 0.00, 13.65000000, 0.00, 0.00, 0.00, null, null, null, null);

	insert into crappep (CDCOOPER, NRDCONTA, NRCTREMP, NRPAREPR, VLPAREPR, VLJURPAR, VLMTAPAR, VLMRAPAR, VLMTZPAR, DTVENCTO, DTULTPAG, VLPAGPAR, VLPAGMTA, VLPAGMRA, INLIQUID, VLDESPAR, VLSDVPAR, VLJINPAR, VLPAGJIN, VLSDVATU, VLJURA60, VLSDVSJI, INPREJUZ, DTREFATU, VLIOFCPL, VLIOFADC, VLTAXATU, VLPAGIOF, VLTARIOF, VLIOFPRI, DTDSTJUR, VLDSTCOR, VLDSTREM, INLQDREFIN)
	values (12, 99801760, 59780, 18, 1185.95, 0.00, null, null, 0.00, to_date('23-12-2024', 'dd-mm-yyyy'), to_date('24-05-2023', 'dd-mm-yyyy'), 1185.95, 0.00, 0.00, 1, 0.00, 0.00, 0.00, 0.00, 0.0000000000, 0.00, 0.0000000000, 0, to_date('24-05-2023', 'dd-mm-yyyy'), 0.00, 0.00, 13.65000000, 0.00, 0.00, 0.00, null, null, null, null);

	insert into crappep (CDCOOPER, NRDCONTA, NRCTREMP, NRPAREPR, VLPAREPR, VLJURPAR, VLMTAPAR, VLMRAPAR, VLMTZPAR, DTVENCTO, DTULTPAG, VLPAGPAR, VLPAGMTA, VLPAGMRA, INLIQUID, VLDESPAR, VLSDVPAR, VLJINPAR, VLPAGJIN, VLSDVATU, VLJURA60, VLSDVSJI, INPREJUZ, DTREFATU, VLIOFCPL, VLIOFADC, VLTAXATU, VLPAGIOF, VLTARIOF, VLIOFPRI, DTDSTJUR, VLDSTCOR, VLDSTREM, INLQDREFIN)
	values (12, 99801760, 59780, 19, 1185.95, 0.00, null, null, 0.00, to_date('23-01-2025', 'dd-mm-yyyy'), to_date('24-05-2023', 'dd-mm-yyyy'), 1185.95, 0.00, 0.00, 1, 0.00, 0.00, 0.00, 0.00, 0.0000000000, 0.00, 0.0000000000, 0, to_date('24-05-2023', 'dd-mm-yyyy'), 0.00, 0.00, 13.65000000, 0.00, 0.00, 0.00, null, null, null, null);

	insert into crappep (CDCOOPER, NRDCONTA, NRCTREMP, NRPAREPR, VLPAREPR, VLJURPAR, VLMTAPAR, VLMRAPAR, VLMTZPAR, DTVENCTO, DTULTPAG, VLPAGPAR, VLPAGMTA, VLPAGMRA, INLIQUID, VLDESPAR, VLSDVPAR, VLJINPAR, VLPAGJIN, VLSDVATU, VLJURA60, VLSDVSJI, INPREJUZ, DTREFATU, VLIOFCPL, VLIOFADC, VLTAXATU, VLPAGIOF, VLTARIOF, VLIOFPRI, DTDSTJUR, VLDSTCOR, VLDSTREM, INLQDREFIN)
	values (12, 99801760, 59780, 20, 1185.95, 0.00, null, null, 0.00, to_date('23-02-2025', 'dd-mm-yyyy'), to_date('24-05-2023', 'dd-mm-yyyy'), 1185.95, 0.00, 0.00, 1, 0.00, 0.00, 0.00, 0.00, 0.0000000000, 0.00, 0.0000000000, 0, to_date('24-05-2023', 'dd-mm-yyyy'), 0.00, 0.00, 13.65000000, 0.00, 0.00, 0.00, null, null, null, null);

	insert into crappep (CDCOOPER, NRDCONTA, NRCTREMP, NRPAREPR, VLPAREPR, VLJURPAR, VLMTAPAR, VLMRAPAR, VLMTZPAR, DTVENCTO, DTULTPAG, VLPAGPAR, VLPAGMTA, VLPAGMRA, INLIQUID, VLDESPAR, VLSDVPAR, VLJINPAR, VLPAGJIN, VLSDVATU, VLJURA60, VLSDVSJI, INPREJUZ, DTREFATU, VLIOFCPL, VLIOFADC, VLTAXATU, VLPAGIOF, VLTARIOF, VLIOFPRI, DTDSTJUR, VLDSTCOR, VLDSTREM, INLQDREFIN)
	values (12, 99801760, 59780, 21, 1185.95, 0.00, null, null, 0.00, to_date('23-03-2025', 'dd-mm-yyyy'), to_date('24-05-2023', 'dd-mm-yyyy'), 1185.95, 0.00, 0.00, 1, 0.00, 0.00, 0.00, 0.00, 0.0000000000, 0.00, 0.0000000000, 0, to_date('24-05-2023', 'dd-mm-yyyy'), 0.00, 0.00, 13.65000000, 0.00, 0.00, 0.00, null, null, null, null);

	insert into crappep (CDCOOPER, NRDCONTA, NRCTREMP, NRPAREPR, VLPAREPR, VLJURPAR, VLMTAPAR, VLMRAPAR, VLMTZPAR, DTVENCTO, DTULTPAG, VLPAGPAR, VLPAGMTA, VLPAGMRA, INLIQUID, VLDESPAR, VLSDVPAR, VLJINPAR, VLPAGJIN, VLSDVATU, VLJURA60, VLSDVSJI, INPREJUZ, DTREFATU, VLIOFCPL, VLIOFADC, VLTAXATU, VLPAGIOF, VLTARIOF, VLIOFPRI, DTDSTJUR, VLDSTCOR, VLDSTREM, INLQDREFIN)
	values (12, 99801760, 59780, 22, 1185.95, 0.00, null, null, 0.00, to_date('23-04-2025', 'dd-mm-yyyy'), to_date('24-05-2023', 'dd-mm-yyyy'), 1185.95, 0.00, 0.00, 1, 0.00, 0.00, 0.00, 0.00, 0.0000000000, 0.00, 0.0000000000, 0, to_date('24-05-2023', 'dd-mm-yyyy'), 0.00, 0.00, 13.65000000, 0.00, 0.00, 0.00, null, null, null, null);

	insert into crappep (CDCOOPER, NRDCONTA, NRCTREMP, NRPAREPR, VLPAREPR, VLJURPAR, VLMTAPAR, VLMRAPAR, VLMTZPAR, DTVENCTO, DTULTPAG, VLPAGPAR, VLPAGMTA, VLPAGMRA, INLIQUID, VLDESPAR, VLSDVPAR, VLJINPAR, VLPAGJIN, VLSDVATU, VLJURA60, VLSDVSJI, INPREJUZ, DTREFATU, VLIOFCPL, VLIOFADC, VLTAXATU, VLPAGIOF, VLTARIOF, VLIOFPRI, DTDSTJUR, VLDSTCOR, VLDSTREM, INLQDREFIN)
	values (12, 99801760, 59780, 23, 1185.95, 0.00, null, null, 0.00, to_date('23-05-2025', 'dd-mm-yyyy'), to_date('24-05-2023', 'dd-mm-yyyy'), 1185.95, 0.00, 0.00, 1, 0.00, 0.00, 0.00, 0.00, 0.0000000000, 0.00, 0.0000000000, 0, to_date('24-05-2023', 'dd-mm-yyyy'), 0.00, 0.00, 13.65000000, 0.00, 0.00, 0.00, null, null, null, null);

	insert into crappep (CDCOOPER, NRDCONTA, NRCTREMP, NRPAREPR, VLPAREPR, VLJURPAR, VLMTAPAR, VLMRAPAR, VLMTZPAR, DTVENCTO, DTULTPAG, VLPAGPAR, VLPAGMTA, VLPAGMRA, INLIQUID, VLDESPAR, VLSDVPAR, VLJINPAR, VLPAGJIN, VLSDVATU, VLJURA60, VLSDVSJI, INPREJUZ, DTREFATU, VLIOFCPL, VLIOFADC, VLTAXATU, VLPAGIOF, VLTARIOF, VLIOFPRI, DTDSTJUR, VLDSTCOR, VLDSTREM, INLQDREFIN)
	values (12, 99801760, 59780, 24, 1185.95, 0.00, null, null, 0.00, to_date('23-06-2025', 'dd-mm-yyyy'), to_date('24-05-2023', 'dd-mm-yyyy'), 1185.95, 0.00, 0.00, 1, 0.00, 0.00, 0.00, 0.00, 0.0000000000, 0.00, 0.0000000000, 0, to_date('24-05-2023', 'dd-mm-yyyy'), 0.00, 0.00, 13.65000000, 0.00, 0.00, 0.00, null, null, null, null);

	insert into crappep (CDCOOPER, NRDCONTA, NRCTREMP, NRPAREPR, VLPAREPR, VLJURPAR, VLMTAPAR, VLMRAPAR, VLMTZPAR, DTVENCTO, DTULTPAG, VLPAGPAR, VLPAGMTA, VLPAGMRA, INLIQUID, VLDESPAR, VLSDVPAR, VLJINPAR, VLPAGJIN, VLSDVATU, VLJURA60, VLSDVSJI, INPREJUZ, DTREFATU, VLIOFCPL, VLIOFADC, VLTAXATU, VLPAGIOF, VLTARIOF, VLIOFPRI, DTDSTJUR, VLDSTCOR, VLDSTREM, INLQDREFIN)
	values (12, 99801760, 59780, 25, 1185.95, 0.00, null, null, 0.00, to_date('23-07-2025', 'dd-mm-yyyy'), to_date('24-05-2023', 'dd-mm-yyyy'), 1185.95, 0.00, 0.00, 1, 0.00, 0.00, 0.00, 0.00, 0.0000000000, 0.00, 0.0000000000, 0, to_date('24-05-2023', 'dd-mm-yyyy'), 0.00, 0.00, 13.65000000, 0.00, 0.00, 0.00, null, null, null, null);

	insert into crappep (CDCOOPER, NRDCONTA, NRCTREMP, NRPAREPR, VLPAREPR, VLJURPAR, VLMTAPAR, VLMRAPAR, VLMTZPAR, DTVENCTO, DTULTPAG, VLPAGPAR, VLPAGMTA, VLPAGMRA, INLIQUID, VLDESPAR, VLSDVPAR, VLJINPAR, VLPAGJIN, VLSDVATU, VLJURA60, VLSDVSJI, INPREJUZ, DTREFATU, VLIOFCPL, VLIOFADC, VLTAXATU, VLPAGIOF, VLTARIOF, VLIOFPRI, DTDSTJUR, VLDSTCOR, VLDSTREM, INLQDREFIN)
	values (12, 99801760, 59780, 26, 1185.95, 0.00, null, null, 0.00, to_date('23-08-2025', 'dd-mm-yyyy'), to_date('24-05-2023', 'dd-mm-yyyy'), 1185.95, 0.00, 0.00, 1, 0.00, 0.00, 0.00, 0.00, 0.0000000000, 0.00, 0.0000000000, 0, to_date('24-05-2023', 'dd-mm-yyyy'), 0.00, 0.00, 13.65000000, 0.00, 0.00, 0.00, null, null, null, null);

	insert into crappep (CDCOOPER, NRDCONTA, NRCTREMP, NRPAREPR, VLPAREPR, VLJURPAR, VLMTAPAR, VLMRAPAR, VLMTZPAR, DTVENCTO, DTULTPAG, VLPAGPAR, VLPAGMTA, VLPAGMRA, INLIQUID, VLDESPAR, VLSDVPAR, VLJINPAR, VLPAGJIN, VLSDVATU, VLJURA60, VLSDVSJI, INPREJUZ, DTREFATU, VLIOFCPL, VLIOFADC, VLTAXATU, VLPAGIOF, VLTARIOF, VLIOFPRI, DTDSTJUR, VLDSTCOR, VLDSTREM, INLQDREFIN)
	values (12, 99801760, 59780, 27, 1185.95, 0.00, null, null, 0.00, to_date('23-09-2025', 'dd-mm-yyyy'), to_date('24-05-2023', 'dd-mm-yyyy'), 1185.95, 0.00, 0.00, 1, 0.00, 0.00, 0.00, 0.00, 0.0000000000, 0.00, 0.0000000000, 0, to_date('24-05-2023', 'dd-mm-yyyy'), 0.00, 0.00, 13.65000000, 0.00, 0.00, 0.00, null, null, null, null);

	insert into crappep (CDCOOPER, NRDCONTA, NRCTREMP, NRPAREPR, VLPAREPR, VLJURPAR, VLMTAPAR, VLMRAPAR, VLMTZPAR, DTVENCTO, DTULTPAG, VLPAGPAR, VLPAGMTA, VLPAGMRA, INLIQUID, VLDESPAR, VLSDVPAR, VLJINPAR, VLPAGJIN, VLSDVATU, VLJURA60, VLSDVSJI, INPREJUZ, DTREFATU, VLIOFCPL, VLIOFADC, VLTAXATU, VLPAGIOF, VLTARIOF, VLIOFPRI, DTDSTJUR, VLDSTCOR, VLDSTREM, INLQDREFIN)
	values (12, 99801760, 59780, 28, 1185.95, 0.00, null, null, 0.00, to_date('23-10-2025', 'dd-mm-yyyy'), to_date('24-05-2023', 'dd-mm-yyyy'), 1185.95, 0.00, 0.00, 1, 0.00, 0.00, 0.00, 0.00, 0.0000000000, 0.00, 0.0000000000, 0, to_date('24-05-2023', 'dd-mm-yyyy'), 0.00, 0.00, 13.65000000, 0.00, 0.00, 0.00, null, null, null, null);

	insert into crappep (CDCOOPER, NRDCONTA, NRCTREMP, NRPAREPR, VLPAREPR, VLJURPAR, VLMTAPAR, VLMRAPAR, VLMTZPAR, DTVENCTO, DTULTPAG, VLPAGPAR, VLPAGMTA, VLPAGMRA, INLIQUID, VLDESPAR, VLSDVPAR, VLJINPAR, VLPAGJIN, VLSDVATU, VLJURA60, VLSDVSJI, INPREJUZ, DTREFATU, VLIOFCPL, VLIOFADC, VLTAXATU, VLPAGIOF, VLTARIOF, VLIOFPRI, DTDSTJUR, VLDSTCOR, VLDSTREM, INLQDREFIN)
	values (12, 99801760, 59780, 29, 1185.95, 0.00, null, null, 0.00, to_date('23-11-2025', 'dd-mm-yyyy'), to_date('24-05-2023', 'dd-mm-yyyy'), 1185.95, 0.00, 0.00, 1, 0.00, 0.00, 0.00, 0.00, 0.0000000000, 0.00, 0.0000000000, 0, to_date('24-05-2023', 'dd-mm-yyyy'), 0.00, 0.00, 13.65000000, 0.00, 0.00, 0.00, null, null, null, null);

	insert into crappep (CDCOOPER, NRDCONTA, NRCTREMP, NRPAREPR, VLPAREPR, VLJURPAR, VLMTAPAR, VLMRAPAR, VLMTZPAR, DTVENCTO, DTULTPAG, VLPAGPAR, VLPAGMTA, VLPAGMRA, INLIQUID, VLDESPAR, VLSDVPAR, VLJINPAR, VLPAGJIN, VLSDVATU, VLJURA60, VLSDVSJI, INPREJUZ, DTREFATU, VLIOFCPL, VLIOFADC, VLTAXATU, VLPAGIOF, VLTARIOF, VLIOFPRI, DTDSTJUR, VLDSTCOR, VLDSTREM, INLQDREFIN)
	values (12, 99801760, 59780, 30, 1185.95, 0.00, null, null, 0.00, to_date('23-12-2025', 'dd-mm-yyyy'), to_date('24-05-2023', 'dd-mm-yyyy'), 1185.95, 0.00, 0.00, 1, 0.00, 0.00, 0.00, 0.00, 0.0000000000, 0.00, 0.0000000000, 0, to_date('24-05-2023', 'dd-mm-yyyy'), 0.00, 0.00, 13.65000000, 0.00, 0.00, 0.00, null, null, null, null);

	insert into crappep (CDCOOPER, NRDCONTA, NRCTREMP, NRPAREPR, VLPAREPR, VLJURPAR, VLMTAPAR, VLMRAPAR, VLMTZPAR, DTVENCTO, DTULTPAG, VLPAGPAR, VLPAGMTA, VLPAGMRA, INLIQUID, VLDESPAR, VLSDVPAR, VLJINPAR, VLPAGJIN, VLSDVATU, VLJURA60, VLSDVSJI, INPREJUZ, DTREFATU, VLIOFCPL, VLIOFADC, VLTAXATU, VLPAGIOF, VLTARIOF, VLIOFPRI, DTDSTJUR, VLDSTCOR, VLDSTREM, INLQDREFIN)
	values (12, 99801760, 59780, 31, 1185.95, 0.00, null, null, 0.00, to_date('23-01-2026', 'dd-mm-yyyy'), to_date('24-05-2023', 'dd-mm-yyyy'), 1185.95, 0.00, 0.00, 1, 0.00, 0.00, 0.00, 0.00, 0.0000000000, 0.00, 0.0000000000, 0, to_date('24-05-2023', 'dd-mm-yyyy'), 0.00, 0.00, 13.65000000, 0.00, 0.00, 0.00, null, null, null, null);

	insert into crappep (CDCOOPER, NRDCONTA, NRCTREMP, NRPAREPR, VLPAREPR, VLJURPAR, VLMTAPAR, VLMRAPAR, VLMTZPAR, DTVENCTO, DTULTPAG, VLPAGPAR, VLPAGMTA, VLPAGMRA, INLIQUID, VLDESPAR, VLSDVPAR, VLJINPAR, VLPAGJIN, VLSDVATU, VLJURA60, VLSDVSJI, INPREJUZ, DTREFATU, VLIOFCPL, VLIOFADC, VLTAXATU, VLPAGIOF, VLTARIOF, VLIOFPRI, DTDSTJUR, VLDSTCOR, VLDSTREM, INLQDREFIN)
	values (12, 99801760, 59780, 32, 1185.95, 0.00, null, null, 0.00, to_date('23-02-2026', 'dd-mm-yyyy'), to_date('24-05-2023', 'dd-mm-yyyy'), 1185.95, 0.00, 0.00, 1, 0.00, 0.00, 0.00, 0.00, 0.0000000000, 0.00, 0.0000000000, 0, to_date('24-05-2023', 'dd-mm-yyyy'), 0.00, 0.00, 13.65000000, 0.00, 0.00, 0.00, null, null, null, null);

	insert into crappep (CDCOOPER, NRDCONTA, NRCTREMP, NRPAREPR, VLPAREPR, VLJURPAR, VLMTAPAR, VLMRAPAR, VLMTZPAR, DTVENCTO, DTULTPAG, VLPAGPAR, VLPAGMTA, VLPAGMRA, INLIQUID, VLDESPAR, VLSDVPAR, VLJINPAR, VLPAGJIN, VLSDVATU, VLJURA60, VLSDVSJI, INPREJUZ, DTREFATU, VLIOFCPL, VLIOFADC, VLTAXATU, VLPAGIOF, VLTARIOF, VLIOFPRI, DTDSTJUR, VLDSTCOR, VLDSTREM, INLQDREFIN)
	values (12, 99801760, 59780, 36, 1185.95, 0.00, null, null, 0.00, to_date('23-06-2026', 'dd-mm-yyyy'), to_date('24-05-2023', 'dd-mm-yyyy'), 1185.95, 0.00, 0.00, 1, 0.00, 0.00, 0.00, 0.00, 0.0000000000, 0.00, 0.0000000000, 0, to_date('24-05-2023', 'dd-mm-yyyy'), 0.00, 0.00, 13.65000000, 0.00, 0.00, 0.00, null, null, null, null);

	insert into crappep (CDCOOPER, NRDCONTA, NRCTREMP, NRPAREPR, VLPAREPR, VLJURPAR, VLMTAPAR, VLMRAPAR, VLMTZPAR, DTVENCTO, DTULTPAG, VLPAGPAR, VLPAGMTA, VLPAGMRA, INLIQUID, VLDESPAR, VLSDVPAR, VLJINPAR, VLPAGJIN, VLSDVATU, VLJURA60, VLSDVSJI, INPREJUZ, DTREFATU, VLIOFCPL, VLIOFADC, VLTAXATU, VLPAGIOF, VLTARIOF, VLIOFPRI, DTDSTJUR, VLDSTCOR, VLDSTREM, INLQDREFIN)
	values (12, 99801760, 59780, 33, 1185.95, 0.00, null, null, 0.00, to_date('23-03-2026', 'dd-mm-yyyy'), to_date('24-05-2023', 'dd-mm-yyyy'), 1185.95, 0.00, 0.00, 1, 0.00, 0.00, 0.00, 0.00, 0.0000000000, 0.00, 0.0000000000, 0, to_date('24-05-2023', 'dd-mm-yyyy'), 0.00, 0.00, 13.65000000, 0.00, 0.00, 0.00, null, null, null, null);

	insert into crappep (CDCOOPER, NRDCONTA, NRCTREMP, NRPAREPR, VLPAREPR, VLJURPAR, VLMTAPAR, VLMRAPAR, VLMTZPAR, DTVENCTO, DTULTPAG, VLPAGPAR, VLPAGMTA, VLPAGMRA, INLIQUID, VLDESPAR, VLSDVPAR, VLJINPAR, VLPAGJIN, VLSDVATU, VLJURA60, VLSDVSJI, INPREJUZ, DTREFATU, VLIOFCPL, VLIOFADC, VLTAXATU, VLPAGIOF, VLTARIOF, VLIOFPRI, DTDSTJUR, VLDSTCOR, VLDSTREM, INLQDREFIN)
	values (12, 99801760, 59780, 34, 1185.95, 0.00, null, null, 0.00, to_date('23-04-2026', 'dd-mm-yyyy'), to_date('24-05-2023', 'dd-mm-yyyy'), 1185.95, 0.00, 0.00, 1, 0.00, 0.00, 0.00, 0.00, 0.0000000000, 0.00, 0.0000000000, 0, to_date('24-05-2023', 'dd-mm-yyyy'), 0.00, 0.00, 13.65000000, 0.00, 0.00, 0.00, null, null, null, null);

	insert into crappep (CDCOOPER, NRDCONTA, NRCTREMP, NRPAREPR, VLPAREPR, VLJURPAR, VLMTAPAR, VLMRAPAR, VLMTZPAR, DTVENCTO, DTULTPAG, VLPAGPAR, VLPAGMTA, VLPAGMRA, INLIQUID, VLDESPAR, VLSDVPAR, VLJINPAR, VLPAGJIN, VLSDVATU, VLJURA60, VLSDVSJI, INPREJUZ, DTREFATU, VLIOFCPL, VLIOFADC, VLTAXATU, VLPAGIOF, VLTARIOF, VLIOFPRI, DTDSTJUR, VLDSTCOR, VLDSTREM, INLQDREFIN)
	values (12, 99801760, 59780, 35, 1185.95, 0.00, null, null, 0.00, to_date('23-05-2026', 'dd-mm-yyyy'), to_date('24-05-2023', 'dd-mm-yyyy'), 1185.95, 0.00, 0.00, 1, 0.00, 0.00, 0.00, 0.00, 0.0000000000, 0.00, 0.0000000000, 0, to_date('24-05-2023', 'dd-mm-yyyy'), 0.00, 0.00, 13.65000000, 0.00, 0.00, 0.00, null, null, null, null);

	insert into crappep (CDCOOPER, NRDCONTA, NRCTREMP, NRPAREPR, VLPAREPR, VLJURPAR, VLMTAPAR, VLMRAPAR, VLMTZPAR, DTVENCTO, DTULTPAG, VLPAGPAR, VLPAGMTA, VLPAGMRA, INLIQUID, VLDESPAR, VLSDVPAR, VLJINPAR, VLPAGJIN, VLSDVATU, VLJURA60, VLSDVSJI, INPREJUZ, DTREFATU, VLIOFCPL, VLIOFADC, VLTAXATU, VLPAGIOF, VLTARIOF, VLIOFPRI, DTDSTJUR, VLDSTCOR, VLDSTREM, INLQDREFIN)
	values (12, 99801760, 59780, 37, 1185.95, 0.00, null, null, 0.00, to_date('23-07-2026', 'dd-mm-yyyy'), to_date('24-05-2023', 'dd-mm-yyyy'), 1185.95, 0.00, 0.00, 1, 0.00, 0.00, 0.00, 0.00, 0.0000000000, 0.00, 0.0000000000, 0, to_date('24-05-2023', 'dd-mm-yyyy'), 0.00, 0.00, 13.65000000, 0.00, 0.00, 0.00, null, null, null, null);

	insert into crappep (CDCOOPER, NRDCONTA, NRCTREMP, NRPAREPR, VLPAREPR, VLJURPAR, VLMTAPAR, VLMRAPAR, VLMTZPAR, DTVENCTO, DTULTPAG, VLPAGPAR, VLPAGMTA, VLPAGMRA, INLIQUID, VLDESPAR, VLSDVPAR, VLJINPAR, VLPAGJIN, VLSDVATU, VLJURA60, VLSDVSJI, INPREJUZ, DTREFATU, VLIOFCPL, VLIOFADC, VLTAXATU, VLPAGIOF, VLTARIOF, VLIOFPRI, DTDSTJUR, VLDSTCOR, VLDSTREM, INLQDREFIN)
	values (12, 99801760, 59780, 38, 1185.95, 0.00, null, null, 0.00, to_date('23-08-2026', 'dd-mm-yyyy'), to_date('24-05-2023', 'dd-mm-yyyy'), 1185.95, 0.00, 0.00, 1, 0.00, 0.00, 0.00, 0.00, 0.0000000000, 0.00, 0.0000000000, 0, to_date('24-05-2023', 'dd-mm-yyyy'), 0.00, 0.00, 13.65000000, 0.00, 0.00, 0.00, null, null, null, null);

	COMMIT;

EXCEPTION
  WHEN OTHERS THEN
    RAISE_APPLICATION_ERROR(-20500, SQLERRM);
    ROLLBACK;
END;
