DECLARE

BEGIN


insert into CRAPASS (INDNIVEL, NRDCONTA, CDAGENCI, NRCADAST, NMPRIMTL, DTNASCTL, XXX_DSNACION, DSPROFTL, DTADMISS, DTDEMISS, NRCPFCGC, DTULTALT, TPDOCPTL, NRDOCPTL, CDSEXOTL, DSFILIAC, DTADMEMP, CDTURNOS, NRRAMEMP, NRCTACTO, CDTIPSFX, CDDSENHA, CDSECEXT, CDSITDCT, CDSITDTL, CDSRCHEQ, CDTIPCTA, DTABTCCT, DTASITCT, DTATIPCT, DTCNSSPC, DTDSDSPC, INADIMPL, INEDVMTO, INLBACEN, NRFLCHEQ, QTEXTMES, VLLIMCRE, XXX_DSREGCAS, XXX_NMSEGNTL, XXX_TPDOCSTL, XXX_NRDOCSTL, XXX_CDGRAUPR, XXX_CDDSECAO, DTULTLCR, INPESSOA, INMATRIC, INISIPMF, TPLIMCRE, XXX_DTNASSTL, XXX_DSFILSTL, XXX_NRCPFSTL, DTELIMIN, VLEDVMTO, DTEDVMTO, QTFOLMES, TPEXTCTA, XXX_CDOEDPTL, XXX_CDOEDSTL, XXX_CDOEDRSP, CDUFDPTL, XXX_CDUFDSTL, XXX_CDUFDRSP, XXX_NMRESPON, XXX_INHABMEN, XXX_NRCPFRSP, XXX_NRDOCRSP, XXX_TPDOCRSP, XXX_DTEMDSTL, DTEMDPTL, XXX_DTEMDRSP, XXX_QTDEPEND, XXX_DSENDCOL, TPAVSDEB, INISCPMF, NRCTAPRP, XXX_CDOEDTTL, XXX_CDUFDTTL, XXX_DSFILTTL, XXX_DTNASTTL, XXX_NMTERTL, XXX_NRCPFTTL, XXX_NRDOCTTL, XXX_TPDOCTTL, XXX_DTEMDTTL, TPVINCUL, XXX_NRFONEMP, DTCNSCPF, CDSITCPF, XXX_NMPAITTL, XXX_NMPAISTL, NMPAIPTL, XXX_NMMAETTL, XXX_NMMAESTL, NMMAEPTL, INCCFCOP, DTCCFCOP, INDRISCO, INARQCBR, XXX_DSDEMAIL, QTFOLTAL, NRDCTITG, FLCHQITG, FLGCTITG, DTABCITG, NRCTAINV, CDOPERAT, FLGATRAT, DTATURAT, VLUTLRAT, FLGIDDEP, DTLIMDEB, CDCOOPER, VLLIMDEB, CDMOTDEM, FLGDBITG, DSNIVRIS, DTECTITG, CDOPEDEM, DTMVTOLT, CDBANTRF, CDAGETRF, NRCTATRF, DTMVCITG, DTCNSSCR, NRCPFPPT, DTDEVQST, DTENTQST, CDBCOCHQ, DTCADQST, NRNOTATL, INRISCTL, DTRISCTL, FLGRESTR, NRCTACNS, NREMPCRD, FLGCRDPA, CDOPLCPA, INCADPOS, FLGRENLI, CDCLCNAE, NMTTLRFB, INCONRFB, HRINICAD, HRFIMCAD, INDSERMA, CDCONSUL, IDASTCJT, IDIMPRTR, INSERASA, CDOPEORI, CDAGEORI, DTINSORI, DTDSCORE, DSDSCORE, QTMINAST, FLMAJORA, DSMOTMAJ, CDOPEMAJ, CDNACION, IDORGEXP, INTIPSAI, ININCTVA, FLBLQTAL, CDCATEGO, FLCNAULC, NRCPFCNPJ_BASE, INPREJUZ, CDVINCULACAO, CDSITDCT_ORIGINAL, FLPERMITECREDITO_DIGITAL, DTBLOQCREDITO_DIGITAL, FLEXTRATO_UNIFICADO_PIX)
values (3, 15352927, 1, 0, 'ALLANA CARDOSO', to_date('04-10-1989', 'dd-mm-yyyy'), ' ', ' ', to_date('23-08-2022', 'dd-mm-yyyy'), null, 81560047000101, to_date('23-08-2022', 'dd-mm-yyyy'), ' ', ' ', 0, ' ', null, 0, 0, 0, 1, ' ', 999, 1, 1, ' ', 19, to_date('23-08-2022', 'dd-mm-yyyy'), null, null, null, null, 0, 0, 0, 0, 0, 0.00, ' ', ' ', ' ', ' ', 0, 0, null, 2, 1, 0, 0, null, ' ', 0, null, 0.00, null, 0, 0, ' ', ' ', ' ', ' ', ' ', ' ', ' ', 0, 0, ' ', ' ', null, null, null, 0, ' ', 0, 0, 0, ' ', ' ', ' ', null, ' ', 0, ' ', ' ', null, ' ', ' ', to_date('08-02-2022', 'dd-mm-yyyy'), 9, ' ', ' ', ' ', ' ', ' ', ' ', 0, null, ' ', 0, ' ', 10, ' ', 0, 3, null, 615352928, ' ', 0, null, 0.00, 0, null, 1, 0.00, 0, 3, ' ', null, ' ', to_date('23-08-2022', 'dd-mm-yyyy'), 0, 0, 0.00, null, null, 0, null, null, 85, null, 0.00, ' ', null, 0, 0, 0, 0, ' ', 2, 1, 4930202, 'MAYA NASCIMENTO', 0, 52466, 0, 0, 0, 0, 0, 0, 'f0032989', 1, to_date('26-09-2022', 'dd-mm-yyyy'), null, ' ', 2, 1, ' ', ' ', 0, 0, 0, 0, 0, 1, 1, 81560047, 0, null, 0, 1, null, 1);

insert into CRAPASS (INDNIVEL, NRDCONTA, CDAGENCI, NRCADAST, NMPRIMTL, DTNASCTL, XXX_DSNACION, DSPROFTL, DTADMISS, DTDEMISS, NRCPFCGC, DTULTALT, TPDOCPTL, NRDOCPTL, CDSEXOTL, DSFILIAC, DTADMEMP, CDTURNOS, NRRAMEMP, NRCTACTO, CDTIPSFX, CDDSENHA, CDSECEXT, CDSITDCT, CDSITDTL, CDSRCHEQ, CDTIPCTA, DTABTCCT, DTASITCT, DTATIPCT, DTCNSSPC, DTDSDSPC, INADIMPL, INEDVMTO, INLBACEN, NRFLCHEQ, QTEXTMES, VLLIMCRE, XXX_DSREGCAS, XXX_NMSEGNTL, XXX_TPDOCSTL, XXX_NRDOCSTL, XXX_CDGRAUPR, XXX_CDDSECAO, DTULTLCR, INPESSOA, INMATRIC, INISIPMF, TPLIMCRE, XXX_DTNASSTL, XXX_DSFILSTL, XXX_NRCPFSTL, DTELIMIN, VLEDVMTO, DTEDVMTO, QTFOLMES, TPEXTCTA, XXX_CDOEDPTL, XXX_CDOEDSTL, XXX_CDOEDRSP, CDUFDPTL, XXX_CDUFDSTL, XXX_CDUFDRSP, XXX_NMRESPON, XXX_INHABMEN, XXX_NRCPFRSP, XXX_NRDOCRSP, XXX_TPDOCRSP, XXX_DTEMDSTL, DTEMDPTL, XXX_DTEMDRSP, XXX_QTDEPEND, XXX_DSENDCOL, TPAVSDEB, INISCPMF, NRCTAPRP, XXX_CDOEDTTL, XXX_CDUFDTTL, XXX_DSFILTTL, XXX_DTNASTTL, XXX_NMTERTL, XXX_NRCPFTTL, XXX_NRDOCTTL, XXX_TPDOCTTL, XXX_DTEMDTTL, TPVINCUL, XXX_NRFONEMP, DTCNSCPF, CDSITCPF, XXX_NMPAITTL, XXX_NMPAISTL, NMPAIPTL, XXX_NMMAETTL, XXX_NMMAESTL, NMMAEPTL, INCCFCOP, DTCCFCOP, INDRISCO, INARQCBR, XXX_DSDEMAIL, QTFOLTAL, NRDCTITG, FLCHQITG, FLGCTITG, DTABCITG, NRCTAINV, CDOPERAT, FLGATRAT, DTATURAT, VLUTLRAT, FLGIDDEP, DTLIMDEB, CDCOOPER, VLLIMDEB, CDMOTDEM, FLGDBITG, DSNIVRIS, DTECTITG, CDOPEDEM, DTMVTOLT, CDBANTRF, CDAGETRF, NRCTATRF, DTMVCITG, DTCNSSCR, NRCPFPPT, DTDEVQST, DTENTQST, CDBCOCHQ, DTCADQST, NRNOTATL, INRISCTL, DTRISCTL, FLGRESTR, NRCTACNS, NREMPCRD, FLGCRDPA, CDOPLCPA, INCADPOS, FLGRENLI, CDCLCNAE, NMTTLRFB, INCONRFB, HRINICAD, HRFIMCAD, INDSERMA, CDCONSUL, IDASTCJT, IDIMPRTR, INSERASA, CDOPEORI, CDAGEORI, DTINSORI, DTDSCORE, DSDSCORE, QTMINAST, FLMAJORA, DSMOTMAJ, CDOPEMAJ, CDNACION, IDORGEXP, INTIPSAI, ININCTVA, FLBLQTAL, CDCATEGO, FLCNAULC, NRCPFCNPJ_BASE, INPREJUZ, CDVINCULACAO, CDSITDCT_ORIGINAL, FLPERMITECREDITO_DIGITAL, DTBLOQCREDITO_DIGITAL, FLEXTRATO_UNIFICADO_PIX)
values (3, 1178520, 1, 0, 'FELIPE PEREIRA', to_date('04-12-2002', 'dd-mm-yyyy'), ' ', ' ', to_date('24-08-2022', 'dd-mm-yyyy'), null, 5463212000129, to_date('24-08-2022', 'dd-mm-yyyy'), ' ', ' ', 0, ' ', null, 0, 0, 0, 1, ' ', 999, 1, 1, ' ', 19, to_date('24-08-2022', 'dd-mm-yyyy'), null, null, null, null, 0, 0, 0, 0, 0, 0.00, ' ', ' ', ' ', ' ', 0, 0, null, 2, 1, 0, 0, null, ' ', 0, null, 0.00, null, 0, 0, ' ', ' ', ' ', ' ', ' ', ' ', ' ', 0, 0, ' ', ' ', null, null, null, 0, ' ', 0, 0, 0, ' ', ' ', ' ', null, ' ', 0, ' ', ' ', null, ' ', ' ', to_date('04-08-2022', 'dd-mm-yyyy'), 9, ' ', ' ', ' ', ' ', ' ', ' ', 0, null, ' ', 0, ' ', 10, ' ', 0, 3, null, 601178521, ' ', 0, null, 0.00, 0, null, 2, 0.00, 0, 3, ' ', null, ' ', to_date('24-08-2022', 'dd-mm-yyyy'), 0, 0, 0.00, null, null, 0, null, null, 85, null, 0.00, ' ', null, 0, 0, 0, 0, ' ', 2, 1, 6424702, 'BRUNA DE CAMPOS', 0, 54492, 0, 0, 0, 0, 0, 0, 'f0032989', 1, to_date('26-09-2022', 'dd-mm-yyyy'), null, ' ', 2, 1, ' ', ' ', 0, 0, 0, 0, 0, 1, 1, 5463212, 0, null, 0, 1, null, 1);

insert into CRAPASS (INDNIVEL, NRDCONTA, CDAGENCI, NRCADAST, NMPRIMTL, DTNASCTL, XXX_DSNACION, DSPROFTL, DTADMISS, DTDEMISS, NRCPFCGC, DTULTALT, TPDOCPTL, NRDOCPTL, CDSEXOTL, DSFILIAC, DTADMEMP, CDTURNOS, NRRAMEMP, NRCTACTO, CDTIPSFX, CDDSENHA, CDSECEXT, CDSITDCT, CDSITDTL, CDSRCHEQ, CDTIPCTA, DTABTCCT, DTASITCT, DTATIPCT, DTCNSSPC, DTDSDSPC, INADIMPL, INEDVMTO, INLBACEN, NRFLCHEQ, QTEXTMES, VLLIMCRE, XXX_DSREGCAS, XXX_NMSEGNTL, XXX_TPDOCSTL, XXX_NRDOCSTL, XXX_CDGRAUPR, XXX_CDDSECAO, DTULTLCR, INPESSOA, INMATRIC, INISIPMF, TPLIMCRE, XXX_DTNASSTL, XXX_DSFILSTL, XXX_NRCPFSTL, DTELIMIN, VLEDVMTO, DTEDVMTO, QTFOLMES, TPEXTCTA, XXX_CDOEDPTL, XXX_CDOEDSTL, XXX_CDOEDRSP, CDUFDPTL, XXX_CDUFDSTL, XXX_CDUFDRSP, XXX_NMRESPON, XXX_INHABMEN, XXX_NRCPFRSP, XXX_NRDOCRSP, XXX_TPDOCRSP, XXX_DTEMDSTL, DTEMDPTL, XXX_DTEMDRSP, XXX_QTDEPEND, XXX_DSENDCOL, TPAVSDEB, INISCPMF, NRCTAPRP, XXX_CDOEDTTL, XXX_CDUFDTTL, XXX_DSFILTTL, XXX_DTNASTTL, XXX_NMTERTL, XXX_NRCPFTTL, XXX_NRDOCTTL, XXX_TPDOCTTL, XXX_DTEMDTTL, TPVINCUL, XXX_NRFONEMP, DTCNSCPF, CDSITCPF, XXX_NMPAITTL, XXX_NMPAISTL, NMPAIPTL, XXX_NMMAETTL, XXX_NMMAESTL, NMMAEPTL, INCCFCOP, DTCCFCOP, INDRISCO, INARQCBR, XXX_DSDEMAIL, QTFOLTAL, NRDCTITG, FLCHQITG, FLGCTITG, DTABCITG, NRCTAINV, CDOPERAT, FLGATRAT, DTATURAT, VLUTLRAT, FLGIDDEP, DTLIMDEB, CDCOOPER, VLLIMDEB, CDMOTDEM, FLGDBITG, DSNIVRIS, DTECTITG, CDOPEDEM, DTMVTOLT, CDBANTRF, CDAGETRF, NRCTATRF, DTMVCITG, DTCNSSCR, NRCPFPPT, DTDEVQST, DTENTQST, CDBCOCHQ, DTCADQST, NRNOTATL, INRISCTL, DTRISCTL, FLGRESTR, NRCTACNS, NREMPCRD, FLGCRDPA, CDOPLCPA, INCADPOS, FLGRENLI, CDCLCNAE, NMTTLRFB, INCONRFB, HRINICAD, HRFIMCAD, INDSERMA, CDCONSUL, IDASTCJT, IDIMPRTR, INSERASA, CDOPEORI, CDAGEORI, DTINSORI, DTDSCORE, DSDSCORE, QTMINAST, FLMAJORA, DSMOTMAJ, CDOPEMAJ, CDNACION, IDORGEXP, INTIPSAI, ININCTVA, FLBLQTAL, CDCATEGO, FLCNAULC, NRCPFCNPJ_BASE, INPREJUZ, CDVINCULACAO, CDSITDCT_ORIGINAL, FLPERMITECREDITO_DIGITAL, DTBLOQCREDITO_DIGITAL, FLEXTRATO_UNIFICADO_PIX)
values (3, 365343, 1, 0, 'FELIPE PEREIRA', to_date('04-12-2002', 'dd-mm-yyyy'), ' ', ' ', to_date('23-09-2022', 'dd-mm-yyyy'), null, 5463212000129, to_date('03-10-2022', 'dd-mm-yyyy'), ' ', ' ', 0, ' ', null, 0, 0, 0, 1, ' ', 999, 1, 1, ' ', 19, to_date('23-09-2022', 'dd-mm-yyyy'), null, null, null, null, 0, 0, 0, 0, 0, 0.00, ' ', ' ', ' ', ' ', 0, 0, null, 2, 1, 0, 0, null, ' ', 0, null, 0.00, null, 0, 0, ' ', ' ', ' ', ' ', ' ', ' ', ' ', 0, 0, ' ', ' ', null, null, null, 0, ' ', 0, 0, 0, ' ', ' ', ' ', null, ' ', 0, ' ', ' ', null, ' ', ' ', to_date('04-08-2022', 'dd-mm-yyyy'), 9, ' ', ' ', ' ', ' ', ' ', ' ', 0, null, ' ', 0, ' ', 10, ' ', 0, 3, null, 600365344, ' ', 0, null, 0.00, 0, null, 5, 0.00, 0, 3, ' ', null, ' ', to_date('23-09-2022', 'dd-mm-yyyy'), 0, 0, 0.00, null, null, 0, null, null, 85, null, 0.00, ' ', null, 0, 0, 0, 0, ' ', 2, 1, 6424702, 'BRUNA DE CAMPOS', 0, 53039, 0, 0, 0, 0, 0, 0, 'f0032989', 1, to_date('26-09-2022', 'dd-mm-yyyy'), null, ' ', 2, 1, ' ', ' ', 0, 0, 0, 0, 0, 1, 1, 5463212, 0, null, 0, 1, null, 1);

insert into CRAPASS (INDNIVEL, NRDCONTA, CDAGENCI, NRCADAST, NMPRIMTL, DTNASCTL, XXX_DSNACION, DSPROFTL, DTADMISS, DTDEMISS, NRCPFCGC, DTULTALT, TPDOCPTL, NRDOCPTL, CDSEXOTL, DSFILIAC, DTADMEMP, CDTURNOS, NRRAMEMP, NRCTACTO, CDTIPSFX, CDDSENHA, CDSECEXT, CDSITDCT, CDSITDTL, CDSRCHEQ, CDTIPCTA, DTABTCCT, DTASITCT, DTATIPCT, DTCNSSPC, DTDSDSPC, INADIMPL, INEDVMTO, INLBACEN, NRFLCHEQ, QTEXTMES, VLLIMCRE, XXX_DSREGCAS, XXX_NMSEGNTL, XXX_TPDOCSTL, XXX_NRDOCSTL, XXX_CDGRAUPR, XXX_CDDSECAO, DTULTLCR, INPESSOA, INMATRIC, INISIPMF, TPLIMCRE, XXX_DTNASSTL, XXX_DSFILSTL, XXX_NRCPFSTL, DTELIMIN, VLEDVMTO, DTEDVMTO, QTFOLMES, TPEXTCTA, XXX_CDOEDPTL, XXX_CDOEDSTL, XXX_CDOEDRSP, CDUFDPTL, XXX_CDUFDSTL, XXX_CDUFDRSP, XXX_NMRESPON, XXX_INHABMEN, XXX_NRCPFRSP, XXX_NRDOCRSP, XXX_TPDOCRSP, XXX_DTEMDSTL, DTEMDPTL, XXX_DTEMDRSP, XXX_QTDEPEND, XXX_DSENDCOL, TPAVSDEB, INISCPMF, NRCTAPRP, XXX_CDOEDTTL, XXX_CDUFDTTL, XXX_DSFILTTL, XXX_DTNASTTL, XXX_NMTERTL, XXX_NRCPFTTL, XXX_NRDOCTTL, XXX_TPDOCTTL, XXX_DTEMDTTL, TPVINCUL, XXX_NRFONEMP, DTCNSCPF, CDSITCPF, XXX_NMPAITTL, XXX_NMPAISTL, NMPAIPTL, XXX_NMMAETTL, XXX_NMMAESTL, NMMAEPTL, INCCFCOP, DTCCFCOP, INDRISCO, INARQCBR, XXX_DSDEMAIL, QTFOLTAL, NRDCTITG, FLCHQITG, FLGCTITG, DTABCITG, NRCTAINV, CDOPERAT, FLGATRAT, DTATURAT, VLUTLRAT, FLGIDDEP, DTLIMDEB, CDCOOPER, VLLIMDEB, CDMOTDEM, FLGDBITG, DSNIVRIS, DTECTITG, CDOPEDEM, DTMVTOLT, CDBANTRF, CDAGETRF, NRCTATRF, DTMVCITG, DTCNSSCR, NRCPFPPT, DTDEVQST, DTENTQST, CDBCOCHQ, DTCADQST, NRNOTATL, INRISCTL, DTRISCTL, FLGRESTR, NRCTACNS, NREMPCRD, FLGCRDPA, CDOPLCPA, INCADPOS, FLGRENLI, CDCLCNAE, NMTTLRFB, INCONRFB, HRINICAD, HRFIMCAD, INDSERMA, CDCONSUL, IDASTCJT, IDIMPRTR, INSERASA, CDOPEORI, CDAGEORI, DTINSORI, DTDSCORE, DSDSCORE, QTMINAST, FLMAJORA, DSMOTMAJ, CDOPEMAJ, CDNACION, IDORGEXP, INTIPSAI, ININCTVA, FLBLQTAL, CDCATEGO, FLCNAULC, NRCPFCNPJ_BASE, INPREJUZ, CDVINCULACAO, CDSITDCT_ORIGINAL, FLPERMITECREDITO_DIGITAL, DTBLOQCREDITO_DIGITAL, FLEXTRATO_UNIFICADO_PIX)
values (3, 268291, 1, 0, 'FELIPE PEREIRA', to_date('04-12-2002', 'dd-mm-yyyy'), ' ', ' ', to_date('02-09-2022', 'dd-mm-yyyy'), null, 5463212000129, to_date('26-09-2022', 'dd-mm-yyyy'), ' ', ' ', 0, ' ', null, 0, 0, 0, 1, ' ', 999, 1, 1, ' ', 19, to_date('02-09-2022', 'dd-mm-yyyy'), null, to_date('26-09-2022', 'dd-mm-yyyy'), null, null, 0, 0, 0, 0, 0, 0.00, ' ', ' ', ' ', ' ', 0, 0, null, 2, 1, 0, 0, null, ' ', 0, null, 0.00, null, 0, 0, ' ', ' ', ' ', ' ', ' ', ' ', ' ', 0, 0, ' ', ' ', null, null, null, 0, ' ', 0, 0, 0, ' ', ' ', ' ', null, ' ', 0, ' ', ' ', null, ' ', ' ', to_date('04-08-2022', 'dd-mm-yyyy'), 9, ' ', ' ', ' ', ' ', ' ', ' ', 0, null, ' ', 0, ' ', 10, ' ', 0, 3, null, 600268292, ' ', 0, null, 0.00, 0, null, 6, 0.00, 0, 3, ' ', null, ' ', to_date('02-09-2022', 'dd-mm-yyyy'), 0, 0, 0.00, null, null, 0, null, null, 85, null, 0.00, ' ', null, 0, 0, 0, 0, ' ', 2, 1, 6424702, 'BRUNA DE CAMPOS', 0, 57812, 0, 0, 0, 0, 0, 0, 'f0032989', 1, to_date('26-09-2022', 'dd-mm-yyyy'), null, ' ', 2, 1, ' ', ' ', 0, 0, 0, 0, 0, 1, 1, 5463212, 0, null, 0, 1, null, 1);

insert into CRAPASS (INDNIVEL, NRDCONTA, CDAGENCI, NRCADAST, NMPRIMTL, DTNASCTL, XXX_DSNACION, DSPROFTL, DTADMISS, DTDEMISS, NRCPFCGC, DTULTALT, TPDOCPTL, NRDOCPTL, CDSEXOTL, DSFILIAC, DTADMEMP, CDTURNOS, NRRAMEMP, NRCTACTO, CDTIPSFX, CDDSENHA, CDSECEXT, CDSITDCT, CDSITDTL, CDSRCHEQ, CDTIPCTA, DTABTCCT, DTASITCT, DTATIPCT, DTCNSSPC, DTDSDSPC, INADIMPL, INEDVMTO, INLBACEN, NRFLCHEQ, QTEXTMES, VLLIMCRE, XXX_DSREGCAS, XXX_NMSEGNTL, XXX_TPDOCSTL, XXX_NRDOCSTL, XXX_CDGRAUPR, XXX_CDDSECAO, DTULTLCR, INPESSOA, INMATRIC, INISIPMF, TPLIMCRE, XXX_DTNASSTL, XXX_DSFILSTL, XXX_NRCPFSTL, DTELIMIN, VLEDVMTO, DTEDVMTO, QTFOLMES, TPEXTCTA, XXX_CDOEDPTL, XXX_CDOEDSTL, XXX_CDOEDRSP, CDUFDPTL, XXX_CDUFDSTL, XXX_CDUFDRSP, XXX_NMRESPON, XXX_INHABMEN, XXX_NRCPFRSP, XXX_NRDOCRSP, XXX_TPDOCRSP, XXX_DTEMDSTL, DTEMDPTL, XXX_DTEMDRSP, XXX_QTDEPEND, XXX_DSENDCOL, TPAVSDEB, INISCPMF, NRCTAPRP, XXX_CDOEDTTL, XXX_CDUFDTTL, XXX_DSFILTTL, XXX_DTNASTTL, XXX_NMTERTL, XXX_NRCPFTTL, XXX_NRDOCTTL, XXX_TPDOCTTL, XXX_DTEMDTTL, TPVINCUL, XXX_NRFONEMP, DTCNSCPF, CDSITCPF, XXX_NMPAITTL, XXX_NMPAISTL, NMPAIPTL, XXX_NMMAETTL, XXX_NMMAESTL, NMMAEPTL, INCCFCOP, DTCCFCOP, INDRISCO, INARQCBR, XXX_DSDEMAIL, QTFOLTAL, NRDCTITG, FLCHQITG, FLGCTITG, DTABCITG, NRCTAINV, CDOPERAT, FLGATRAT, DTATURAT, VLUTLRAT, FLGIDDEP, DTLIMDEB, CDCOOPER, VLLIMDEB, CDMOTDEM, FLGDBITG, DSNIVRIS, DTECTITG, CDOPEDEM, DTMVTOLT, CDBANTRF, CDAGETRF, NRCTATRF, DTMVCITG, DTCNSSCR, NRCPFPPT, DTDEVQST, DTENTQST, CDBCOCHQ, DTCADQST, NRNOTATL, INRISCTL, DTRISCTL, FLGRESTR, NRCTACNS, NREMPCRD, FLGCRDPA, CDOPLCPA, INCADPOS, FLGRENLI, CDCLCNAE, NMTTLRFB, INCONRFB, HRINICAD, HRFIMCAD, INDSERMA, CDCONSUL, IDASTCJT, IDIMPRTR, INSERASA, CDOPEORI, CDAGEORI, DTINSORI, DTDSCORE, DSDSCORE, QTMINAST, FLMAJORA, DSMOTMAJ, CDOPEMAJ, CDNACION, IDORGEXP, INTIPSAI, ININCTVA, FLBLQTAL, CDCATEGO, FLCNAULC, NRCPFCNPJ_BASE, INPREJUZ, CDVINCULACAO, CDSITDCT_ORIGINAL, FLPERMITECREDITO_DIGITAL, DTBLOQCREDITO_DIGITAL, FLEXTRATO_UNIFICADO_PIX)
values (3, 452041, 1, 0, 'FELIPE PEREIRA', to_date('04-12-2002', 'dd-mm-yyyy'), ' ', ' ', to_date('23-09-2022', 'dd-mm-yyyy'), null, 5463212000129, to_date('23-09-2022', 'dd-mm-yyyy'), ' ', ' ', 0, ' ', null, 0, 0, 0, 1, ' ', 999, 1, 1, ' ', 19, to_date('23-09-2022', 'dd-mm-yyyy'), null, null, null, null, 0, 0, 0, 0, 0, 0.00, ' ', ' ', ' ', ' ', 0, 0, null, 2, 1, 0, 0, null, ' ', 0, null, 0.00, null, 0, 0, ' ', ' ', ' ', ' ', ' ', ' ', ' ', 0, 0, ' ', ' ', null, null, null, 0, ' ', 0, 0, 0, ' ', ' ', ' ', null, ' ', 0, ' ', ' ', null, ' ', ' ', to_date('04-08-2022', 'dd-mm-yyyy'), 9, ' ', ' ', ' ', ' ', ' ', ' ', 0, null, ' ', 0, ' ', 10, ' ', 0, 3, null, 600452042, ' ', 0, null, 0.00, 0, null, 7, 0.00, 0, 3, ' ', null, ' ', to_date('23-09-2022', 'dd-mm-yyyy'), 0, 0, 0.00, null, null, 0, null, null, 85, null, 0.00, ' ', null, 0, 0, 0, 0, ' ', 2, 1, 6424702, 'BRUNA DE CAMPOS', 0, 55877, 0, 0, 0, 0, 0, 0, 'f0032989', 1, to_date('26-09-2022', 'dd-mm-yyyy'), null, ' ', 2, 1, ' ', ' ', 0, 0, 0, 0, 0, 1, 1, 5463212, 0, null, 0, 1, null, 1);

insert into CRAPASS (INDNIVEL, NRDCONTA, CDAGENCI, NRCADAST, NMPRIMTL, DTNASCTL, XXX_DSNACION, DSPROFTL, DTADMISS, DTDEMISS, NRCPFCGC, DTULTALT, TPDOCPTL, NRDOCPTL, CDSEXOTL, DSFILIAC, DTADMEMP, CDTURNOS, NRRAMEMP, NRCTACTO, CDTIPSFX, CDDSENHA, CDSECEXT, CDSITDCT, CDSITDTL, CDSRCHEQ, CDTIPCTA, DTABTCCT, DTASITCT, DTATIPCT, DTCNSSPC, DTDSDSPC, INADIMPL, INEDVMTO, INLBACEN, NRFLCHEQ, QTEXTMES, VLLIMCRE, XXX_DSREGCAS, XXX_NMSEGNTL, XXX_TPDOCSTL, XXX_NRDOCSTL, XXX_CDGRAUPR, XXX_CDDSECAO, DTULTLCR, INPESSOA, INMATRIC, INISIPMF, TPLIMCRE, XXX_DTNASSTL, XXX_DSFILSTL, XXX_NRCPFSTL, DTELIMIN, VLEDVMTO, DTEDVMTO, QTFOLMES, TPEXTCTA, XXX_CDOEDPTL, XXX_CDOEDSTL, XXX_CDOEDRSP, CDUFDPTL, XXX_CDUFDSTL, XXX_CDUFDRSP, XXX_NMRESPON, XXX_INHABMEN, XXX_NRCPFRSP, XXX_NRDOCRSP, XXX_TPDOCRSP, XXX_DTEMDSTL, DTEMDPTL, XXX_DTEMDRSP, XXX_QTDEPEND, XXX_DSENDCOL, TPAVSDEB, INISCPMF, NRCTAPRP, XXX_CDOEDTTL, XXX_CDUFDTTL, XXX_DSFILTTL, XXX_DTNASTTL, XXX_NMTERTL, XXX_NRCPFTTL, XXX_NRDOCTTL, XXX_TPDOCTTL, XXX_DTEMDTTL, TPVINCUL, XXX_NRFONEMP, DTCNSCPF, CDSITCPF, XXX_NMPAITTL, XXX_NMPAISTL, NMPAIPTL, XXX_NMMAETTL, XXX_NMMAESTL, NMMAEPTL, INCCFCOP, DTCCFCOP, INDRISCO, INARQCBR, XXX_DSDEMAIL, QTFOLTAL, NRDCTITG, FLCHQITG, FLGCTITG, DTABCITG, NRCTAINV, CDOPERAT, FLGATRAT, DTATURAT, VLUTLRAT, FLGIDDEP, DTLIMDEB, CDCOOPER, VLLIMDEB, CDMOTDEM, FLGDBITG, DSNIVRIS, DTECTITG, CDOPEDEM, DTMVTOLT, CDBANTRF, CDAGETRF, NRCTATRF, DTMVCITG, DTCNSSCR, NRCPFPPT, DTDEVQST, DTENTQST, CDBCOCHQ, DTCADQST, NRNOTATL, INRISCTL, DTRISCTL, FLGRESTR, NRCTACNS, NREMPCRD, FLGCRDPA, CDOPLCPA, INCADPOS, FLGRENLI, CDCLCNAE, NMTTLRFB, INCONRFB, HRINICAD, HRFIMCAD, INDSERMA, CDCONSUL, IDASTCJT, IDIMPRTR, INSERASA, CDOPEORI, CDAGEORI, DTINSORI, DTDSCORE, DSDSCORE, QTMINAST, FLMAJORA, DSMOTMAJ, CDOPEMAJ, CDNACION, IDORGEXP, INTIPSAI, ININCTVA, FLBLQTAL, CDCATEGO, FLCNAULC, NRCPFCNPJ_BASE, INPREJUZ, CDVINCULACAO, CDSITDCT_ORIGINAL, FLPERMITECREDITO_DIGITAL, DTBLOQCREDITO_DIGITAL, FLEXTRATO_UNIFICADO_PIX)
values (3, 64149, 1, 0, 'FELIPE PEREIRA', to_date('04-12-2002', 'dd-mm-yyyy'), ' ', ' ', to_date('23-09-2022', 'dd-mm-yyyy'), null, 5463212000129, to_date('11-10-2022', 'dd-mm-yyyy'), ' ', ' ', 0, ' ', null, 0, 0, 0, 1, ' ', 999, 1, 1, ' ', 19, to_date('23-09-2022', 'dd-mm-yyyy'), null, to_date('26-09-2022', 'dd-mm-yyyy'), null, null, 0, 0, 0, 0, 0, 0.00, ' ', ' ', ' ', ' ', 0, 0, null, 2, 1, 0, 0, null, ' ', 0, null, 0.00, null, 0, 0, ' ', ' ', ' ', ' ', ' ', ' ', ' ', 0, 0, ' ', ' ', null, null, null, 0, ' ', 0, 0, 0, ' ', ' ', ' ', null, ' ', 0, ' ', ' ', null, ' ', ' ', to_date('04-08-2022', 'dd-mm-yyyy'), 9, ' ', ' ', ' ', ' ', ' ', ' ', 0, null, ' ', 0, ' ', 10, ' ', 0, 3, null, 600064140, ' ', 0, null, 0.00, 0, null, 8, 0.00, 0, 3, ' ', null, ' ', to_date('23-09-2022', 'dd-mm-yyyy'), 0, 0, 0.00, null, null, 0, null, null, 85, null, 0.00, ' ', null, 0, 0, 0, 0, ' ', 2, 1, 6424702, 'BRUNA DE CAMPOS', 0, 56173, 0, 0, 0, 0, 0, 0, 'f0032989', 1, to_date('26-09-2022', 'dd-mm-yyyy'), null, ' ', 2, 1, ' ', ' ', 0, 0, 0, 0, 0, 1, 1, 5463212, 0, null, 0, 1, null, 1);

insert into CRAPASS (INDNIVEL, NRDCONTA, CDAGENCI, NRCADAST, NMPRIMTL, DTNASCTL, XXX_DSNACION, DSPROFTL, DTADMISS, DTDEMISS, NRCPFCGC, DTULTALT, TPDOCPTL, NRDOCPTL, CDSEXOTL, DSFILIAC, DTADMEMP, CDTURNOS, NRRAMEMP, NRCTACTO, CDTIPSFX, CDDSENHA, CDSECEXT, CDSITDCT, CDSITDTL, CDSRCHEQ, CDTIPCTA, DTABTCCT, DTASITCT, DTATIPCT, DTCNSSPC, DTDSDSPC, INADIMPL, INEDVMTO, INLBACEN, NRFLCHEQ, QTEXTMES, VLLIMCRE, XXX_DSREGCAS, XXX_NMSEGNTL, XXX_TPDOCSTL, XXX_NRDOCSTL, XXX_CDGRAUPR, XXX_CDDSECAO, DTULTLCR, INPESSOA, INMATRIC, INISIPMF, TPLIMCRE, XXX_DTNASSTL, XXX_DSFILSTL, XXX_NRCPFSTL, DTELIMIN, VLEDVMTO, DTEDVMTO, QTFOLMES, TPEXTCTA, XXX_CDOEDPTL, XXX_CDOEDSTL, XXX_CDOEDRSP, CDUFDPTL, XXX_CDUFDSTL, XXX_CDUFDRSP, XXX_NMRESPON, XXX_INHABMEN, XXX_NRCPFRSP, XXX_NRDOCRSP, XXX_TPDOCRSP, XXX_DTEMDSTL, DTEMDPTL, XXX_DTEMDRSP, XXX_QTDEPEND, XXX_DSENDCOL, TPAVSDEB, INISCPMF, NRCTAPRP, XXX_CDOEDTTL, XXX_CDUFDTTL, XXX_DSFILTTL, XXX_DTNASTTL, XXX_NMTERTL, XXX_NRCPFTTL, XXX_NRDOCTTL, XXX_TPDOCTTL, XXX_DTEMDTTL, TPVINCUL, XXX_NRFONEMP, DTCNSCPF, CDSITCPF, XXX_NMPAITTL, XXX_NMPAISTL, NMPAIPTL, XXX_NMMAETTL, XXX_NMMAESTL, NMMAEPTL, INCCFCOP, DTCCFCOP, INDRISCO, INARQCBR, XXX_DSDEMAIL, QTFOLTAL, NRDCTITG, FLCHQITG, FLGCTITG, DTABCITG, NRCTAINV, CDOPERAT, FLGATRAT, DTATURAT, VLUTLRAT, FLGIDDEP, DTLIMDEB, CDCOOPER, VLLIMDEB, CDMOTDEM, FLGDBITG, DSNIVRIS, DTECTITG, CDOPEDEM, DTMVTOLT, CDBANTRF, CDAGETRF, NRCTATRF, DTMVCITG, DTCNSSCR, NRCPFPPT, DTDEVQST, DTENTQST, CDBCOCHQ, DTCADQST, NRNOTATL, INRISCTL, DTRISCTL, FLGRESTR, NRCTACNS, NREMPCRD, FLGCRDPA, CDOPLCPA, INCADPOS, FLGRENLI, CDCLCNAE, NMTTLRFB, INCONRFB, HRINICAD, HRFIMCAD, INDSERMA, CDCONSUL, IDASTCJT, IDIMPRTR, INSERASA, CDOPEORI, CDAGEORI, DTINSORI, DTDSCORE, DSDSCORE, QTMINAST, FLMAJORA, DSMOTMAJ, CDOPEMAJ, CDNACION, IDORGEXP, INTIPSAI, ININCTVA, FLBLQTAL, CDCATEGO, FLCNAULC, NRCPFCNPJ_BASE, INPREJUZ, CDVINCULACAO, CDSITDCT_ORIGINAL, FLPERMITECREDITO_DIGITAL, DTBLOQCREDITO_DIGITAL, FLEXTRATO_UNIFICADO_PIX)
values (1, 564699, 1, 0, 'FELIPE PEREIRA', to_date('04-12-2002', 'dd-mm-yyyy'), ' ', ' ', to_date('26-08-2022', 'dd-mm-yyyy'), null, 5463212000129, null, ' ', ' ', 0, ' ', null, 0, 0, 0, 1, ' ', 0, 1, 1, ' ', 19, to_date('26-08-2022', 'dd-mm-yyyy'), null, null, null, null, 0, 0, 0, 0, 0, 0.00, ' ', ' ', ' ', ' ', 0, 0, null, 2, 1, 0, 0, null, ' ', 0, null, 0.00, null, 0, 0, ' ', ' ', ' ', ' ', ' ', ' ', ' ', 0, 0, ' ', ' ', null, null, null, 0, ' ', 0, 0, 0, ' ', ' ', ' ', null, ' ', 0, ' ', ' ', null, ' ', ' ', to_date('04-08-2022', 'dd-mm-yyyy'), 9, ' ', ' ', ' ', ' ', ' ', ' ', 0, null, ' ', 0, ' ', 10, ' ', 0, 3, null, 600564690, ' ', 0, null, 0.00, 0, null, 9, 0.00, 0, 3, ' ', null, ' ', to_date('26-08-2022', 'dd-mm-yyyy'), 0, 0, 0.00, null, null, 0, null, null, 85, null, 0.00, ' ', null, 0, 0, 0, 0, ' ', 2, 1, 6424702, 'BRUNA DE CAMPOS', 0, 57641, 0, 0, 0, 0, 0, 0, 'f0032989', 1, to_date('26-09-2022', 'dd-mm-yyyy'), null, ' ', 0, 1, ' ', ' ', 0, 0, 0, 0, 0, 1, 1, 5463212, 0, null, 0, 1, null, 1);

insert into CRAPASS (INDNIVEL, NRDCONTA, CDAGENCI, NRCADAST, NMPRIMTL, DTNASCTL, XXX_DSNACION, DSPROFTL, DTADMISS, DTDEMISS, NRCPFCGC, DTULTALT, TPDOCPTL, NRDOCPTL, CDSEXOTL, DSFILIAC, DTADMEMP, CDTURNOS, NRRAMEMP, NRCTACTO, CDTIPSFX, CDDSENHA, CDSECEXT, CDSITDCT, CDSITDTL, CDSRCHEQ, CDTIPCTA, DTABTCCT, DTASITCT, DTATIPCT, DTCNSSPC, DTDSDSPC, INADIMPL, INEDVMTO, INLBACEN, NRFLCHEQ, QTEXTMES, VLLIMCRE, XXX_DSREGCAS, XXX_NMSEGNTL, XXX_TPDOCSTL, XXX_NRDOCSTL, XXX_CDGRAUPR, XXX_CDDSECAO, DTULTLCR, INPESSOA, INMATRIC, INISIPMF, TPLIMCRE, XXX_DTNASSTL, XXX_DSFILSTL, XXX_NRCPFSTL, DTELIMIN, VLEDVMTO, DTEDVMTO, QTFOLMES, TPEXTCTA, XXX_CDOEDPTL, XXX_CDOEDSTL, XXX_CDOEDRSP, CDUFDPTL, XXX_CDUFDSTL, XXX_CDUFDRSP, XXX_NMRESPON, XXX_INHABMEN, XXX_NRCPFRSP, XXX_NRDOCRSP, XXX_TPDOCRSP, XXX_DTEMDSTL, DTEMDPTL, XXX_DTEMDRSP, XXX_QTDEPEND, XXX_DSENDCOL, TPAVSDEB, INISCPMF, NRCTAPRP, XXX_CDOEDTTL, XXX_CDUFDTTL, XXX_DSFILTTL, XXX_DTNASTTL, XXX_NMTERTL, XXX_NRCPFTTL, XXX_NRDOCTTL, XXX_TPDOCTTL, XXX_DTEMDTTL, TPVINCUL, XXX_NRFONEMP, DTCNSCPF, CDSITCPF, XXX_NMPAITTL, XXX_NMPAISTL, NMPAIPTL, XXX_NMMAETTL, XXX_NMMAESTL, NMMAEPTL, INCCFCOP, DTCCFCOP, INDRISCO, INARQCBR, XXX_DSDEMAIL, QTFOLTAL, NRDCTITG, FLCHQITG, FLGCTITG, DTABCITG, NRCTAINV, CDOPERAT, FLGATRAT, DTATURAT, VLUTLRAT, FLGIDDEP, DTLIMDEB, CDCOOPER, VLLIMDEB, CDMOTDEM, FLGDBITG, DSNIVRIS, DTECTITG, CDOPEDEM, DTMVTOLT, CDBANTRF, CDAGETRF, NRCTATRF, DTMVCITG, DTCNSSCR, NRCPFPPT, DTDEVQST, DTENTQST, CDBCOCHQ, DTCADQST, NRNOTATL, INRISCTL, DTRISCTL, FLGRESTR, NRCTACNS, NREMPCRD, FLGCRDPA, CDOPLCPA, INCADPOS, FLGRENLI, CDCLCNAE, NMTTLRFB, INCONRFB, HRINICAD, HRFIMCAD, INDSERMA, CDCONSUL, IDASTCJT, IDIMPRTR, INSERASA, CDOPEORI, CDAGEORI, DTINSORI, DTDSCORE, DSDSCORE, QTMINAST, FLMAJORA, DSMOTMAJ, CDOPEMAJ, CDNACION, IDORGEXP, INTIPSAI, ININCTVA, FLBLQTAL, CDCATEGO, FLCNAULC, NRCPFCNPJ_BASE, INPREJUZ, CDVINCULACAO, CDSITDCT_ORIGINAL, FLPERMITECREDITO_DIGITAL, DTBLOQCREDITO_DIGITAL, FLEXTRATO_UNIFICADO_PIX)
values (3, 241830, 1, 0, 'FELIPE PEREIRA', to_date('04-12-2002', 'dd-mm-yyyy'), ' ', ' ', to_date('08-09-2022', 'dd-mm-yyyy'), null, 5463212000129, to_date('08-09-2022', 'dd-mm-yyyy'), ' ', ' ', 0, ' ', null, 0, 0, 0, 1, ' ', 999, 1, 1, ' ', 19, to_date('08-09-2022', 'dd-mm-yyyy'), null, null, null, null, 0, 0, 0, 0, 0, 0.00, ' ', ' ', ' ', ' ', 0, 0, null, 2, 1, 0, 0, null, ' ', 0, null, 0.00, null, 0, 0, ' ', ' ', ' ', ' ', ' ', ' ', ' ', 0, 0, ' ', ' ', null, null, null, 0, ' ', 0, 0, 0, ' ', ' ', ' ', null, ' ', 0, ' ', ' ', null, ' ', ' ', to_date('04-08-2022', 'dd-mm-yyyy'), 9, ' ', ' ', ' ', ' ', ' ', ' ', 0, null, ' ', 0, ' ', 10, ' ', 0, 3, null, 600241831, ' ', 0, null, 0.00, 0, null, 10, 0.00, 0, 3, ' ', null, ' ', to_date('08-09-2022', 'dd-mm-yyyy'), 0, 0, 0.00, null, null, 0, null, null, 85, null, 0.00, ' ', null, 0, 0, 0, 0, ' ', 2, 1, 6424702, 'BRUNA DE CAMPOS', 0, 56416, 0, 0, 0, 0, 0, 0, 'f0032989', 1, to_date('26-09-2022', 'dd-mm-yyyy'), null, ' ', 2, 1, ' ', ' ', 0, 0, 0, 0, 0, 1, 1, 5463212, 0, null, 0, 1, null, 1);

insert into CRAPASS (INDNIVEL, NRDCONTA, CDAGENCI, NRCADAST, NMPRIMTL, DTNASCTL, XXX_DSNACION, DSPROFTL, DTADMISS, DTDEMISS, NRCPFCGC, DTULTALT, TPDOCPTL, NRDOCPTL, CDSEXOTL, DSFILIAC, DTADMEMP, CDTURNOS, NRRAMEMP, NRCTACTO, CDTIPSFX, CDDSENHA, CDSECEXT, CDSITDCT, CDSITDTL, CDSRCHEQ, CDTIPCTA, DTABTCCT, DTASITCT, DTATIPCT, DTCNSSPC, DTDSDSPC, INADIMPL, INEDVMTO, INLBACEN, NRFLCHEQ, QTEXTMES, VLLIMCRE, XXX_DSREGCAS, XXX_NMSEGNTL, XXX_TPDOCSTL, XXX_NRDOCSTL, XXX_CDGRAUPR, XXX_CDDSECAO, DTULTLCR, INPESSOA, INMATRIC, INISIPMF, TPLIMCRE, XXX_DTNASSTL, XXX_DSFILSTL, XXX_NRCPFSTL, DTELIMIN, VLEDVMTO, DTEDVMTO, QTFOLMES, TPEXTCTA, XXX_CDOEDPTL, XXX_CDOEDSTL, XXX_CDOEDRSP, CDUFDPTL, XXX_CDUFDSTL, XXX_CDUFDRSP, XXX_NMRESPON, XXX_INHABMEN, XXX_NRCPFRSP, XXX_NRDOCRSP, XXX_TPDOCRSP, XXX_DTEMDSTL, DTEMDPTL, XXX_DTEMDRSP, XXX_QTDEPEND, XXX_DSENDCOL, TPAVSDEB, INISCPMF, NRCTAPRP, XXX_CDOEDTTL, XXX_CDUFDTTL, XXX_DSFILTTL, XXX_DTNASTTL, XXX_NMTERTL, XXX_NRCPFTTL, XXX_NRDOCTTL, XXX_TPDOCTTL, XXX_DTEMDTTL, TPVINCUL, XXX_NRFONEMP, DTCNSCPF, CDSITCPF, XXX_NMPAITTL, XXX_NMPAISTL, NMPAIPTL, XXX_NMMAETTL, XXX_NMMAESTL, NMMAEPTL, INCCFCOP, DTCCFCOP, INDRISCO, INARQCBR, XXX_DSDEMAIL, QTFOLTAL, NRDCTITG, FLCHQITG, FLGCTITG, DTABCITG, NRCTAINV, CDOPERAT, FLGATRAT, DTATURAT, VLUTLRAT, FLGIDDEP, DTLIMDEB, CDCOOPER, VLLIMDEB, CDMOTDEM, FLGDBITG, DSNIVRIS, DTECTITG, CDOPEDEM, DTMVTOLT, CDBANTRF, CDAGETRF, NRCTATRF, DTMVCITG, DTCNSSCR, NRCPFPPT, DTDEVQST, DTENTQST, CDBCOCHQ, DTCADQST, NRNOTATL, INRISCTL, DTRISCTL, FLGRESTR, NRCTACNS, NREMPCRD, FLGCRDPA, CDOPLCPA, INCADPOS, FLGRENLI, CDCLCNAE, NMTTLRFB, INCONRFB, HRINICAD, HRFIMCAD, INDSERMA, CDCONSUL, IDASTCJT, IDIMPRTR, INSERASA, CDOPEORI, CDAGEORI, DTINSORI, DTDSCORE, DSDSCORE, QTMINAST, FLMAJORA, DSMOTMAJ, CDOPEMAJ, CDNACION, IDORGEXP, INTIPSAI, ININCTVA, FLBLQTAL, CDCATEGO, FLCNAULC, NRCPFCNPJ_BASE, INPREJUZ, CDVINCULACAO, CDSITDCT_ORIGINAL, FLPERMITECREDITO_DIGITAL, DTBLOQCREDITO_DIGITAL, FLEXTRATO_UNIFICADO_PIX)
values (3, 970786, 1, 0, 'FELIPE PEREIRA', to_date('04-12-2002', 'dd-mm-yyyy'), ' ', ' ', to_date('25-08-2022', 'dd-mm-yyyy'), null, 5463212000129, to_date('13-09-2022', 'dd-mm-yyyy'), ' ', ' ', 0, ' ', null, 0, 0, 0, 1, ' ', 999, 1, 1, ' ', 19, to_date('25-08-2022', 'dd-mm-yyyy'), null, null, null, null, 0, 0, 0, 0, 0, 0.00, ' ', ' ', ' ', ' ', 0, 0, null, 2, 1, 0, 0, null, ' ', 0, null, 0.00, null, 0, 0, ' ', ' ', ' ', ' ', ' ', ' ', ' ', 0, 0, ' ', ' ', null, null, null, 0, ' ', 0, 0, 0, ' ', ' ', ' ', null, ' ', 0, ' ', ' ', null, ' ', ' ', to_date('04-08-2022', 'dd-mm-yyyy'), 9, ' ', ' ', ' ', ' ', ' ', ' ', 0, null, ' ', 0, ' ', 10, ' ', 0, 3, null, 600970787, ' ', 0, null, 0.00, 0, null, 11, 0.00, 0, 3, ' ', null, ' ', to_date('25-08-2022', 'dd-mm-yyyy'), 0, 0, 0.00, null, null, 0, null, null, 85, null, 0.00, ' ', null, 0, 0, 0, 0, ' ', 2, 1, 6424702, 'BRUNA DE CAMPOS', 0, 56621, 0, 0, 0, 0, 0, 0, 'f0032989', 1, to_date('26-09-2022', 'dd-mm-yyyy'), null, ' ', 2, 1, ' ', ' ', 0, 0, 0, 0, 0, 1, 1, 5463212, 0, null, 0, 1, null, 1);

insert into CRAPASS (INDNIVEL, NRDCONTA, CDAGENCI, NRCADAST, NMPRIMTL, DTNASCTL, XXX_DSNACION, DSPROFTL, DTADMISS, DTDEMISS, NRCPFCGC, DTULTALT, TPDOCPTL, NRDOCPTL, CDSEXOTL, DSFILIAC, DTADMEMP, CDTURNOS, NRRAMEMP, NRCTACTO, CDTIPSFX, CDDSENHA, CDSECEXT, CDSITDCT, CDSITDTL, CDSRCHEQ, CDTIPCTA, DTABTCCT, DTASITCT, DTATIPCT, DTCNSSPC, DTDSDSPC, INADIMPL, INEDVMTO, INLBACEN, NRFLCHEQ, QTEXTMES, VLLIMCRE, XXX_DSREGCAS, XXX_NMSEGNTL, XXX_TPDOCSTL, XXX_NRDOCSTL, XXX_CDGRAUPR, XXX_CDDSECAO, DTULTLCR, INPESSOA, INMATRIC, INISIPMF, TPLIMCRE, XXX_DTNASSTL, XXX_DSFILSTL, XXX_NRCPFSTL, DTELIMIN, VLEDVMTO, DTEDVMTO, QTFOLMES, TPEXTCTA, XXX_CDOEDPTL, XXX_CDOEDSTL, XXX_CDOEDRSP, CDUFDPTL, XXX_CDUFDSTL, XXX_CDUFDRSP, XXX_NMRESPON, XXX_INHABMEN, XXX_NRCPFRSP, XXX_NRDOCRSP, XXX_TPDOCRSP, XXX_DTEMDSTL, DTEMDPTL, XXX_DTEMDRSP, XXX_QTDEPEND, XXX_DSENDCOL, TPAVSDEB, INISCPMF, NRCTAPRP, XXX_CDOEDTTL, XXX_CDUFDTTL, XXX_DSFILTTL, XXX_DTNASTTL, XXX_NMTERTL, XXX_NRCPFTTL, XXX_NRDOCTTL, XXX_TPDOCTTL, XXX_DTEMDTTL, TPVINCUL, XXX_NRFONEMP, DTCNSCPF, CDSITCPF, XXX_NMPAITTL, XXX_NMPAISTL, NMPAIPTL, XXX_NMMAETTL, XXX_NMMAESTL, NMMAEPTL, INCCFCOP, DTCCFCOP, INDRISCO, INARQCBR, XXX_DSDEMAIL, QTFOLTAL, NRDCTITG, FLCHQITG, FLGCTITG, DTABCITG, NRCTAINV, CDOPERAT, FLGATRAT, DTATURAT, VLUTLRAT, FLGIDDEP, DTLIMDEB, CDCOOPER, VLLIMDEB, CDMOTDEM, FLGDBITG, DSNIVRIS, DTECTITG, CDOPEDEM, DTMVTOLT, CDBANTRF, CDAGETRF, NRCTATRF, DTMVCITG, DTCNSSCR, NRCPFPPT, DTDEVQST, DTENTQST, CDBCOCHQ, DTCADQST, NRNOTATL, INRISCTL, DTRISCTL, FLGRESTR, NRCTACNS, NREMPCRD, FLGCRDPA, CDOPLCPA, INCADPOS, FLGRENLI, CDCLCNAE, NMTTLRFB, INCONRFB, HRINICAD, HRFIMCAD, INDSERMA, CDCONSUL, IDASTCJT, IDIMPRTR, INSERASA, CDOPEORI, CDAGEORI, DTINSORI, DTDSCORE, DSDSCORE, QTMINAST, FLMAJORA, DSMOTMAJ, CDOPEMAJ, CDNACION, IDORGEXP, INTIPSAI, ININCTVA, FLBLQTAL, CDCATEGO, FLCNAULC, NRCPFCNPJ_BASE, INPREJUZ, CDVINCULACAO, CDSITDCT_ORIGINAL, FLPERMITECREDITO_DIGITAL, DTBLOQCREDITO_DIGITAL, FLEXTRATO_UNIFICADO_PIX)
values (3, 211044, 1, 0, 'FELIPE PEREIRA', to_date('04-12-2002', 'dd-mm-yyyy'), ' ', ' ', to_date('24-08-2022', 'dd-mm-yyyy'), null, 5463212000129, to_date('29-09-2022', 'dd-mm-yyyy'), ' ', ' ', 0, ' ', null, 0, 0, 0, 1, ' ', 999, 1, 1, ' ', 19, to_date('24-08-2022', 'dd-mm-yyyy'), null, null, null, null, 0, 0, 0, 0, 0, 0.00, ' ', ' ', ' ', ' ', 0, 0, null, 2, 1, 0, 0, null, ' ', 0, null, 0.00, null, 0, 0, ' ', ' ', ' ', ' ', ' ', ' ', ' ', 0, 0, ' ', ' ', null, null, null, 0, ' ', 0, 0, 0, ' ', ' ', ' ', null, ' ', 0, ' ', ' ', null, ' ', ' ', to_date('04-08-2022', 'dd-mm-yyyy'), 9, ' ', ' ', ' ', ' ', ' ', ' ', 0, null, ' ', 0, ' ', 10, ' ', 0, 3, null, 600211045, ' ', 0, null, 0.00, 0, null, 12, 0.00, 0, 3, ' ', null, ' ', to_date('24-08-2022', 'dd-mm-yyyy'), 0, 0, 0.00, null, null, 0, null, null, 85, null, 0.00, ' ', null, 0, 0, 0, 0, ' ', 2, 1, 6424702, 'BRUNA DE CAMPOS', 0, 57126, 0, 0, 0, 0, 0, 0, 'f0032989', 1, to_date('26-09-2022', 'dd-mm-yyyy'), null, ' ', 2, 1, ' ', ' ', 0, 0, 0, 0, 0, 1, 1, 5463212, 0, null, 0, 1, null, 1);

insert into CRAPASS (INDNIVEL, NRDCONTA, CDAGENCI, NRCADAST, NMPRIMTL, DTNASCTL, XXX_DSNACION, DSPROFTL, DTADMISS, DTDEMISS, NRCPFCGC, DTULTALT, TPDOCPTL, NRDOCPTL, CDSEXOTL, DSFILIAC, DTADMEMP, CDTURNOS, NRRAMEMP, NRCTACTO, CDTIPSFX, CDDSENHA, CDSECEXT, CDSITDCT, CDSITDTL, CDSRCHEQ, CDTIPCTA, DTABTCCT, DTASITCT, DTATIPCT, DTCNSSPC, DTDSDSPC, INADIMPL, INEDVMTO, INLBACEN, NRFLCHEQ, QTEXTMES, VLLIMCRE, XXX_DSREGCAS, XXX_NMSEGNTL, XXX_TPDOCSTL, XXX_NRDOCSTL, XXX_CDGRAUPR, XXX_CDDSECAO, DTULTLCR, INPESSOA, INMATRIC, INISIPMF, TPLIMCRE, XXX_DTNASSTL, XXX_DSFILSTL, XXX_NRCPFSTL, DTELIMIN, VLEDVMTO, DTEDVMTO, QTFOLMES, TPEXTCTA, XXX_CDOEDPTL, XXX_CDOEDSTL, XXX_CDOEDRSP, CDUFDPTL, XXX_CDUFDSTL, XXX_CDUFDRSP, XXX_NMRESPON, XXX_INHABMEN, XXX_NRCPFRSP, XXX_NRDOCRSP, XXX_TPDOCRSP, XXX_DTEMDSTL, DTEMDPTL, XXX_DTEMDRSP, XXX_QTDEPEND, XXX_DSENDCOL, TPAVSDEB, INISCPMF, NRCTAPRP, XXX_CDOEDTTL, XXX_CDUFDTTL, XXX_DSFILTTL, XXX_DTNASTTL, XXX_NMTERTL, XXX_NRCPFTTL, XXX_NRDOCTTL, XXX_TPDOCTTL, XXX_DTEMDTTL, TPVINCUL, XXX_NRFONEMP, DTCNSCPF, CDSITCPF, XXX_NMPAITTL, XXX_NMPAISTL, NMPAIPTL, XXX_NMMAETTL, XXX_NMMAESTL, NMMAEPTL, INCCFCOP, DTCCFCOP, INDRISCO, INARQCBR, XXX_DSDEMAIL, QTFOLTAL, NRDCTITG, FLCHQITG, FLGCTITG, DTABCITG, NRCTAINV, CDOPERAT, FLGATRAT, DTATURAT, VLUTLRAT, FLGIDDEP, DTLIMDEB, CDCOOPER, VLLIMDEB, CDMOTDEM, FLGDBITG, DSNIVRIS, DTECTITG, CDOPEDEM, DTMVTOLT, CDBANTRF, CDAGETRF, NRCTATRF, DTMVCITG, DTCNSSCR, NRCPFPPT, DTDEVQST, DTENTQST, CDBCOCHQ, DTCADQST, NRNOTATL, INRISCTL, DTRISCTL, FLGRESTR, NRCTACNS, NREMPCRD, FLGCRDPA, CDOPLCPA, INCADPOS, FLGRENLI, CDCLCNAE, NMTTLRFB, INCONRFB, HRINICAD, HRFIMCAD, INDSERMA, CDCONSUL, IDASTCJT, IDIMPRTR, INSERASA, CDOPEORI, CDAGEORI, DTINSORI, DTDSCORE, DSDSCORE, QTMINAST, FLMAJORA, DSMOTMAJ, CDOPEMAJ, CDNACION, IDORGEXP, INTIPSAI, ININCTVA, FLBLQTAL, CDCATEGO, FLCNAULC, NRCPFCNPJ_BASE, INPREJUZ, CDVINCULACAO, CDSITDCT_ORIGINAL, FLPERMITECREDITO_DIGITAL, DTBLOQCREDITO_DIGITAL, FLEXTRATO_UNIFICADO_PIX)
values (3, 746940, 1, 0, 'FELIPE PEREIRA', to_date('04-12-2002', 'dd-mm-yyyy'), ' ', ' ', to_date('16-09-2022', 'dd-mm-yyyy'), null, 5463212000129, to_date('16-09-2022', 'dd-mm-yyyy'), ' ', ' ', 0, ' ', null, 0, 0, 0, 1, ' ', 999, 1, 1, ' ', 19, to_date('16-09-2022', 'dd-mm-yyyy'), null, null, null, null, 0, 0, 0, 0, 0, 0.00, ' ', ' ', ' ', ' ', 0, 0, null, 2, 1, 0, 0, null, ' ', 0, null, 0.00, null, 0, 0, ' ', ' ', ' ', ' ', ' ', ' ', ' ', 0, 0, ' ', ' ', null, null, null, 0, ' ', 0, 0, 0, ' ', ' ', ' ', null, ' ', 0, ' ', ' ', null, ' ', ' ', to_date('04-08-2022', 'dd-mm-yyyy'), 9, ' ', ' ', ' ', ' ', ' ', ' ', 0, null, ' ', 0, ' ', 10, ' ', 0, 3, null, 600746941, ' ', 0, null, 0.00, 0, null, 13, 0.00, 0, 3, ' ', null, ' ', to_date('16-09-2022', 'dd-mm-yyyy'), 0, 0, 0.00, null, null, 0, null, null, 85, null, 0.00, ' ', null, 0, 0, 0, 0, ' ', 2, 1, 6424702, 'BRUNA DE CAMPOS', 0, 55574, 0, 0, 0, 0, 0, 0, 'f0032989', 1, to_date('26-09-2022', 'dd-mm-yyyy'), null, ' ', 2, 1, ' ', ' ', 0, 0, 0, 0, 0, 1, 1, 5463212, 0, null, 0, 1, null, 1);

insert into CRAPASS (INDNIVEL, NRDCONTA, CDAGENCI, NRCADAST, NMPRIMTL, DTNASCTL, XXX_DSNACION, DSPROFTL, DTADMISS, DTDEMISS, NRCPFCGC, DTULTALT, TPDOCPTL, NRDOCPTL, CDSEXOTL, DSFILIAC, DTADMEMP, CDTURNOS, NRRAMEMP, NRCTACTO, CDTIPSFX, CDDSENHA, CDSECEXT, CDSITDCT, CDSITDTL, CDSRCHEQ, CDTIPCTA, DTABTCCT, DTASITCT, DTATIPCT, DTCNSSPC, DTDSDSPC, INADIMPL, INEDVMTO, INLBACEN, NRFLCHEQ, QTEXTMES, VLLIMCRE, XXX_DSREGCAS, XXX_NMSEGNTL, XXX_TPDOCSTL, XXX_NRDOCSTL, XXX_CDGRAUPR, XXX_CDDSECAO, DTULTLCR, INPESSOA, INMATRIC, INISIPMF, TPLIMCRE, XXX_DTNASSTL, XXX_DSFILSTL, XXX_NRCPFSTL, DTELIMIN, VLEDVMTO, DTEDVMTO, QTFOLMES, TPEXTCTA, XXX_CDOEDPTL, XXX_CDOEDSTL, XXX_CDOEDRSP, CDUFDPTL, XXX_CDUFDSTL, XXX_CDUFDRSP, XXX_NMRESPON, XXX_INHABMEN, XXX_NRCPFRSP, XXX_NRDOCRSP, XXX_TPDOCRSP, XXX_DTEMDSTL, DTEMDPTL, XXX_DTEMDRSP, XXX_QTDEPEND, XXX_DSENDCOL, TPAVSDEB, INISCPMF, NRCTAPRP, XXX_CDOEDTTL, XXX_CDUFDTTL, XXX_DSFILTTL, XXX_DTNASTTL, XXX_NMTERTL, XXX_NRCPFTTL, XXX_NRDOCTTL, XXX_TPDOCTTL, XXX_DTEMDTTL, TPVINCUL, XXX_NRFONEMP, DTCNSCPF, CDSITCPF, XXX_NMPAITTL, XXX_NMPAISTL, NMPAIPTL, XXX_NMMAETTL, XXX_NMMAESTL, NMMAEPTL, INCCFCOP, DTCCFCOP, INDRISCO, INARQCBR, XXX_DSDEMAIL, QTFOLTAL, NRDCTITG, FLCHQITG, FLGCTITG, DTABCITG, NRCTAINV, CDOPERAT, FLGATRAT, DTATURAT, VLUTLRAT, FLGIDDEP, DTLIMDEB, CDCOOPER, VLLIMDEB, CDMOTDEM, FLGDBITG, DSNIVRIS, DTECTITG, CDOPEDEM, DTMVTOLT, CDBANTRF, CDAGETRF, NRCTATRF, DTMVCITG, DTCNSSCR, NRCPFPPT, DTDEVQST, DTENTQST, CDBCOCHQ, DTCADQST, NRNOTATL, INRISCTL, DTRISCTL, FLGRESTR, NRCTACNS, NREMPCRD, FLGCRDPA, CDOPLCPA, INCADPOS, FLGRENLI, CDCLCNAE, NMTTLRFB, INCONRFB, HRINICAD, HRFIMCAD, INDSERMA, CDCONSUL, IDASTCJT, IDIMPRTR, INSERASA, CDOPEORI, CDAGEORI, DTINSORI, DTDSCORE, DSDSCORE, QTMINAST, FLMAJORA, DSMOTMAJ, CDOPEMAJ, CDNACION, IDORGEXP, INTIPSAI, ININCTVA, FLBLQTAL, CDCATEGO, FLCNAULC, NRCPFCNPJ_BASE, INPREJUZ, CDVINCULACAO, CDSITDCT_ORIGINAL, FLPERMITECREDITO_DIGITAL, DTBLOQCREDITO_DIGITAL, FLEXTRATO_UNIFICADO_PIX)
values (3, 403237, 1, 0, 'FELIPE PEREIRA', to_date('04-12-2002', 'dd-mm-yyyy'), ' ', ' ', to_date('21-09-2022', 'dd-mm-yyyy'), null, 5463212000129, to_date('21-09-2022', 'dd-mm-yyyy'), ' ', ' ', 0, ' ', null, 0, 0, 0, 1, ' ', 999, 1, 1, ' ', 19, to_date('21-09-2022', 'dd-mm-yyyy'), null, null, null, null, 0, 0, 0, 0, 0, 0.00, ' ', ' ', ' ', ' ', 0, 0, null, 2, 1, 0, 0, null, ' ', 0, null, 0.00, null, 0, 0, ' ', ' ', ' ', ' ', ' ', ' ', ' ', 0, 0, ' ', ' ', null, null, null, 0, ' ', 0, 0, 0, ' ', ' ', ' ', null, ' ', 0, ' ', ' ', null, ' ', ' ', to_date('04-08-2022', 'dd-mm-yyyy'), 9, ' ', ' ', ' ', ' ', ' ', ' ', 0, null, ' ', 0, ' ', 10, ' ', 0, 3, null, 600403238, ' ', 0, null, 0.00, 0, null, 14, 0.00, 0, 3, ' ', null, ' ', to_date('21-09-2022', 'dd-mm-yyyy'), 0, 0, 0.00, null, null, 0, null, null, 85, null, 0.00, ' ', null, 0, 0, 0, 0, ' ', 2, 1, 6424702, 'BRUNA DE CAMPOS', 0, 57451, 0, 0, 0, 0, 0, 0, 'f0032989', 1, to_date('26-09-2022', 'dd-mm-yyyy'), null, ' ', 2, 1, ' ', ' ', 0, 0, 0, 0, 0, 1, 1, 5463212, 0, null, 0, 1, null, 1);

insert into CRAPASS (INDNIVEL, NRDCONTA, CDAGENCI, NRCADAST, NMPRIMTL, DTNASCTL, XXX_DSNACION, DSPROFTL, DTADMISS, DTDEMISS, NRCPFCGC, DTULTALT, TPDOCPTL, NRDOCPTL, CDSEXOTL, DSFILIAC, DTADMEMP, CDTURNOS, NRRAMEMP, NRCTACTO, CDTIPSFX, CDDSENHA, CDSECEXT, CDSITDCT, CDSITDTL, CDSRCHEQ, CDTIPCTA, DTABTCCT, DTASITCT, DTATIPCT, DTCNSSPC, DTDSDSPC, INADIMPL, INEDVMTO, INLBACEN, NRFLCHEQ, QTEXTMES, VLLIMCRE, XXX_DSREGCAS, XXX_NMSEGNTL, XXX_TPDOCSTL, XXX_NRDOCSTL, XXX_CDGRAUPR, XXX_CDDSECAO, DTULTLCR, INPESSOA, INMATRIC, INISIPMF, TPLIMCRE, XXX_DTNASSTL, XXX_DSFILSTL, XXX_NRCPFSTL, DTELIMIN, VLEDVMTO, DTEDVMTO, QTFOLMES, TPEXTCTA, XXX_CDOEDPTL, XXX_CDOEDSTL, XXX_CDOEDRSP, CDUFDPTL, XXX_CDUFDSTL, XXX_CDUFDRSP, XXX_NMRESPON, XXX_INHABMEN, XXX_NRCPFRSP, XXX_NRDOCRSP, XXX_TPDOCRSP, XXX_DTEMDSTL, DTEMDPTL, XXX_DTEMDRSP, XXX_QTDEPEND, XXX_DSENDCOL, TPAVSDEB, INISCPMF, NRCTAPRP, XXX_CDOEDTTL, XXX_CDUFDTTL, XXX_DSFILTTL, XXX_DTNASTTL, XXX_NMTERTL, XXX_NRCPFTTL, XXX_NRDOCTTL, XXX_TPDOCTTL, XXX_DTEMDTTL, TPVINCUL, XXX_NRFONEMP, DTCNSCPF, CDSITCPF, XXX_NMPAITTL, XXX_NMPAISTL, NMPAIPTL, XXX_NMMAETTL, XXX_NMMAESTL, NMMAEPTL, INCCFCOP, DTCCFCOP, INDRISCO, INARQCBR, XXX_DSDEMAIL, QTFOLTAL, NRDCTITG, FLCHQITG, FLGCTITG, DTABCITG, NRCTAINV, CDOPERAT, FLGATRAT, DTATURAT, VLUTLRAT, FLGIDDEP, DTLIMDEB, CDCOOPER, VLLIMDEB, CDMOTDEM, FLGDBITG, DSNIVRIS, DTECTITG, CDOPEDEM, DTMVTOLT, CDBANTRF, CDAGETRF, NRCTATRF, DTMVCITG, DTCNSSCR, NRCPFPPT, DTDEVQST, DTENTQST, CDBCOCHQ, DTCADQST, NRNOTATL, INRISCTL, DTRISCTL, FLGRESTR, NRCTACNS, NREMPCRD, FLGCRDPA, CDOPLCPA, INCADPOS, FLGRENLI, CDCLCNAE, NMTTLRFB, INCONRFB, HRINICAD, HRFIMCAD, INDSERMA, CDCONSUL, IDASTCJT, IDIMPRTR, INSERASA, CDOPEORI, CDAGEORI, DTINSORI, DTDSCORE, DSDSCORE, QTMINAST, FLMAJORA, DSMOTMAJ, CDOPEMAJ, CDNACION, IDORGEXP, INTIPSAI, ININCTVA, FLBLQTAL, CDCATEGO, FLCNAULC, NRCPFCNPJ_BASE, INPREJUZ, CDVINCULACAO, CDSITDCT_ORIGINAL, FLPERMITECREDITO_DIGITAL, DTBLOQCREDITO_DIGITAL, FLEXTRATO_UNIFICADO_PIX)
values (3, 1070274, 1, 0, 'FELIPE PEREIRA', to_date('04-12-2002', 'dd-mm-yyyy'), ' ', ' ', to_date('22-09-2022', 'dd-mm-yyyy'), null, 5463212000129, to_date('23-09-2022', 'dd-mm-yyyy'), ' ', ' ', 0, ' ', null, 0, 0, 0, 1, ' ', 999, 1, 1, ' ', 19, to_date('22-09-2022', 'dd-mm-yyyy'), null, null, null, null, 0, 0, 0, 0, 0, 0.00, ' ', ' ', ' ', ' ', 0, 0, null, 2, 1, 0, 0, null, ' ', 0, null, 0.00, null, 0, 0, ' ', ' ', ' ', ' ', ' ', ' ', ' ', 0, 0, ' ', ' ', null, null, null, 0, ' ', 0, 0, 0, ' ', ' ', ' ', null, ' ', 0, ' ', ' ', null, ' ', ' ', to_date('04-08-2022', 'dd-mm-yyyy'), 9, ' ', ' ', ' ', ' ', ' ', ' ', 0, null, ' ', 0, ' ', 10, ' ', 0, 3, null, 601070275, ' ', 0, null, 0.00, 0, null, 16, 0.00, 0, 3, ' ', null, ' ', to_date('22-09-2022', 'dd-mm-yyyy'), 0, 0, 0.00, null, null, 0, null, null, 85, null, 0.00, ' ', null, 0, 0, 0, 0, ' ', 2, 1, 6424702, 'BRUNA DE CAMPOS', 0, 58303, 0, 0, 0, 0, 0, 0, 'f0032989', 1, to_date('26-09-2022', 'dd-mm-yyyy'), null, ' ', 2, 1, ' ', ' ', 0, 0, 0, 0, 0, 1, 1, 5463212, 0, null, 0, 1, null, 1);



insert into CRAPSNH (NRDCONTA, TPDSENHA, IDSEQTTL, CDCOOPER, CDSITSNH, CDOPERAD, DTLIBERA, HRTRANSA, DTALTSNH, DTALTSIT, CDDSENHA, DSSENWEB, DTEMSENH, VLLIMWEB, DTULTACE, HRULTACE, DTVLDSNH, FLGBOLET, VLLBOLET, VLLIMTRF, VLLIMPGO, QTACERRO, NRCPFCGC, DTDBOLET, DSDINSTR, VLLIMTED, DTLIMTRF, DTLIMPGO, DTLIMWEB, DTLIMTED, VLLIMVRB, DTLIMVRB, DTBLUTSH, CDOPEORI, CDAGEORI, DTINSORI, CDOPEPAG, CDAGEPAG, VLPAGINI, DTINSPAG, CDOPETRA, CDAGETRA, VLTRAINI, DTINSTRA, DTACEMOB, HRACEMOB, VLLIMFLP, DTLIMFLP, HRAMBANT, DTAMBANT, HRAIBANT, DTAIBANT, VLLIMITE_DEP_CHEQ_MOB, DTALT_LIM_DEP_CHQ_MOB, VLLIMITE_PIX, DTLIMITE_PIX, VLLIMITE_PIX_COOPERADO, VLAGETED, VLLIMNOTTRANS, VLLIMNOTPGBO, DTLIMAGENOT, DTHBOLETO, DTHTRANS)
values (15352927, 1, 1, 1, 1, 'f0032989', to_date('23-08-2022', 'dd-mm-yyyy'), 54081, to_date('18-10-2022', 'dd-mm-yyyy'), to_date('23-08-2022', 'dd-mm-yyyy'), 'gilxjiaiDjidiaFF', 'dxopicandFimdkkf', null, 0.00, to_date('17-11-2022', 'dd-mm-yyyy'), 47818, to_date('23-08-2022', 'dd-mm-yyyy'), 0, 0.00, 10000.00, 10000.00, 0, 8251513928, null, ' ', 10000.00, to_date('11-10-2022', 'dd-mm-yyyy'), to_date('11-10-2022', 'dd-mm-yyyy'), null, to_date('11-10-2022', 'dd-mm-yyyy'), 10000.00, to_date('30-09-2022', 'dd-mm-yyyy'), null, 'f0032989', 1, to_date('30-09-2022', 'dd-mm-yyyy'), 'f0032989', 1, 10000.00, to_date('11-10-2022', 'dd-mm-yyyy'), 'f0032989', 1, 10000.00, to_date('11-10-2022', 'dd-mm-yyyy'), null, 0, 0.00, null, 0, null, 37781, to_date('17-11-2022', 'dd-mm-yyyy'), 10000.00, to_date('30-09-2022', 'dd-mm-yyyy'), 10000.00, to_date('30-09-2022', 'dd-mm-yyyy'), 10000.00, 1000.00, 0.00, 0.00, null, null, null);

insert into CRAPSNH (NRDCONTA, TPDSENHA, IDSEQTTL, CDCOOPER, CDSITSNH, CDOPERAD, DTLIBERA, HRTRANSA, DTALTSNH, DTALTSIT, CDDSENHA, DSSENWEB, DTEMSENH, VLLIMWEB, DTULTACE, HRULTACE, DTVLDSNH, FLGBOLET, VLLBOLET, VLLIMTRF, VLLIMPGO, QTACERRO, NRCPFCGC, DTDBOLET, DSDINSTR, VLLIMTED, DTLIMTRF, DTLIMPGO, DTLIMWEB, DTLIMTED, VLLIMVRB, DTLIMVRB, DTBLUTSH, CDOPEORI, CDAGEORI, DTINSORI, CDOPEPAG, CDAGEPAG, VLPAGINI, DTINSPAG, CDOPETRA, CDAGETRA, VLTRAINI, DTINSTRA, DTACEMOB, HRACEMOB, VLLIMFLP, DTLIMFLP, HRAMBANT, DTAMBANT, HRAIBANT, DTAIBANT, VLLIMITE_DEP_CHEQ_MOB, DTALT_LIM_DEP_CHQ_MOB, VLLIMITE_PIX, DTLIMITE_PIX, VLLIMITE_PIX_COOPERADO, VLAGETED, VLLIMNOTTRANS, VLLIMNOTPGBO, DTLIMAGENOT, DTHBOLETO, DTHTRANS)
values (15352927, 3, 1, 1, 1, 'f0032989', to_date('23-08-2022', 'dd-mm-yyyy'), 0, to_date('23-08-2022', 'dd-mm-yyyy'), null, 'AkjWlcybpjkadccm', ' ', null, 0.00, null, 0, null, 0, 0.00, 0.00, 0.00, 1, 0, null, ' ', 0.00, null, null, null, null, 0.00, null, null, '1', 0, to_date('26-09-2022', 'dd-mm-yyyy'), ' ', 0, 0.00, null, ' ', 0, 0.00, null, null, 0, 0.00, null, 0, null, 0, null, 0.00, null, 0.00, null, 0.00, 0.00, 0.00, 0.00, null, null, null);

insert into CRAPSNH (NRDCONTA, TPDSENHA, IDSEQTTL, CDCOOPER, CDSITSNH, CDOPERAD, DTLIBERA, HRTRANSA, DTALTSNH, DTALTSIT, CDDSENHA, DSSENWEB, DTEMSENH, VLLIMWEB, DTULTACE, HRULTACE, DTVLDSNH, FLGBOLET, VLLBOLET, VLLIMTRF, VLLIMPGO, QTACERRO, NRCPFCGC, DTDBOLET, DSDINSTR, VLLIMTED, DTLIMTRF, DTLIMPGO, DTLIMWEB, DTLIMTED, VLLIMVRB, DTLIMVRB, DTBLUTSH, CDOPEORI, CDAGEORI, DTINSORI, CDOPEPAG, CDAGEPAG, VLPAGINI, DTINSPAG, CDOPETRA, CDAGETRA, VLTRAINI, DTINSTRA, DTACEMOB, HRACEMOB, VLLIMFLP, DTLIMFLP, HRAMBANT, DTAMBANT, HRAIBANT, DTAIBANT, VLLIMITE_DEP_CHEQ_MOB, DTALT_LIM_DEP_CHQ_MOB, VLLIMITE_PIX, DTLIMITE_PIX, VLLIMITE_PIX_COOPERADO, VLAGETED, VLLIMNOTTRANS, VLLIMNOTPGBO, DTLIMAGENOT, DTHBOLETO, DTHTRANS)
values (1178520, 1, 1, 2, 1, 'f0032989', to_date('13-10-2022', 'dd-mm-yyyy'), 54391, to_date('18-10-2022', 'dd-mm-yyyy'), to_date('13-10-2022', 'dd-mm-yyyy'), 'gilxjiaiDjidiaFF', 'dxopicandFimdkkf', null, 0.00, to_date('18-10-2022', 'dd-mm-yyyy'), 58041, to_date('13-10-2022', 'dd-mm-yyyy'), 0, 0.00, 10000.00, 10000.00, 0, 7159852990, null, ' ', 10000.00, to_date('11-10-2022', 'dd-mm-yyyy'), to_date('11-10-2022', 'dd-mm-yyyy'), null, to_date('11-10-2022', 'dd-mm-yyyy'), 10000.00, to_date('30-09-2022', 'dd-mm-yyyy'), null, 'f0032989', 1, to_date('30-09-2022', 'dd-mm-yyyy'), 'f0032989', 1, 10000.00, to_date('11-10-2022', 'dd-mm-yyyy'), 'f0032989', 1, 10000.00, to_date('11-10-2022', 'dd-mm-yyyy'), null, 0, 0.00, null, 0, null, 0, null, 10000.00, to_date('30-09-2022', 'dd-mm-yyyy'), 10000.00, to_date('30-09-2022', 'dd-mm-yyyy'), 10000.00, 1000.00, 0.00, 0.00, null, null, null);

insert into CRAPSNH (NRDCONTA, TPDSENHA, IDSEQTTL, CDCOOPER, CDSITSNH, CDOPERAD, DTLIBERA, HRTRANSA, DTALTSNH, DTALTSIT, CDDSENHA, DSSENWEB, DTEMSENH, VLLIMWEB, DTULTACE, HRULTACE, DTVLDSNH, FLGBOLET, VLLBOLET, VLLIMTRF, VLLIMPGO, QTACERRO, NRCPFCGC, DTDBOLET, DSDINSTR, VLLIMTED, DTLIMTRF, DTLIMPGO, DTLIMWEB, DTLIMTED, VLLIMVRB, DTLIMVRB, DTBLUTSH, CDOPEORI, CDAGEORI, DTINSORI, CDOPEPAG, CDAGEPAG, VLPAGINI, DTINSPAG, CDOPETRA, CDAGETRA, VLTRAINI, DTINSTRA, DTACEMOB, HRACEMOB, VLLIMFLP, DTLIMFLP, HRAMBANT, DTAMBANT, HRAIBANT, DTAIBANT, VLLIMITE_DEP_CHEQ_MOB, DTALT_LIM_DEP_CHQ_MOB, VLLIMITE_PIX, DTLIMITE_PIX, VLLIMITE_PIX_COOPERADO, VLAGETED, VLLIMNOTTRANS, VLLIMNOTPGBO, DTLIMAGENOT, DTHBOLETO, DTHTRANS)
values (1178520, 3, 1, 2, 1, 'f0032989', to_date('24-08-2022', 'dd-mm-yyyy'), 0, to_date('13-10-2022', 'dd-mm-yyyy'), null, 'fjjbdlkWjkjpnChl', ' ', null, 0.00, null, 0, null, 0, 0.00, 0.00, 0.00, 0, 0, null, ' ', 0.00, null, null, null, null, 0.00, null, null, 'f0032989', 0, to_date('26-09-2022', 'dd-mm-yyyy'), ' ', 0, 0.00, null, ' ', 0, 0.00, null, null, 0, 0.00, null, 0, null, 0, null, 0.00, null, 0.00, null, 0.00, 0.00, 0.00, 0.00, null, null, null);

insert into CRAPSNH (NRDCONTA, TPDSENHA, IDSEQTTL, CDCOOPER, CDSITSNH, CDOPERAD, DTLIBERA, HRTRANSA, DTALTSNH, DTALTSIT, CDDSENHA, DSSENWEB, DTEMSENH, VLLIMWEB, DTULTACE, HRULTACE, DTVLDSNH, FLGBOLET, VLLBOLET, VLLIMTRF, VLLIMPGO, QTACERRO, NRCPFCGC, DTDBOLET, DSDINSTR, VLLIMTED, DTLIMTRF, DTLIMPGO, DTLIMWEB, DTLIMTED, VLLIMVRB, DTLIMVRB, DTBLUTSH, CDOPEORI, CDAGEORI, DTINSORI, CDOPEPAG, CDAGEPAG, VLPAGINI, DTINSPAG, CDOPETRA, CDAGETRA, VLTRAINI, DTINSTRA, DTACEMOB, HRACEMOB, VLLIMFLP, DTLIMFLP, HRAMBANT, DTAMBANT, HRAIBANT, DTAIBANT, VLLIMITE_DEP_CHEQ_MOB, DTALT_LIM_DEP_CHQ_MOB, VLLIMITE_PIX, DTLIMITE_PIX, VLLIMITE_PIX_COOPERADO, VLAGETED, VLLIMNOTTRANS, VLLIMNOTPGBO, DTLIMAGENOT, DTHBOLETO, DTHTRANS)
values (365343, 1, 1, 5, 1, 'f0032989', to_date('11-10-2022', 'dd-mm-yyyy'), 54324, to_date('18-10-2022', 'dd-mm-yyyy'), to_date('11-10-2022', 'dd-mm-yyyy'), 'gilxjiaiDjidiaFF', 'dxopicandFimdkkf', null, 0.00, to_date('18-10-2022', 'dd-mm-yyyy'), 57917, to_date('11-10-2022', 'dd-mm-yyyy'), 0, 0.00, 1000.00, 1000.00, 0, 7159852990, null, ' ', 1000.00, to_date('11-10-2022', 'dd-mm-yyyy'), to_date('11-10-2022', 'dd-mm-yyyy'), null, to_date('11-10-2022', 'dd-mm-yyyy'), 1000.00, to_date('11-10-2022', 'dd-mm-yyyy'), null, 'f0032989', 1, to_date('30-09-2022', 'dd-mm-yyyy'), 'f0032989', 1, 1000.00, to_date('11-10-2022', 'dd-mm-yyyy'), 'f0032989', 1, 1000.00, to_date('11-10-2022', 'dd-mm-yyyy'), null, 0, 0.00, null, 0, null, 0, null, 1000.00, to_date('11-10-2022', 'dd-mm-yyyy'), 1000.00, to_date('11-10-2022', 'dd-mm-yyyy'), 1000.00, 1000.00, 0.00, 0.00, null, null, null);

insert into CRAPSNH (NRDCONTA, TPDSENHA, IDSEQTTL, CDCOOPER, CDSITSNH, CDOPERAD, DTLIBERA, HRTRANSA, DTALTSNH, DTALTSIT, CDDSENHA, DSSENWEB, DTEMSENH, VLLIMWEB, DTULTACE, HRULTACE, DTVLDSNH, FLGBOLET, VLLBOLET, VLLIMTRF, VLLIMPGO, QTACERRO, NRCPFCGC, DTDBOLET, DSDINSTR, VLLIMTED, DTLIMTRF, DTLIMPGO, DTLIMWEB, DTLIMTED, VLLIMVRB, DTLIMVRB, DTBLUTSH, CDOPEORI, CDAGEORI, DTINSORI, CDOPEPAG, CDAGEPAG, VLPAGINI, DTINSPAG, CDOPETRA, CDAGETRA, VLTRAINI, DTINSTRA, DTACEMOB, HRACEMOB, VLLIMFLP, DTLIMFLP, HRAMBANT, DTAMBANT, HRAIBANT, DTAIBANT, VLLIMITE_DEP_CHEQ_MOB, DTALT_LIM_DEP_CHQ_MOB, VLLIMITE_PIX, DTLIMITE_PIX, VLLIMITE_PIX_COOPERADO, VLAGETED, VLLIMNOTTRANS, VLLIMNOTPGBO, DTLIMAGENOT, DTHBOLETO, DTHTRANS)
values (365343, 3, 1, 5, 1, 'f0032989', to_date('23-09-2022', 'dd-mm-yyyy'), 0, to_date('03-10-2022', 'dd-mm-yyyy'), null, 'AkjWlcybpjkadccm', ' ', null, 0.00, null, 0, null, 0, 0.00, 0.00, 0.00, 0, 0, null, ' ', 0.00, null, null, null, null, 0.00, null, null, 'f0032989', 0, to_date('26-09-2022', 'dd-mm-yyyy'), ' ', 0, 0.00, null, ' ', 0, 0.00, null, null, 0, 0.00, null, 0, null, 0, null, 0.00, null, 0.00, null, 0.00, 0.00, 0.00, 0.00, null, null, null);

insert into CRAPSNH (NRDCONTA, TPDSENHA, IDSEQTTL, CDCOOPER, CDSITSNH, CDOPERAD, DTLIBERA, HRTRANSA, DTALTSNH, DTALTSIT, CDDSENHA, DSSENWEB, DTEMSENH, VLLIMWEB, DTULTACE, HRULTACE, DTVLDSNH, FLGBOLET, VLLBOLET, VLLIMTRF, VLLIMPGO, QTACERRO, NRCPFCGC, DTDBOLET, DSDINSTR, VLLIMTED, DTLIMTRF, DTLIMPGO, DTLIMWEB, DTLIMTED, VLLIMVRB, DTLIMVRB, DTBLUTSH, CDOPEORI, CDAGEORI, DTINSORI, CDOPEPAG, CDAGEPAG, VLPAGINI, DTINSPAG, CDOPETRA, CDAGETRA, VLTRAINI, DTINSTRA, DTACEMOB, HRACEMOB, VLLIMFLP, DTLIMFLP, HRAMBANT, DTAMBANT, HRAIBANT, DTAIBANT, VLLIMITE_DEP_CHEQ_MOB, DTALT_LIM_DEP_CHQ_MOB, VLLIMITE_PIX, DTLIMITE_PIX, VLLIMITE_PIX_COOPERADO, VLAGETED, VLLIMNOTTRANS, VLLIMNOTPGBO, DTLIMAGENOT, DTHBOLETO, DTHTRANS)
values (268291, 1, 1, 6, 1, 'f0032989', to_date('26-09-2022', 'dd-mm-yyyy'), 53975, to_date('18-10-2022', 'dd-mm-yyyy'), to_date('26-09-2022', 'dd-mm-yyyy'), 'gilxjiaiDjidiaFF', 'dxopicandFimdkkf', null, 0.00, to_date('18-10-2022', 'dd-mm-yyyy'), 61208, to_date('26-09-2022', 'dd-mm-yyyy'), 0, 0.00, 10000.00, 10000.00, 0, 7159852990, null, ' ', 10000.00, to_date('11-10-2022', 'dd-mm-yyyy'), to_date('11-10-2022', 'dd-mm-yyyy'), null, to_date('11-10-2022', 'dd-mm-yyyy'), 10000.00, to_date('30-09-2022', 'dd-mm-yyyy'), null, 'f0032989', 1, to_date('30-09-2022', 'dd-mm-yyyy'), 'f0032989', 1, 10000.00, to_date('11-10-2022', 'dd-mm-yyyy'), 'f0032989', 1, 10000.00, to_date('11-10-2022', 'dd-mm-yyyy'), null, 0, 0.00, null, 0, null, 0, null, 10000.00, to_date('30-09-2022', 'dd-mm-yyyy'), 10000.00, to_date('30-09-2022', 'dd-mm-yyyy'), 10000.00, 1000.00, 0.00, 0.00, null, null, null);

insert into CRAPSNH (NRDCONTA, TPDSENHA, IDSEQTTL, CDCOOPER, CDSITSNH, CDOPERAD, DTLIBERA, HRTRANSA, DTALTSNH, DTALTSIT, CDDSENHA, DSSENWEB, DTEMSENH, VLLIMWEB, DTULTACE, HRULTACE, DTVLDSNH, FLGBOLET, VLLBOLET, VLLIMTRF, VLLIMPGO, QTACERRO, NRCPFCGC, DTDBOLET, DSDINSTR, VLLIMTED, DTLIMTRF, DTLIMPGO, DTLIMWEB, DTLIMTED, VLLIMVRB, DTLIMVRB, DTBLUTSH, CDOPEORI, CDAGEORI, DTINSORI, CDOPEPAG, CDAGEPAG, VLPAGINI, DTINSPAG, CDOPETRA, CDAGETRA, VLTRAINI, DTINSTRA, DTACEMOB, HRACEMOB, VLLIMFLP, DTLIMFLP, HRAMBANT, DTAMBANT, HRAIBANT, DTAIBANT, VLLIMITE_DEP_CHEQ_MOB, DTALT_LIM_DEP_CHQ_MOB, VLLIMITE_PIX, DTLIMITE_PIX, VLLIMITE_PIX_COOPERADO, VLAGETED, VLLIMNOTTRANS, VLLIMNOTPGBO, DTLIMAGENOT, DTHBOLETO, DTHTRANS)
values (268291, 3, 1, 6, 1, 'f0032989', to_date('02-09-2022', 'dd-mm-yyyy'), 0, to_date('26-09-2022', 'dd-mm-yyyy'), null, 'AkjWlcybpjkadccm', ' ', null, 0.00, null, 0, null, 0, 0.00, 0.00, 0.00, 0, 0, null, ' ', 0.00, null, null, null, null, 0.00, null, null, 'f0032989', 0, to_date('26-09-2022', 'dd-mm-yyyy'), ' ', 0, 0.00, null, ' ', 0, 0.00, null, null, 0, 0.00, null, 0, null, 0, null, 0.00, null, 0.00, null, 0.00, 0.00, 0.00, 0.00, null, null, null);

insert into CRAPSNH (NRDCONTA, TPDSENHA, IDSEQTTL, CDCOOPER, CDSITSNH, CDOPERAD, DTLIBERA, HRTRANSA, DTALTSNH, DTALTSIT, CDDSENHA, DSSENWEB, DTEMSENH, VLLIMWEB, DTULTACE, HRULTACE, DTVLDSNH, FLGBOLET, VLLBOLET, VLLIMTRF, VLLIMPGO, QTACERRO, NRCPFCGC, DTDBOLET, DSDINSTR, VLLIMTED, DTLIMTRF, DTLIMPGO, DTLIMWEB, DTLIMTED, VLLIMVRB, DTLIMVRB, DTBLUTSH, CDOPEORI, CDAGEORI, DTINSORI, CDOPEPAG, CDAGEPAG, VLPAGINI, DTINSPAG, CDOPETRA, CDAGETRA, VLTRAINI, DTINSTRA, DTACEMOB, HRACEMOB, VLLIMFLP, DTLIMFLP, HRAMBANT, DTAMBANT, HRAIBANT, DTAIBANT, VLLIMITE_DEP_CHEQ_MOB, DTALT_LIM_DEP_CHQ_MOB, VLLIMITE_PIX, DTLIMITE_PIX, VLLIMITE_PIX_COOPERADO, VLAGETED, VLLIMNOTTRANS, VLLIMNOTPGBO, DTLIMAGENOT, DTHBOLETO, DTHTRANS)
values (452041, 1, 1, 7, 1, 'f0032989', to_date('24-10-2022', 'dd-mm-yyyy'), 36619, to_date('28-10-2022', 'dd-mm-yyyy'), to_date('24-10-2022', 'dd-mm-yyyy'), 'ikabljaiPlbyjAik', 'jkdtaoakabkzJkcn', null, 0.00, to_date('28-10-2022', 'dd-mm-yyyy'), 37082, to_date('24-10-2022', 'dd-mm-yyyy'), 0, 0.00, 0.00, 0.00, 0, 0, null, ' ', 0.00, to_date('19-10-2022', 'dd-mm-yyyy'), to_date('19-10-2022', 'dd-mm-yyyy'), null, to_date('19-10-2022', 'dd-mm-yyyy'), 10000.00, to_date('30-09-2022', 'dd-mm-yyyy'), null, 'f0032989', 1, to_date('30-09-2022', 'dd-mm-yyyy'), 'f0032989', 1, 10000.00, to_date('19-10-2022', 'dd-mm-yyyy'), 'f0032989', 1, 10000.00, to_date('19-10-2022', 'dd-mm-yyyy'), null, 0, 0.00, null, 0, null, 53189, to_date('11-10-2022', 'dd-mm-yyyy'), 10000.00, to_date('30-09-2022', 'dd-mm-yyyy'), 10000.00, to_date('30-09-2022', 'dd-mm-yyyy'), 10000.00, 1000.00, 0.00, 0.00, null, null, null);

insert into CRAPSNH (NRDCONTA, TPDSENHA, IDSEQTTL, CDCOOPER, CDSITSNH, CDOPERAD, DTLIBERA, HRTRANSA, DTALTSNH, DTALTSIT, CDDSENHA, DSSENWEB, DTEMSENH, VLLIMWEB, DTULTACE, HRULTACE, DTVLDSNH, FLGBOLET, VLLBOLET, VLLIMTRF, VLLIMPGO, QTACERRO, NRCPFCGC, DTDBOLET, DSDINSTR, VLLIMTED, DTLIMTRF, DTLIMPGO, DTLIMWEB, DTLIMTED, VLLIMVRB, DTLIMVRB, DTBLUTSH, CDOPEORI, CDAGEORI, DTINSORI, CDOPEPAG, CDAGEPAG, VLPAGINI, DTINSPAG, CDOPETRA, CDAGETRA, VLTRAINI, DTINSTRA, DTACEMOB, HRACEMOB, VLLIMFLP, DTLIMFLP, HRAMBANT, DTAMBANT, HRAIBANT, DTAIBANT, VLLIMITE_DEP_CHEQ_MOB, DTALT_LIM_DEP_CHQ_MOB, VLLIMITE_PIX, DTLIMITE_PIX, VLLIMITE_PIX_COOPERADO, VLAGETED, VLLIMNOTTRANS, VLLIMNOTPGBO, DTLIMAGENOT, DTHBOLETO, DTHTRANS)
values (452041, 3, 1, 7, 1, 'f0032989', to_date('23-09-2022', 'dd-mm-yyyy'), 0, to_date('23-09-2022', 'dd-mm-yyyy'), null, 'AkjWlcybpjkadccm', ' ', null, 0.00, null, 0, null, 0, 0.00, 0.00, 0.00, 0, 0, null, ' ', 0.00, null, null, null, null, 0.00, null, null, 'f0032989', 0, to_date('26-09-2022', 'dd-mm-yyyy'), ' ', 0, 0.00, null, ' ', 0, 0.00, null, null, 0, 0.00, null, 0, null, 0, null, 0.00, null, 0.00, null, 0.00, 0.00, 0.00, 0.00, null, null, null);

insert into CRAPSNH (NRDCONTA, TPDSENHA, IDSEQTTL, CDCOOPER, CDSITSNH, CDOPERAD, DTLIBERA, HRTRANSA, DTALTSNH, DTALTSIT, CDDSENHA, DSSENWEB, DTEMSENH, VLLIMWEB, DTULTACE, HRULTACE, DTVLDSNH, FLGBOLET, VLLBOLET, VLLIMTRF, VLLIMPGO, QTACERRO, NRCPFCGC, DTDBOLET, DSDINSTR, VLLIMTED, DTLIMTRF, DTLIMPGO, DTLIMWEB, DTLIMTED, VLLIMVRB, DTLIMVRB, DTBLUTSH, CDOPEORI, CDAGEORI, DTINSORI, CDOPEPAG, CDAGEPAG, VLPAGINI, DTINSPAG, CDOPETRA, CDAGETRA, VLTRAINI, DTINSTRA, DTACEMOB, HRACEMOB, VLLIMFLP, DTLIMFLP, HRAMBANT, DTAMBANT, HRAIBANT, DTAIBANT, VLLIMITE_DEP_CHEQ_MOB, DTALT_LIM_DEP_CHQ_MOB, VLLIMITE_PIX, DTLIMITE_PIX, VLLIMITE_PIX_COOPERADO, VLAGETED, VLLIMNOTTRANS, VLLIMNOTPGBO, DTLIMAGENOT, DTHBOLETO, DTHTRANS)
values (64149, 1, 1, 8, 1, 'f0032989', to_date('11-10-2022', 'dd-mm-yyyy'), 53402, to_date('18-10-2022', 'dd-mm-yyyy'), to_date('11-10-2022', 'dd-mm-yyyy'), 'gilxjiaiDjidiaFF', 'dxopicandFimdkkf', null, 0.00, to_date('18-10-2022', 'dd-mm-yyyy'), 60327, to_date('11-10-2022', 'dd-mm-yyyy'), 0, 0.00, 0.00, 0.00, 0, 0, null, ' ', 0.00, to_date('30-09-2022', 'dd-mm-yyyy'), to_date('30-09-2022', 'dd-mm-yyyy'), null, to_date('30-09-2022', 'dd-mm-yyyy'), 10000.00, to_date('30-09-2022', 'dd-mm-yyyy'), null, 'f0032989', 1, to_date('30-09-2022', 'dd-mm-yyyy'), 'f0032989', 1, 10000.00, to_date('30-09-2022', 'dd-mm-yyyy'), 'f0032989', 1, 10000.00, to_date('30-09-2022', 'dd-mm-yyyy'), null, 0, 0.00, null, 0, null, 0, null, 10000.00, to_date('30-09-2022', 'dd-mm-yyyy'), 10000.00, to_date('30-09-2022', 'dd-mm-yyyy'), 10000.00, 1000.00, 0.00, 0.00, null, null, null);

insert into CRAPSNH (NRDCONTA, TPDSENHA, IDSEQTTL, CDCOOPER, CDSITSNH, CDOPERAD, DTLIBERA, HRTRANSA, DTALTSNH, DTALTSIT, CDDSENHA, DSSENWEB, DTEMSENH, VLLIMWEB, DTULTACE, HRULTACE, DTVLDSNH, FLGBOLET, VLLBOLET, VLLIMTRF, VLLIMPGO, QTACERRO, NRCPFCGC, DTDBOLET, DSDINSTR, VLLIMTED, DTLIMTRF, DTLIMPGO, DTLIMWEB, DTLIMTED, VLLIMVRB, DTLIMVRB, DTBLUTSH, CDOPEORI, CDAGEORI, DTINSORI, CDOPEPAG, CDAGEPAG, VLPAGINI, DTINSPAG, CDOPETRA, CDAGETRA, VLTRAINI, DTINSTRA, DTACEMOB, HRACEMOB, VLLIMFLP, DTLIMFLP, HRAMBANT, DTAMBANT, HRAIBANT, DTAIBANT, VLLIMITE_DEP_CHEQ_MOB, DTALT_LIM_DEP_CHQ_MOB, VLLIMITE_PIX, DTLIMITE_PIX, VLLIMITE_PIX_COOPERADO, VLAGETED, VLLIMNOTTRANS, VLLIMNOTPGBO, DTLIMAGENOT, DTHBOLETO, DTHTRANS)
values (64149, 3, 1, 8, 1, 'f0032989', to_date('23-09-2022', 'dd-mm-yyyy'), 0, to_date('11-10-2022', 'dd-mm-yyyy'), null, 'AkjWlcybpjkadccm', ' ', null, 0.00, null, 0, null, 0, 0.00, 0.00, 0.00, 0, 0, null, ' ', 0.00, null, null, null, null, 0.00, null, null, 'f0032989', 0, to_date('26-09-2022', 'dd-mm-yyyy'), ' ', 0, 0.00, null, ' ', 0, 0.00, null, null, 0, 0.00, null, 0, null, 0, null, 0.00, null, 0.00, null, 0.00, 0.00, 0.00, 0.00, null, null, null);

insert into CRAPSNH (NRDCONTA, TPDSENHA, IDSEQTTL, CDCOOPER, CDSITSNH, CDOPERAD, DTLIBERA, HRTRANSA, DTALTSNH, DTALTSIT, CDDSENHA, DSSENWEB, DTEMSENH, VLLIMWEB, DTULTACE, HRULTACE, DTVLDSNH, FLGBOLET, VLLBOLET, VLLIMTRF, VLLIMPGO, QTACERRO, NRCPFCGC, DTDBOLET, DSDINSTR, VLLIMTED, DTLIMTRF, DTLIMPGO, DTLIMWEB, DTLIMTED, VLLIMVRB, DTLIMVRB, DTBLUTSH, CDOPEORI, CDAGEORI, DTINSORI, CDOPEPAG, CDAGEPAG, VLPAGINI, DTINSPAG, CDOPETRA, CDAGETRA, VLTRAINI, DTINSTRA, DTACEMOB, HRACEMOB, VLLIMFLP, DTLIMFLP, HRAMBANT, DTAMBANT, HRAIBANT, DTAIBANT, VLLIMITE_DEP_CHEQ_MOB, DTALT_LIM_DEP_CHQ_MOB, VLLIMITE_PIX, DTLIMITE_PIX, VLLIMITE_PIX_COOPERADO, VLAGETED, VLLIMNOTTRANS, VLLIMNOTPGBO, DTLIMAGENOT, DTHBOLETO, DTHTRANS)
values (564699, 1, 1, 9, 1, 'f0032989', to_date('11-10-2022', 'dd-mm-yyyy'), 53858, to_date('18-10-2022', 'dd-mm-yyyy'), to_date('11-10-2022', 'dd-mm-yyyy'), 'gilxjiaiDjidiaFF', 'dxopicandFimdkkf', null, 0.00, to_date('16-11-2022', 'dd-mm-yyyy'), 61122, to_date('11-10-2022', 'dd-mm-yyyy'), 0, 0.00, 10000.00, 10000.00, 0, 7159852990, null, ' ', 10000.00, to_date('11-10-2022', 'dd-mm-yyyy'), to_date('11-10-2022', 'dd-mm-yyyy'), null, to_date('11-10-2022', 'dd-mm-yyyy'), 10000.00, to_date('27-09-2022', 'dd-mm-yyyy'), null, 'f0032989', 1, to_date('26-09-2022', 'dd-mm-yyyy'), 'f0032989', 1, 10000.00, to_date('11-10-2022', 'dd-mm-yyyy'), 'f0032989', 1, 10000.00, to_date('11-10-2022', 'dd-mm-yyyy'), null, 0, 0.00, null, 0, null, 61074, to_date('16-11-2022', 'dd-mm-yyyy'), 0.00, null, 10000.00, to_date('27-09-2022', 'dd-mm-yyyy'), 10000.00, 1000.00, 0.00, 0.00, null, null, null);

insert into CRAPSNH (NRDCONTA, TPDSENHA, IDSEQTTL, CDCOOPER, CDSITSNH, CDOPERAD, DTLIBERA, HRTRANSA, DTALTSNH, DTALTSIT, CDDSENHA, DSSENWEB, DTEMSENH, VLLIMWEB, DTULTACE, HRULTACE, DTVLDSNH, FLGBOLET, VLLBOLET, VLLIMTRF, VLLIMPGO, QTACERRO, NRCPFCGC, DTDBOLET, DSDINSTR, VLLIMTED, DTLIMTRF, DTLIMPGO, DTLIMWEB, DTLIMTED, VLLIMVRB, DTLIMVRB, DTBLUTSH, CDOPEORI, CDAGEORI, DTINSORI, CDOPEPAG, CDAGEPAG, VLPAGINI, DTINSPAG, CDOPETRA, CDAGETRA, VLTRAINI, DTINSTRA, DTACEMOB, HRACEMOB, VLLIMFLP, DTLIMFLP, HRAMBANT, DTAMBANT, HRAIBANT, DTAIBANT, VLLIMITE_DEP_CHEQ_MOB, DTALT_LIM_DEP_CHQ_MOB, VLLIMITE_PIX, DTLIMITE_PIX, VLLIMITE_PIX_COOPERADO, VLAGETED, VLLIMNOTTRANS, VLLIMNOTPGBO, DTLIMAGENOT, DTHBOLETO, DTHTRANS)
values (564699, 3, 1, 9, 1, 'f0032989', to_date('26-08-2022', 'dd-mm-yyyy'), 0, to_date('26-08-2022', 'dd-mm-yyyy'), null, 'fjjbdlkWjkjpnChl', ' ', null, 0.00, null, 0, null, 0, 0.00, 0.00, 0.00, 0, 0, null, ' ', 0.00, null, null, null, null, 0.00, null, null, 'f0032989', 0, to_date('26-09-2022', 'dd-mm-yyyy'), ' ', 0, 0.00, null, ' ', 0, 0.00, null, null, 0, 0.00, null, 0, null, 0, null, 0.00, null, 0.00, null, 0.00, 0.00, 0.00, 0.00, null, null, null);

insert into CRAPSNH (NRDCONTA, TPDSENHA, IDSEQTTL, CDCOOPER, CDSITSNH, CDOPERAD, DTLIBERA, HRTRANSA, DTALTSNH, DTALTSIT, CDDSENHA, DSSENWEB, DTEMSENH, VLLIMWEB, DTULTACE, HRULTACE, DTVLDSNH, FLGBOLET, VLLBOLET, VLLIMTRF, VLLIMPGO, QTACERRO, NRCPFCGC, DTDBOLET, DSDINSTR, VLLIMTED, DTLIMTRF, DTLIMPGO, DTLIMWEB, DTLIMTED, VLLIMVRB, DTLIMVRB, DTBLUTSH, CDOPEORI, CDAGEORI, DTINSORI, CDOPEPAG, CDAGEPAG, VLPAGINI, DTINSPAG, CDOPETRA, CDAGETRA, VLTRAINI, DTINSTRA, DTACEMOB, HRACEMOB, VLLIMFLP, DTLIMFLP, HRAMBANT, DTAMBANT, HRAIBANT, DTAIBANT, VLLIMITE_DEP_CHEQ_MOB, DTALT_LIM_DEP_CHQ_MOB, VLLIMITE_PIX, DTLIMITE_PIX, VLLIMITE_PIX_COOPERADO, VLAGETED, VLLIMNOTTRANS, VLLIMNOTPGBO, DTLIMAGENOT, DTHBOLETO, DTHTRANS)
values (241830, 1, 1, 10, 1, 'f0032989', to_date('13-09-2022', 'dd-mm-yyyy'), 53482, to_date('18-10-2022', 'dd-mm-yyyy'), to_date('13-09-2022', 'dd-mm-yyyy'), 'gilxjiaiDjidiaFF', 'dxopicandFimdkkf', null, 0.00, to_date('18-10-2022', 'dd-mm-yyyy'), 60531, to_date('13-09-2022', 'dd-mm-yyyy'), 0, 0.00, 1000.00, 1000.00, 0, 7159852990, null, ' ', 1000.00, to_date('11-10-2022', 'dd-mm-yyyy'), to_date('11-10-2022', 'dd-mm-yyyy'), null, to_date('11-10-2022', 'dd-mm-yyyy'), 1000.00, to_date('30-09-2022', 'dd-mm-yyyy'), null, 'f0032989', 1, to_date('30-09-2022', 'dd-mm-yyyy'), 'f0032989', 1, 1000.00, to_date('11-10-2022', 'dd-mm-yyyy'), 'f0032989', 1, 1000.00, to_date('11-10-2022', 'dd-mm-yyyy'), null, 0, 0.00, null, 0, null, 0, null, 1000.00, to_date('30-09-2022', 'dd-mm-yyyy'), 1000.00, to_date('30-09-2022', 'dd-mm-yyyy'), 1000.00, 1000.00, 0.00, 0.00, null, null, null);

insert into CRAPSNH (NRDCONTA, TPDSENHA, IDSEQTTL, CDCOOPER, CDSITSNH, CDOPERAD, DTLIBERA, HRTRANSA, DTALTSNH, DTALTSIT, CDDSENHA, DSSENWEB, DTEMSENH, VLLIMWEB, DTULTACE, HRULTACE, DTVLDSNH, FLGBOLET, VLLBOLET, VLLIMTRF, VLLIMPGO, QTACERRO, NRCPFCGC, DTDBOLET, DSDINSTR, VLLIMTED, DTLIMTRF, DTLIMPGO, DTLIMWEB, DTLIMTED, VLLIMVRB, DTLIMVRB, DTBLUTSH, CDOPEORI, CDAGEORI, DTINSORI, CDOPEPAG, CDAGEPAG, VLPAGINI, DTINSPAG, CDOPETRA, CDAGETRA, VLTRAINI, DTINSTRA, DTACEMOB, HRACEMOB, VLLIMFLP, DTLIMFLP, HRAMBANT, DTAMBANT, HRAIBANT, DTAIBANT, VLLIMITE_DEP_CHEQ_MOB, DTALT_LIM_DEP_CHQ_MOB, VLLIMITE_PIX, DTLIMITE_PIX, VLLIMITE_PIX_COOPERADO, VLAGETED, VLLIMNOTTRANS, VLLIMNOTPGBO, DTLIMAGENOT, DTHBOLETO, DTHTRANS)
values (241830, 3, 1, 10, 1, 'f0032989', to_date('08-09-2022', 'dd-mm-yyyy'), 0, to_date('08-09-2022', 'dd-mm-yyyy'), null, 'AkjWlcybpjkadccm', ' ', null, 0.00, null, 0, null, 0, 0.00, 0.00, 0.00, 0, 0, null, ' ', 0.00, null, null, null, null, 0.00, null, null, 'f0032989', 0, to_date('26-09-2022', 'dd-mm-yyyy'), ' ', 0, 0.00, null, ' ', 0, 0.00, null, null, 0, 0.00, null, 0, null, 0, null, 0.00, null, 0.00, null, 0.00, 0.00, 0.00, 0.00, null, null, null);

insert into CRAPSNH (NRDCONTA, TPDSENHA, IDSEQTTL, CDCOOPER, CDSITSNH, CDOPERAD, DTLIBERA, HRTRANSA, DTALTSNH, DTALTSIT, CDDSENHA, DSSENWEB, DTEMSENH, VLLIMWEB, DTULTACE, HRULTACE, DTVLDSNH, FLGBOLET, VLLBOLET, VLLIMTRF, VLLIMPGO, QTACERRO, NRCPFCGC, DTDBOLET, DSDINSTR, VLLIMTED, DTLIMTRF, DTLIMPGO, DTLIMWEB, DTLIMTED, VLLIMVRB, DTLIMVRB, DTBLUTSH, CDOPEORI, CDAGEORI, DTINSORI, CDOPEPAG, CDAGEPAG, VLPAGINI, DTINSPAG, CDOPETRA, CDAGETRA, VLTRAINI, DTINSTRA, DTACEMOB, HRACEMOB, VLLIMFLP, DTLIMFLP, HRAMBANT, DTAMBANT, HRAIBANT, DTAIBANT, VLLIMITE_DEP_CHEQ_MOB, DTALT_LIM_DEP_CHQ_MOB, VLLIMITE_PIX, DTLIMITE_PIX, VLLIMITE_PIX_COOPERADO, VLAGETED, VLLIMNOTTRANS, VLLIMNOTPGBO, DTLIMAGENOT, DTHBOLETO, DTHTRANS)
values (970786, 1, 1, 11, 1, 'f0032989', to_date('13-09-2022', 'dd-mm-yyyy'), 53581, to_date('18-10-2022', 'dd-mm-yyyy'), to_date('13-09-2022', 'dd-mm-yyyy'), 'gilxjiaiDjidiaFF', 'dxopicandFimdkkf', null, 0.00, to_date('18-10-2022', 'dd-mm-yyyy'), 60649, to_date('13-09-2022', 'dd-mm-yyyy'), 0, 0.00, 10000.00, 10000.00, 0, 7159852990, null, ' ', 10000.00, to_date('11-10-2022', 'dd-mm-yyyy'), to_date('11-10-2022', 'dd-mm-yyyy'), null, to_date('11-10-2022', 'dd-mm-yyyy'), 10000.00, to_date('30-09-2022', 'dd-mm-yyyy'), null, 'f0032989', 1, to_date('30-09-2022', 'dd-mm-yyyy'), 'f0032989', 1, 10000.00, to_date('11-10-2022', 'dd-mm-yyyy'), 'f0032989', 1, 10000.00, to_date('11-10-2022', 'dd-mm-yyyy'), null, 0, 0.00, null, 0, null, 0, null, 10000.00, to_date('30-09-2022', 'dd-mm-yyyy'), 10000.00, to_date('30-09-2022', 'dd-mm-yyyy'), 10000.00, 1000.00, 0.00, 0.00, null, null, null);

insert into CRAPSNH (NRDCONTA, TPDSENHA, IDSEQTTL, CDCOOPER, CDSITSNH, CDOPERAD, DTLIBERA, HRTRANSA, DTALTSNH, DTALTSIT, CDDSENHA, DSSENWEB, DTEMSENH, VLLIMWEB, DTULTACE, HRULTACE, DTVLDSNH, FLGBOLET, VLLBOLET, VLLIMTRF, VLLIMPGO, QTACERRO, NRCPFCGC, DTDBOLET, DSDINSTR, VLLIMTED, DTLIMTRF, DTLIMPGO, DTLIMWEB, DTLIMTED, VLLIMVRB, DTLIMVRB, DTBLUTSH, CDOPEORI, CDAGEORI, DTINSORI, CDOPEPAG, CDAGEPAG, VLPAGINI, DTINSPAG, CDOPETRA, CDAGETRA, VLTRAINI, DTINSTRA, DTACEMOB, HRACEMOB, VLLIMFLP, DTLIMFLP, HRAMBANT, DTAMBANT, HRAIBANT, DTAIBANT, VLLIMITE_DEP_CHEQ_MOB, DTALT_LIM_DEP_CHQ_MOB, VLLIMITE_PIX, DTLIMITE_PIX, VLLIMITE_PIX_COOPERADO, VLAGETED, VLLIMNOTTRANS, VLLIMNOTPGBO, DTLIMAGENOT, DTHBOLETO, DTHTRANS)
values (970786, 3, 1, 11, 1, 'f0032989', to_date('25-08-2022', 'dd-mm-yyyy'), 0, to_date('13-09-2022', 'dd-mm-yyyy'), null, 'AkjWlcybpjkadccm', ' ', null, 0.00, null, 0, null, 0, 0.00, 0.00, 0.00, 0, 0, null, ' ', 0.00, null, null, null, null, 0.00, null, null, 'f0032989', 0, to_date('26-09-2022', 'dd-mm-yyyy'), ' ', 0, 0.00, null, ' ', 0, 0.00, null, null, 0, 0.00, null, 0, null, 0, null, 0.00, null, 0.00, null, 0.00, 0.00, 0.00, 0.00, null, null, null);

insert into CRAPSNH (NRDCONTA, TPDSENHA, IDSEQTTL, CDCOOPER, CDSITSNH, CDOPERAD, DTLIBERA, HRTRANSA, DTALTSNH, DTALTSIT, CDDSENHA, DSSENWEB, DTEMSENH, VLLIMWEB, DTULTACE, HRULTACE, DTVLDSNH, FLGBOLET, VLLBOLET, VLLIMTRF, VLLIMPGO, QTACERRO, NRCPFCGC, DTDBOLET, DSDINSTR, VLLIMTED, DTLIMTRF, DTLIMPGO, DTLIMWEB, DTLIMTED, VLLIMVRB, DTLIMVRB, DTBLUTSH, CDOPEORI, CDAGEORI, DTINSORI, CDOPEPAG, CDAGEPAG, VLPAGINI, DTINSPAG, CDOPETRA, CDAGETRA, VLTRAINI, DTINSTRA, DTACEMOB, HRACEMOB, VLLIMFLP, DTLIMFLP, HRAMBANT, DTAMBANT, HRAIBANT, DTAIBANT, VLLIMITE_DEP_CHEQ_MOB, DTALT_LIM_DEP_CHQ_MOB, VLLIMITE_PIX, DTLIMITE_PIX, VLLIMITE_PIX_COOPERADO, VLAGETED, VLLIMNOTTRANS, VLLIMNOTPGBO, DTLIMAGENOT, DTHBOLETO, DTHTRANS)
values (211044, 1, 1, 12, 1, 'f0032989', to_date('29-09-2022', 'dd-mm-yyyy'), 53677, to_date('18-10-2022', 'dd-mm-yyyy'), to_date('29-09-2022', 'dd-mm-yyyy'), 'gilxjiaiDjidiaFF', 'dxopicandFimdkkf', null, 0.00, to_date('28-10-2022', 'dd-mm-yyyy'), 36874, to_date('29-09-2022', 'dd-mm-yyyy'), 0, 0.00, 1000.00, 1000.00, 0, 7159852990, null, ' ', 1000.00, to_date('11-10-2022', 'dd-mm-yyyy'), to_date('11-10-2022', 'dd-mm-yyyy'), null, to_date('11-10-2022', 'dd-mm-yyyy'), 1000.00, to_date('30-09-2022', 'dd-mm-yyyy'), null, 'f0032989', 1, to_date('30-09-2022', 'dd-mm-yyyy'), 'f0032989', 1, 1000.00, to_date('11-10-2022', 'dd-mm-yyyy'), 'f0032989', 1, 1000.00, to_date('11-10-2022', 'dd-mm-yyyy'), null, 0, 0.00, null, 0, null, 60835, to_date('18-10-2022', 'dd-mm-yyyy'), 1000.00, to_date('30-09-2022', 'dd-mm-yyyy'), 1000.00, to_date('30-09-2022', 'dd-mm-yyyy'), 1000.00, 1000.00, 0.00, 0.00, null, null, null);

insert into CRAPSNH (NRDCONTA, TPDSENHA, IDSEQTTL, CDCOOPER, CDSITSNH, CDOPERAD, DTLIBERA, HRTRANSA, DTALTSNH, DTALTSIT, CDDSENHA, DSSENWEB, DTEMSENH, VLLIMWEB, DTULTACE, HRULTACE, DTVLDSNH, FLGBOLET, VLLBOLET, VLLIMTRF, VLLIMPGO, QTACERRO, NRCPFCGC, DTDBOLET, DSDINSTR, VLLIMTED, DTLIMTRF, DTLIMPGO, DTLIMWEB, DTLIMTED, VLLIMVRB, DTLIMVRB, DTBLUTSH, CDOPEORI, CDAGEORI, DTINSORI, CDOPEPAG, CDAGEPAG, VLPAGINI, DTINSPAG, CDOPETRA, CDAGETRA, VLTRAINI, DTINSTRA, DTACEMOB, HRACEMOB, VLLIMFLP, DTLIMFLP, HRAMBANT, DTAMBANT, HRAIBANT, DTAIBANT, VLLIMITE_DEP_CHEQ_MOB, DTALT_LIM_DEP_CHQ_MOB, VLLIMITE_PIX, DTLIMITE_PIX, VLLIMITE_PIX_COOPERADO, VLAGETED, VLLIMNOTTRANS, VLLIMNOTPGBO, DTLIMAGENOT, DTHBOLETO, DTHTRANS)
values (211044, 3, 1, 12, 1, 'f0032989', to_date('24-08-2022', 'dd-mm-yyyy'), 0, to_date('29-09-2022', 'dd-mm-yyyy'), null, 'AkjWlcybpjkadccm', ' ', null, 0.00, null, 0, null, 0, 0.00, 0.00, 0.00, 0, 0, null, ' ', 0.00, null, null, null, null, 0.00, null, null, 'f0032989', 0, to_date('26-09-2022', 'dd-mm-yyyy'), ' ', 0, 0.00, null, ' ', 0, 0.00, null, null, 0, 0.00, null, 0, null, 0, null, 0.00, null, 0.00, null, 0.00, 0.00, 0.00, 0.00, null, null, null);

insert into CRAPSNH (NRDCONTA, TPDSENHA, IDSEQTTL, CDCOOPER, CDSITSNH, CDOPERAD, DTLIBERA, HRTRANSA, DTALTSNH, DTALTSIT, CDDSENHA, DSSENWEB, DTEMSENH, VLLIMWEB, DTULTACE, HRULTACE, DTVLDSNH, FLGBOLET, VLLBOLET, VLLIMTRF, VLLIMPGO, QTACERRO, NRCPFCGC, DTDBOLET, DSDINSTR, VLLIMTED, DTLIMTRF, DTLIMPGO, DTLIMWEB, DTLIMTED, VLLIMVRB, DTLIMVRB, DTBLUTSH, CDOPEORI, CDAGEORI, DTINSORI, CDOPEPAG, CDAGEPAG, VLPAGINI, DTINSPAG, CDOPETRA, CDAGETRA, VLTRAINI, DTINSTRA, DTACEMOB, HRACEMOB, VLLIMFLP, DTLIMFLP, HRAMBANT, DTAMBANT, HRAIBANT, DTAIBANT, VLLIMITE_DEP_CHEQ_MOB, DTALT_LIM_DEP_CHQ_MOB, VLLIMITE_PIX, DTLIMITE_PIX, VLLIMITE_PIX_COOPERADO, VLAGETED, VLLIMNOTTRANS, VLLIMNOTPGBO, DTLIMAGENOT, DTHBOLETO, DTHTRANS)
values (746940, 1, 1, 13, 1, 'f0032989', to_date('07-11-2022', 'dd-mm-yyyy'), 54480, to_date('18-10-2022', 'dd-mm-yyyy'), to_date('07-11-2022', 'dd-mm-yyyy'), 'gilxjiaiDjidiaFF', 'dxopicandFimdkkf', null, 0.00, to_date('18-10-2022', 'dd-mm-yyyy'), 59710, to_date('07-11-2022', 'dd-mm-yyyy'), 0, 0.00, 10000.00, 10000.00, 0, 7159852990, null, ' ', 10000.00, to_date('11-10-2022', 'dd-mm-yyyy'), to_date('11-10-2022', 'dd-mm-yyyy'), null, to_date('11-10-2022', 'dd-mm-yyyy'), 10000.00, to_date('30-09-2022', 'dd-mm-yyyy'), null, 'f0032989', 1, to_date('30-09-2022', 'dd-mm-yyyy'), 'f0032989', 1, 10000.00, to_date('11-10-2022', 'dd-mm-yyyy'), 'f0032989', 1, 10000.00, to_date('11-10-2022', 'dd-mm-yyyy'), null, 0, 0.00, null, 0, null, 0, null, 10000.00, to_date('30-09-2022', 'dd-mm-yyyy'), 10000.00, to_date('30-09-2022', 'dd-mm-yyyy'), 10000.00, 1000.00, 0.00, 0.00, null, null, null);

insert into CRAPSNH (NRDCONTA, TPDSENHA, IDSEQTTL, CDCOOPER, CDSITSNH, CDOPERAD, DTLIBERA, HRTRANSA, DTALTSNH, DTALTSIT, CDDSENHA, DSSENWEB, DTEMSENH, VLLIMWEB, DTULTACE, HRULTACE, DTVLDSNH, FLGBOLET, VLLBOLET, VLLIMTRF, VLLIMPGO, QTACERRO, NRCPFCGC, DTDBOLET, DSDINSTR, VLLIMTED, DTLIMTRF, DTLIMPGO, DTLIMWEB, DTLIMTED, VLLIMVRB, DTLIMVRB, DTBLUTSH, CDOPEORI, CDAGEORI, DTINSORI, CDOPEPAG, CDAGEPAG, VLPAGINI, DTINSPAG, CDOPETRA, CDAGETRA, VLTRAINI, DTINSTRA, DTACEMOB, HRACEMOB, VLLIMFLP, DTLIMFLP, HRAMBANT, DTAMBANT, HRAIBANT, DTAIBANT, VLLIMITE_DEP_CHEQ_MOB, DTALT_LIM_DEP_CHQ_MOB, VLLIMITE_PIX, DTLIMITE_PIX, VLLIMITE_PIX_COOPERADO, VLAGETED, VLLIMNOTTRANS, VLLIMNOTPGBO, DTLIMAGENOT, DTHBOLETO, DTHTRANS)
values (746940, 3, 1, 13, 1, 'f0032989', to_date('16-09-2022', 'dd-mm-yyyy'), 0, to_date('16-09-2022', 'dd-mm-yyyy'), null, 'AkjWlcybpjkadccm', ' ', null, 0.00, null, 0, null, 0, 0.00, 0.00, 0.00, 0, 0, null, ' ', 0.00, null, null, null, null, 0.00, null, null, 'f0032989', 0, to_date('26-09-2022', 'dd-mm-yyyy'), ' ', 0, 0.00, null, ' ', 0, 0.00, null, null, 0, 0.00, null, 0, null, 0, null, 0.00, null, 0.00, null, 0.00, 0.00, 0.00, 0.00, null, null, null);

insert into CRAPSNH (NRDCONTA, TPDSENHA, IDSEQTTL, CDCOOPER, CDSITSNH, CDOPERAD, DTLIBERA, HRTRANSA, DTALTSNH, DTALTSIT, CDDSENHA, DSSENWEB, DTEMSENH, VLLIMWEB, DTULTACE, HRULTACE, DTVLDSNH, FLGBOLET, VLLBOLET, VLLIMTRF, VLLIMPGO, QTACERRO, NRCPFCGC, DTDBOLET, DSDINSTR, VLLIMTED, DTLIMTRF, DTLIMPGO, DTLIMWEB, DTLIMTED, VLLIMVRB, DTLIMVRB, DTBLUTSH, CDOPEORI, CDAGEORI, DTINSORI, CDOPEPAG, CDAGEPAG, VLPAGINI, DTINSPAG, CDOPETRA, CDAGETRA, VLTRAINI, DTINSTRA, DTACEMOB, HRACEMOB, VLLIMFLP, DTLIMFLP, HRAMBANT, DTAMBANT, HRAIBANT, DTAIBANT, VLLIMITE_DEP_CHEQ_MOB, DTALT_LIM_DEP_CHQ_MOB, VLLIMITE_PIX, DTLIMITE_PIX, VLLIMITE_PIX_COOPERADO, VLAGETED, VLLIMNOTTRANS, VLLIMNOTPGBO, DTLIMAGENOT, DTHBOLETO, DTHTRANS)
values (403237, 1, 1, 14, 1, 'f0032989', to_date('04-10-2022', 'dd-mm-yyyy'), 53777, to_date('18-10-2022', 'dd-mm-yyyy'), to_date('04-10-2022', 'dd-mm-yyyy'), 'gilxjiaiDjidiaFF', 'dxopicandFimdkkf', null, 0.00, to_date('16-11-2022', 'dd-mm-yyyy'), 59479, to_date('04-10-2022', 'dd-mm-yyyy'), 0, 0.00, 10000.00, 10000.00, 0, 7159852990, null, ' ', 10000.00, to_date('11-10-2022', 'dd-mm-yyyy'), to_date('11-10-2022', 'dd-mm-yyyy'), null, to_date('11-10-2022', 'dd-mm-yyyy'), 10000.00, to_date('30-09-2022', 'dd-mm-yyyy'), null, 'f0032989', 1, to_date('30-09-2022', 'dd-mm-yyyy'), 'f0032989', 1, 10000.00, to_date('11-10-2022', 'dd-mm-yyyy'), 'f0032989', 1, 10000.00, to_date('11-10-2022', 'dd-mm-yyyy'), null, 0, 0.00, null, 0, null, 47898, to_date('14-11-2022', 'dd-mm-yyyy'), 10000.00, to_date('30-09-2022', 'dd-mm-yyyy'), 10000.00, to_date('30-09-2022', 'dd-mm-yyyy'), 10000.00, 1000.00, 0.00, 0.00, null, null, null);

insert into CRAPSNH (NRDCONTA, TPDSENHA, IDSEQTTL, CDCOOPER, CDSITSNH, CDOPERAD, DTLIBERA, HRTRANSA, DTALTSNH, DTALTSIT, CDDSENHA, DSSENWEB, DTEMSENH, VLLIMWEB, DTULTACE, HRULTACE, DTVLDSNH, FLGBOLET, VLLBOLET, VLLIMTRF, VLLIMPGO, QTACERRO, NRCPFCGC, DTDBOLET, DSDINSTR, VLLIMTED, DTLIMTRF, DTLIMPGO, DTLIMWEB, DTLIMTED, VLLIMVRB, DTLIMVRB, DTBLUTSH, CDOPEORI, CDAGEORI, DTINSORI, CDOPEPAG, CDAGEPAG, VLPAGINI, DTINSPAG, CDOPETRA, CDAGETRA, VLTRAINI, DTINSTRA, DTACEMOB, HRACEMOB, VLLIMFLP, DTLIMFLP, HRAMBANT, DTAMBANT, HRAIBANT, DTAIBANT, VLLIMITE_DEP_CHEQ_MOB, DTALT_LIM_DEP_CHQ_MOB, VLLIMITE_PIX, DTLIMITE_PIX, VLLIMITE_PIX_COOPERADO, VLAGETED, VLLIMNOTTRANS, VLLIMNOTPGBO, DTLIMAGENOT, DTHBOLETO, DTHTRANS)
values (403237, 3, 1, 14, 1, 'f0032989', to_date('21-09-2022', 'dd-mm-yyyy'), 0, to_date('21-09-2022', 'dd-mm-yyyy'), null, 'AkjWlcybpjkadccm', ' ', null, 0.00, null, 0, null, 0, 0.00, 0.00, 0.00, 0, 0, null, ' ', 0.00, null, null, null, null, 0.00, null, null, 'f0032989', 0, to_date('26-09-2022', 'dd-mm-yyyy'), ' ', 0, 0.00, null, ' ', 0, 0.00, null, null, 0, 0.00, null, 0, null, 0, null, 0.00, null, 0.00, null, 0.00, 0.00, 0.00, 0.00, null, null, null);

insert into CRAPSNH (NRDCONTA, TPDSENHA, IDSEQTTL, CDCOOPER, CDSITSNH, CDOPERAD, DTLIBERA, HRTRANSA, DTALTSNH, DTALTSIT, CDDSENHA, DSSENWEB, DTEMSENH, VLLIMWEB, DTULTACE, HRULTACE, DTVLDSNH, FLGBOLET, VLLBOLET, VLLIMTRF, VLLIMPGO, QTACERRO, NRCPFCGC, DTDBOLET, DSDINSTR, VLLIMTED, DTLIMTRF, DTLIMPGO, DTLIMWEB, DTLIMTED, VLLIMVRB, DTLIMVRB, DTBLUTSH, CDOPEORI, CDAGEORI, DTINSORI, CDOPEPAG, CDAGEPAG, VLPAGINI, DTINSPAG, CDOPETRA, CDAGETRA, VLTRAINI, DTINSTRA, DTACEMOB, HRACEMOB, VLLIMFLP, DTLIMFLP, HRAMBANT, DTAMBANT, HRAIBANT, DTAIBANT, VLLIMITE_DEP_CHEQ_MOB, DTALT_LIM_DEP_CHQ_MOB, VLLIMITE_PIX, DTLIMITE_PIX, VLLIMITE_PIX_COOPERADO, VLAGETED, VLLIMNOTTRANS, VLLIMNOTPGBO, DTLIMAGENOT, DTHBOLETO, DTHTRANS)
values (1070274, 1, 1, 16, 1, 'f0032989', to_date('23-09-2022', 'dd-mm-yyyy'), 54244, to_date('18-10-2022', 'dd-mm-yyyy'), to_date('23-09-2022', 'dd-mm-yyyy'), 'gilxjiaiDjidiaFF', 'dxopicandFimdkkf', null, 0.00, to_date('18-10-2022', 'dd-mm-yyyy'), 61361, to_date('23-09-2022', 'dd-mm-yyyy'), 0, 0.00, 10000.00, 10000.00, 0, 7159852990, null, ' ', 10000.00, to_date('11-10-2022', 'dd-mm-yyyy'), to_date('11-10-2022', 'dd-mm-yyyy'), null, to_date('11-10-2022', 'dd-mm-yyyy'), 10000.00, to_date('30-09-2022', 'dd-mm-yyyy'), null, 'f0032989', 1, to_date('30-09-2022', 'dd-mm-yyyy'), 'f0032989', 1, 10000.00, to_date('11-10-2022', 'dd-mm-yyyy'), 'f0032989', 1, 10000.00, to_date('11-10-2022', 'dd-mm-yyyy'), null, 0, 0.00, null, 0, null, 0, null, 10000.00, to_date('30-09-2022', 'dd-mm-yyyy'), 10000.00, to_date('30-09-2022', 'dd-mm-yyyy'), 10000.00, 1000.00, 0.00, 0.00, null, null, null);

insert into CRAPSNH (NRDCONTA, TPDSENHA, IDSEQTTL, CDCOOPER, CDSITSNH, CDOPERAD, DTLIBERA, HRTRANSA, DTALTSNH, DTALTSIT, CDDSENHA, DSSENWEB, DTEMSENH, VLLIMWEB, DTULTACE, HRULTACE, DTVLDSNH, FLGBOLET, VLLBOLET, VLLIMTRF, VLLIMPGO, QTACERRO, NRCPFCGC, DTDBOLET, DSDINSTR, VLLIMTED, DTLIMTRF, DTLIMPGO, DTLIMWEB, DTLIMTED, VLLIMVRB, DTLIMVRB, DTBLUTSH, CDOPEORI, CDAGEORI, DTINSORI, CDOPEPAG, CDAGEPAG, VLPAGINI, DTINSPAG, CDOPETRA, CDAGETRA, VLTRAINI, DTINSTRA, DTACEMOB, HRACEMOB, VLLIMFLP, DTLIMFLP, HRAMBANT, DTAMBANT, HRAIBANT, DTAIBANT, VLLIMITE_DEP_CHEQ_MOB, DTALT_LIM_DEP_CHQ_MOB, VLLIMITE_PIX, DTLIMITE_PIX, VLLIMITE_PIX_COOPERADO, VLAGETED, VLLIMNOTTRANS, VLLIMNOTPGBO, DTLIMAGENOT, DTHBOLETO, DTHTRANS)
values (1070274, 3, 1, 16, 1, 'f0032989', to_date('22-09-2022', 'dd-mm-yyyy'), 0, to_date('23-09-2022', 'dd-mm-yyyy'), null, 'AkjWlcybpjkadccm', ' ', null, 0.00, null, 0, null, 0, 0.00, 0.00, 0.00, 0, 0, null, ' ', 0.00, null, null, null, null, 0.00, null, null, 'f0032989', 0, to_date('26-09-2022', 'dd-mm-yyyy'), ' ', 0, 0.00, null, ' ', 0, 0.00, null, null, 0, 0.00, null, 0, null, 0, null, 0.00, null, 0.00, null, 0.00, 0.00, 0.00, 0.00, null, null, null);




  


insert into CRAPPOD (CDCOOPER, NRCTAPRO, NRCPFPRO, CDDPODER, FLGCONJU, FLGISOLA, DSOUTPOD, NRDCONTA)
values (1, 86069918, 8251513928, 1, 1, 0, ' ', 15352927);

insert into CRAPPOD (CDCOOPER, NRCTAPRO, NRCPFPRO, CDDPODER, FLGCONJU, FLGISOLA, DSOUTPOD, NRDCONTA)
values (1, 86069918, 8251513928, 2, 1, 0, ' ', 15352927);

insert into CRAPPOD (CDCOOPER, NRCTAPRO, NRCPFPRO, CDDPODER, FLGCONJU, FLGISOLA, DSOUTPOD, NRDCONTA)
values (1, 86069918, 8251513928, 3, 1, 0, ' ', 15352927);

insert into CRAPPOD (CDCOOPER, NRCTAPRO, NRCPFPRO, CDDPODER, FLGCONJU, FLGISOLA, DSOUTPOD, NRDCONTA)
values (1, 86069918, 8251513928, 4, 1, 0, ' ', 15352927);

insert into CRAPPOD (CDCOOPER, NRCTAPRO, NRCPFPRO, CDDPODER, FLGCONJU, FLGISOLA, DSOUTPOD, NRDCONTA)
values (1, 86069918, 8251513928, 5, 1, 0, ' ', 15352927);

insert into CRAPPOD (CDCOOPER, NRCTAPRO, NRCPFPRO, CDDPODER, FLGCONJU, FLGISOLA, DSOUTPOD, NRDCONTA)
values (1, 86069918, 8251513928, 6, 1, 0, ' ', 15352927);

insert into CRAPPOD (CDCOOPER, NRCTAPRO, NRCPFPRO, CDDPODER, FLGCONJU, FLGISOLA, DSOUTPOD, NRDCONTA)
values (1, 86069918, 8251513928, 7, 1, 0, ' ', 15352927);

insert into CRAPPOD (CDCOOPER, NRCTAPRO, NRCPFPRO, CDDPODER, FLGCONJU, FLGISOLA, DSOUTPOD, NRDCONTA)
values (1, 86069918, 8251513928, 8, 1, 0, ' ', 15352927);

insert into CRAPPOD (CDCOOPER, NRCTAPRO, NRCPFPRO, CDDPODER, FLGCONJU, FLGISOLA, DSOUTPOD, NRDCONTA)
values (1, 86069918, 8251513928, 9, 0, 0, '####', 15352927);

insert into CRAPPOD (CDCOOPER, NRCTAPRO, NRCPFPRO, CDDPODER, FLGCONJU, FLGISOLA, DSOUTPOD, NRDCONTA)
values (1, 86069918, 8251513928, 10, 0, 0, ' ', 15352927);

insert into CRAPPOD (CDCOOPER, NRCTAPRO, NRCPFPRO, CDDPODER, FLGCONJU, FLGISOLA, DSOUTPOD, NRDCONTA)
values (2, 0, 6349421906, 1, 0, 0, ' ', 1178520);

insert into CRAPPOD (CDCOOPER, NRCTAPRO, NRCPFPRO, CDDPODER, FLGCONJU, FLGISOLA, DSOUTPOD, NRDCONTA)
values (2, 0, 6349421906, 2, 0, 0, ' ', 1178520);

insert into CRAPPOD (CDCOOPER, NRCTAPRO, NRCPFPRO, CDDPODER, FLGCONJU, FLGISOLA, DSOUTPOD, NRDCONTA)
values (2, 0, 6349421906, 3, 0, 0, ' ', 1178520);

insert into CRAPPOD (CDCOOPER, NRCTAPRO, NRCPFPRO, CDDPODER, FLGCONJU, FLGISOLA, DSOUTPOD, NRDCONTA)
values (2, 0, 6349421906, 4, 0, 0, ' ', 1178520);

insert into CRAPPOD (CDCOOPER, NRCTAPRO, NRCPFPRO, CDDPODER, FLGCONJU, FLGISOLA, DSOUTPOD, NRDCONTA)
values (2, 0, 6349421906, 5, 0, 0, ' ', 1178520);

insert into CRAPPOD (CDCOOPER, NRCTAPRO, NRCPFPRO, CDDPODER, FLGCONJU, FLGISOLA, DSOUTPOD, NRDCONTA)
values (2, 0, 6349421906, 6, 0, 0, ' ', 1178520);

insert into CRAPPOD (CDCOOPER, NRCTAPRO, NRCPFPRO, CDDPODER, FLGCONJU, FLGISOLA, DSOUTPOD, NRDCONTA)
values (2, 0, 6349421906, 7, 0, 0, ' ', 1178520);

insert into CRAPPOD (CDCOOPER, NRCTAPRO, NRCPFPRO, CDDPODER, FLGCONJU, FLGISOLA, DSOUTPOD, NRDCONTA)
values (2, 0, 6349421906, 8, 0, 0, ' ', 1178520);

insert into CRAPPOD (CDCOOPER, NRCTAPRO, NRCPFPRO, CDDPODER, FLGCONJU, FLGISOLA, DSOUTPOD, NRDCONTA)
values (2, 0, 6349421906, 9, 0, 0, ' ', 1178520);

insert into CRAPPOD (CDCOOPER, NRCTAPRO, NRCPFPRO, CDDPODER, FLGCONJU, FLGISOLA, DSOUTPOD, NRDCONTA)
values (2, 0, 6349421906, 10, 0, 0, ' ', 1178520);

insert into CRAPPOD (CDCOOPER, NRCTAPRO, NRCPFPRO, CDDPODER, FLGCONJU, FLGISOLA, DSOUTPOD, NRDCONTA)
values (2, 84862793, 12017761982, 1, 1, 0, ' ', 1178520);

insert into CRAPPOD (CDCOOPER, NRCTAPRO, NRCPFPRO, CDDPODER, FLGCONJU, FLGISOLA, DSOUTPOD, NRDCONTA)
values (2, 84862793, 12017761982, 2, 1, 0, ' ', 1178520);

insert into CRAPPOD (CDCOOPER, NRCTAPRO, NRCPFPRO, CDDPODER, FLGCONJU, FLGISOLA, DSOUTPOD, NRDCONTA)
values (2, 84862793, 12017761982, 3, 1, 0, ' ', 1178520);

insert into CRAPPOD (CDCOOPER, NRCTAPRO, NRCPFPRO, CDDPODER, FLGCONJU, FLGISOLA, DSOUTPOD, NRDCONTA)
values (2, 84862793, 12017761982, 4, 1, 0, ' ', 1178520);

insert into CRAPPOD (CDCOOPER, NRCTAPRO, NRCPFPRO, CDDPODER, FLGCONJU, FLGISOLA, DSOUTPOD, NRDCONTA)
values (2, 84862793, 12017761982, 5, 1, 0, ' ', 1178520);

insert into CRAPPOD (CDCOOPER, NRCTAPRO, NRCPFPRO, CDDPODER, FLGCONJU, FLGISOLA, DSOUTPOD, NRDCONTA)
values (2, 84862793, 12017761982, 6, 1, 0, ' ', 1178520);

insert into CRAPPOD (CDCOOPER, NRCTAPRO, NRCPFPRO, CDDPODER, FLGCONJU, FLGISOLA, DSOUTPOD, NRDCONTA)
values (2, 84862793, 12017761982, 7, 1, 0, ' ', 1178520);

insert into CRAPPOD (CDCOOPER, NRCTAPRO, NRCPFPRO, CDDPODER, FLGCONJU, FLGISOLA, DSOUTPOD, NRDCONTA)
values (2, 84862793, 12017761982, 8, 1, 0, ' ', 1178520);

insert into CRAPPOD (CDCOOPER, NRCTAPRO, NRCPFPRO, CDDPODER, FLGCONJU, FLGISOLA, DSOUTPOD, NRDCONTA)
values (2, 84862793, 12017761982, 9, 0, 0, '####', 1178520);

insert into CRAPPOD (CDCOOPER, NRCTAPRO, NRCPFPRO, CDDPODER, FLGCONJU, FLGISOLA, DSOUTPOD, NRDCONTA)
values (2, 84862793, 12017761982, 10, 0, 0, ' ', 1178520);

insert into CRAPPOD (CDCOOPER, NRCTAPRO, NRCPFPRO, CDDPODER, FLGCONJU, FLGISOLA, DSOUTPOD, NRDCONTA)
values (2, 98916718, 12416682997, 1, 1, 0, ' ', 1178520);

insert into CRAPPOD (CDCOOPER, NRCTAPRO, NRCPFPRO, CDDPODER, FLGCONJU, FLGISOLA, DSOUTPOD, NRDCONTA)
values (2, 98916718, 12416682997, 2, 1, 0, ' ', 1178520);

insert into CRAPPOD (CDCOOPER, NRCTAPRO, NRCPFPRO, CDDPODER, FLGCONJU, FLGISOLA, DSOUTPOD, NRDCONTA)
values (2, 98916718, 12416682997, 3, 1, 0, ' ', 1178520);

insert into CRAPPOD (CDCOOPER, NRCTAPRO, NRCPFPRO, CDDPODER, FLGCONJU, FLGISOLA, DSOUTPOD, NRDCONTA)
values (2, 98916718, 12416682997, 4, 1, 0, ' ', 1178520);

insert into CRAPPOD (CDCOOPER, NRCTAPRO, NRCPFPRO, CDDPODER, FLGCONJU, FLGISOLA, DSOUTPOD, NRDCONTA)
values (2, 98916718, 12416682997, 5, 1, 0, ' ', 1178520);

insert into CRAPPOD (CDCOOPER, NRCTAPRO, NRCPFPRO, CDDPODER, FLGCONJU, FLGISOLA, DSOUTPOD, NRDCONTA)
values (2, 98916718, 12416682997, 6, 1, 0, ' ', 1178520);

insert into CRAPPOD (CDCOOPER, NRCTAPRO, NRCPFPRO, CDDPODER, FLGCONJU, FLGISOLA, DSOUTPOD, NRDCONTA)
values (2, 98916718, 12416682997, 7, 1, 0, ' ', 1178520);

insert into CRAPPOD (CDCOOPER, NRCTAPRO, NRCPFPRO, CDDPODER, FLGCONJU, FLGISOLA, DSOUTPOD, NRDCONTA)
values (2, 98916718, 12416682997, 8, 1, 0, ' ', 1178520);

insert into CRAPPOD (CDCOOPER, NRCTAPRO, NRCPFPRO, CDDPODER, FLGCONJU, FLGISOLA, DSOUTPOD, NRDCONTA)
values (2, 98916718, 12416682997, 9, 0, 0, '####', 1178520);

insert into CRAPPOD (CDCOOPER, NRCTAPRO, NRCPFPRO, CDDPODER, FLGCONJU, FLGISOLA, DSOUTPOD, NRDCONTA)
values (2, 98916718, 12416682997, 10, 0, 0, ' ', 1178520);

insert into CRAPPOD (CDCOOPER, NRCTAPRO, NRCPFPRO, CDDPODER, FLGCONJU, FLGISOLA, DSOUTPOD, NRDCONTA)
values (5, 99658550, 2700036905, 1, 1, 0, ' ', 365343);

insert into CRAPPOD (CDCOOPER, NRCTAPRO, NRCPFPRO, CDDPODER, FLGCONJU, FLGISOLA, DSOUTPOD, NRDCONTA)
values (5, 99658550, 2700036905, 2, 1, 0, ' ', 365343);

insert into CRAPPOD (CDCOOPER, NRCTAPRO, NRCPFPRO, CDDPODER, FLGCONJU, FLGISOLA, DSOUTPOD, NRDCONTA)
values (5, 99658550, 2700036905, 3, 1, 0, ' ', 365343);

insert into CRAPPOD (CDCOOPER, NRCTAPRO, NRCPFPRO, CDDPODER, FLGCONJU, FLGISOLA, DSOUTPOD, NRDCONTA)
values (5, 99658550, 2700036905, 4, 1, 0, ' ', 365343);

insert into CRAPPOD (CDCOOPER, NRCTAPRO, NRCPFPRO, CDDPODER, FLGCONJU, FLGISOLA, DSOUTPOD, NRDCONTA)
values (5, 99658550, 2700036905, 5, 1, 0, ' ', 365343);

insert into CRAPPOD (CDCOOPER, NRCTAPRO, NRCPFPRO, CDDPODER, FLGCONJU, FLGISOLA, DSOUTPOD, NRDCONTA)
values (5, 99658550, 2700036905, 6, 1, 0, ' ', 365343);

insert into CRAPPOD (CDCOOPER, NRCTAPRO, NRCPFPRO, CDDPODER, FLGCONJU, FLGISOLA, DSOUTPOD, NRDCONTA)
values (5, 99658550, 2700036905, 7, 1, 0, ' ', 365343);

insert into CRAPPOD (CDCOOPER, NRCTAPRO, NRCPFPRO, CDDPODER, FLGCONJU, FLGISOLA, DSOUTPOD, NRDCONTA)
values (5, 99658550, 2700036905, 8, 1, 0, ' ', 365343);

insert into CRAPPOD (CDCOOPER, NRCTAPRO, NRCPFPRO, CDDPODER, FLGCONJU, FLGISOLA, DSOUTPOD, NRDCONTA)
values (5, 99658550, 2700036905, 9, 0, 0, '####', 365343);

insert into CRAPPOD (CDCOOPER, NRCTAPRO, NRCPFPRO, CDDPODER, FLGCONJU, FLGISOLA, DSOUTPOD, NRDCONTA)
values (5, 99658550, 2700036905, 10, 0, 0, ' ', 365343);

insert into CRAPPOD (CDCOOPER, NRCTAPRO, NRCPFPRO, CDDPODER, FLGCONJU, FLGISOLA, DSOUTPOD, NRDCONTA)
values (5, 99658704, 2575561922, 1, 1, 0, ' ', 365343);

insert into CRAPPOD (CDCOOPER, NRCTAPRO, NRCPFPRO, CDDPODER, FLGCONJU, FLGISOLA, DSOUTPOD, NRDCONTA)
values (5, 99658704, 2575561922, 2, 1, 0, ' ', 365343);

insert into CRAPPOD (CDCOOPER, NRCTAPRO, NRCPFPRO, CDDPODER, FLGCONJU, FLGISOLA, DSOUTPOD, NRDCONTA)
values (5, 99658704, 2575561922, 3, 1, 0, ' ', 365343);

insert into CRAPPOD (CDCOOPER, NRCTAPRO, NRCPFPRO, CDDPODER, FLGCONJU, FLGISOLA, DSOUTPOD, NRDCONTA)
values (5, 99658704, 2575561922, 4, 1, 0, ' ', 365343);

insert into CRAPPOD (CDCOOPER, NRCTAPRO, NRCPFPRO, CDDPODER, FLGCONJU, FLGISOLA, DSOUTPOD, NRDCONTA)
values (5, 99658704, 2575561922, 5, 1, 0, ' ', 365343);

insert into CRAPPOD (CDCOOPER, NRCTAPRO, NRCPFPRO, CDDPODER, FLGCONJU, FLGISOLA, DSOUTPOD, NRDCONTA)
values (5, 99658704, 2575561922, 6, 1, 0, ' ', 365343);

insert into CRAPPOD (CDCOOPER, NRCTAPRO, NRCPFPRO, CDDPODER, FLGCONJU, FLGISOLA, DSOUTPOD, NRDCONTA)
values (5, 99658704, 2575561922, 7, 1, 0, ' ', 365343);

insert into CRAPPOD (CDCOOPER, NRCTAPRO, NRCPFPRO, CDDPODER, FLGCONJU, FLGISOLA, DSOUTPOD, NRDCONTA)
values (5, 99658704, 2575561922, 8, 1, 0, ' ', 365343);

insert into CRAPPOD (CDCOOPER, NRCTAPRO, NRCPFPRO, CDDPODER, FLGCONJU, FLGISOLA, DSOUTPOD, NRDCONTA)
values (5, 99658704, 2575561922, 9, 0, 0, '####', 365343);

insert into CRAPPOD (CDCOOPER, NRCTAPRO, NRCPFPRO, CDDPODER, FLGCONJU, FLGISOLA, DSOUTPOD, NRDCONTA)
values (5, 99658704, 2575561922, 10, 0, 0, ' ', 365343);

insert into CRAPPOD (CDCOOPER, NRCTAPRO, NRCPFPRO, CDDPODER, FLGCONJU, FLGISOLA, DSOUTPOD, NRDCONTA)
values (6, 99749068, 397850921, 1, 1, 0, ' ', 268291);

insert into CRAPPOD (CDCOOPER, NRCTAPRO, NRCPFPRO, CDDPODER, FLGCONJU, FLGISOLA, DSOUTPOD, NRDCONTA)
values (6, 99749068, 397850921, 2, 1, 0, ' ', 268291);

insert into CRAPPOD (CDCOOPER, NRCTAPRO, NRCPFPRO, CDDPODER, FLGCONJU, FLGISOLA, DSOUTPOD, NRDCONTA)
values (6, 99749068, 397850921, 3, 1, 0, ' ', 268291);

insert into CRAPPOD (CDCOOPER, NRCTAPRO, NRCPFPRO, CDDPODER, FLGCONJU, FLGISOLA, DSOUTPOD, NRDCONTA)
values (6, 99749068, 397850921, 4, 1, 0, ' ', 268291);

insert into CRAPPOD (CDCOOPER, NRCTAPRO, NRCPFPRO, CDDPODER, FLGCONJU, FLGISOLA, DSOUTPOD, NRDCONTA)
values (6, 99749068, 397850921, 5, 1, 0, ' ', 268291);

insert into CRAPPOD (CDCOOPER, NRCTAPRO, NRCPFPRO, CDDPODER, FLGCONJU, FLGISOLA, DSOUTPOD, NRDCONTA)
values (6, 99749068, 397850921, 6, 1, 0, ' ', 268291);

insert into CRAPPOD (CDCOOPER, NRCTAPRO, NRCPFPRO, CDDPODER, FLGCONJU, FLGISOLA, DSOUTPOD, NRDCONTA)
values (6, 99749068, 397850921, 7, 1, 0, ' ', 268291);

insert into CRAPPOD (CDCOOPER, NRCTAPRO, NRCPFPRO, CDDPODER, FLGCONJU, FLGISOLA, DSOUTPOD, NRDCONTA)
values (6, 99749068, 397850921, 8, 1, 0, ' ', 268291);

insert into CRAPPOD (CDCOOPER, NRCTAPRO, NRCPFPRO, CDDPODER, FLGCONJU, FLGISOLA, DSOUTPOD, NRDCONTA)
values (6, 99749068, 397850921, 9, 0, 0, '####', 268291);

insert into CRAPPOD (CDCOOPER, NRCTAPRO, NRCPFPRO, CDDPODER, FLGCONJU, FLGISOLA, DSOUTPOD, NRDCONTA)
values (6, 99749068, 397850921, 10, 0, 0, ' ', 268291);

insert into CRAPPOD (CDCOOPER, NRCTAPRO, NRCPFPRO, CDDPODER, FLGCONJU, FLGISOLA, DSOUTPOD, NRDCONTA)
values (6, 99750198, 7456500908, 1, 1, 0, ' ', 268291);

insert into CRAPPOD (CDCOOPER, NRCTAPRO, NRCPFPRO, CDDPODER, FLGCONJU, FLGISOLA, DSOUTPOD, NRDCONTA)
values (6, 99750198, 7456500908, 2, 1, 0, ' ', 268291);

insert into CRAPPOD (CDCOOPER, NRCTAPRO, NRCPFPRO, CDDPODER, FLGCONJU, FLGISOLA, DSOUTPOD, NRDCONTA)
values (6, 99750198, 7456500908, 3, 1, 0, ' ', 268291);

insert into CRAPPOD (CDCOOPER, NRCTAPRO, NRCPFPRO, CDDPODER, FLGCONJU, FLGISOLA, DSOUTPOD, NRDCONTA)
values (6, 99750198, 7456500908, 4, 1, 0, ' ', 268291);

insert into CRAPPOD (CDCOOPER, NRCTAPRO, NRCPFPRO, CDDPODER, FLGCONJU, FLGISOLA, DSOUTPOD, NRDCONTA)
values (6, 99750198, 7456500908, 5, 1, 0, ' ', 268291);

insert into CRAPPOD (CDCOOPER, NRCTAPRO, NRCPFPRO, CDDPODER, FLGCONJU, FLGISOLA, DSOUTPOD, NRDCONTA)
values (6, 99750198, 7456500908, 6, 1, 0, ' ', 268291);

insert into CRAPPOD (CDCOOPER, NRCTAPRO, NRCPFPRO, CDDPODER, FLGCONJU, FLGISOLA, DSOUTPOD, NRDCONTA)
values (6, 99750198, 7456500908, 7, 1, 0, ' ', 268291);

insert into CRAPPOD (CDCOOPER, NRCTAPRO, NRCPFPRO, CDDPODER, FLGCONJU, FLGISOLA, DSOUTPOD, NRDCONTA)
values (6, 99750198, 7456500908, 8, 1, 0, ' ', 268291);

insert into CRAPPOD (CDCOOPER, NRCTAPRO, NRCPFPRO, CDDPODER, FLGCONJU, FLGISOLA, DSOUTPOD, NRDCONTA)
values (6, 99750198, 7456500908, 9, 0, 0, '####', 268291);

insert into CRAPPOD (CDCOOPER, NRCTAPRO, NRCPFPRO, CDDPODER, FLGCONJU, FLGISOLA, DSOUTPOD, NRDCONTA)
values (6, 99750198, 7456500908, 10, 0, 0, ' ', 268291);

insert into CRAPPOD (CDCOOPER, NRCTAPRO, NRCPFPRO, CDDPODER, FLGCONJU, FLGISOLA, DSOUTPOD, NRDCONTA)
values (7, 99575892, 8273452913, 1, 1, 0, ' ', 452041);

insert into CRAPPOD (CDCOOPER, NRCTAPRO, NRCPFPRO, CDDPODER, FLGCONJU, FLGISOLA, DSOUTPOD, NRDCONTA)
values (7, 99575892, 8273452913, 2, 1, 0, ' ', 452041);

insert into CRAPPOD (CDCOOPER, NRCTAPRO, NRCPFPRO, CDDPODER, FLGCONJU, FLGISOLA, DSOUTPOD, NRDCONTA)
values (7, 99575892, 8273452913, 3, 1, 0, ' ', 452041);

insert into CRAPPOD (CDCOOPER, NRCTAPRO, NRCPFPRO, CDDPODER, FLGCONJU, FLGISOLA, DSOUTPOD, NRDCONTA)
values (7, 99575892, 8273452913, 4, 1, 0, ' ', 452041);

insert into CRAPPOD (CDCOOPER, NRCTAPRO, NRCPFPRO, CDDPODER, FLGCONJU, FLGISOLA, DSOUTPOD, NRDCONTA)
values (7, 99575892, 8273452913, 5, 1, 0, ' ', 452041);

insert into CRAPPOD (CDCOOPER, NRCTAPRO, NRCPFPRO, CDDPODER, FLGCONJU, FLGISOLA, DSOUTPOD, NRDCONTA)
values (7, 99575892, 8273452913, 6, 1, 0, ' ', 452041);

insert into CRAPPOD (CDCOOPER, NRCTAPRO, NRCPFPRO, CDDPODER, FLGCONJU, FLGISOLA, DSOUTPOD, NRDCONTA)
values (7, 99575892, 8273452913, 7, 1, 0, ' ', 452041);

insert into CRAPPOD (CDCOOPER, NRCTAPRO, NRCPFPRO, CDDPODER, FLGCONJU, FLGISOLA, DSOUTPOD, NRDCONTA)
values (7, 99575892, 8273452913, 8, 1, 0, ' ', 452041);

insert into CRAPPOD (CDCOOPER, NRCTAPRO, NRCPFPRO, CDDPODER, FLGCONJU, FLGISOLA, DSOUTPOD, NRDCONTA)
values (7, 99575892, 8273452913, 9, 0, 0, '####', 452041);

insert into CRAPPOD (CDCOOPER, NRCTAPRO, NRCPFPRO, CDDPODER, FLGCONJU, FLGISOLA, DSOUTPOD, NRDCONTA)
values (7, 99575892, 8273452913, 10, 0, 0, ' ', 452041);

insert into CRAPPOD (CDCOOPER, NRCTAPRO, NRCPFPRO, CDDPODER, FLGCONJU, FLGISOLA, DSOUTPOD, NRDCONTA)
values (7, 99576694, 9202257990, 1, 1, 0, ' ', 452041);

insert into CRAPPOD (CDCOOPER, NRCTAPRO, NRCPFPRO, CDDPODER, FLGCONJU, FLGISOLA, DSOUTPOD, NRDCONTA)
values (7, 99576694, 9202257990, 2, 1, 0, ' ', 452041);

insert into CRAPPOD (CDCOOPER, NRCTAPRO, NRCPFPRO, CDDPODER, FLGCONJU, FLGISOLA, DSOUTPOD, NRDCONTA)
values (7, 99576694, 9202257990, 3, 1, 0, ' ', 452041);

insert into CRAPPOD (CDCOOPER, NRCTAPRO, NRCPFPRO, CDDPODER, FLGCONJU, FLGISOLA, DSOUTPOD, NRDCONTA)
values (7, 99576694, 9202257990, 4, 1, 0, ' ', 452041);

insert into CRAPPOD (CDCOOPER, NRCTAPRO, NRCPFPRO, CDDPODER, FLGCONJU, FLGISOLA, DSOUTPOD, NRDCONTA)
values (7, 99576694, 9202257990, 5, 1, 0, ' ', 452041);

insert into CRAPPOD (CDCOOPER, NRCTAPRO, NRCPFPRO, CDDPODER, FLGCONJU, FLGISOLA, DSOUTPOD, NRDCONTA)
values (7, 99576694, 9202257990, 6, 1, 0, ' ', 452041);

insert into CRAPPOD (CDCOOPER, NRCTAPRO, NRCPFPRO, CDDPODER, FLGCONJU, FLGISOLA, DSOUTPOD, NRDCONTA)
values (7, 99576694, 9202257990, 7, 1, 0, ' ', 452041);

insert into CRAPPOD (CDCOOPER, NRCTAPRO, NRCPFPRO, CDDPODER, FLGCONJU, FLGISOLA, DSOUTPOD, NRDCONTA)
values (7, 99576694, 9202257990, 8, 1, 0, ' ', 452041);

insert into CRAPPOD (CDCOOPER, NRCTAPRO, NRCPFPRO, CDDPODER, FLGCONJU, FLGISOLA, DSOUTPOD, NRDCONTA)
values (7, 99576694, 9202257990, 9, 0, 0, '####', 452041);

insert into CRAPPOD (CDCOOPER, NRCTAPRO, NRCPFPRO, CDDPODER, FLGCONJU, FLGISOLA, DSOUTPOD, NRDCONTA)
values (7, 99576694, 9202257990, 10, 0, 0, ' ', 452041);

insert into CRAPPOD (CDCOOPER, NRCTAPRO, NRCPFPRO, CDDPODER, FLGCONJU, FLGISOLA, DSOUTPOD, NRDCONTA)
values (8, 99939380, 722827970, 1, 1, 0, ' ', 64149);

insert into CRAPPOD (CDCOOPER, NRCTAPRO, NRCPFPRO, CDDPODER, FLGCONJU, FLGISOLA, DSOUTPOD, NRDCONTA)
values (8, 99939380, 722827970, 2, 1, 0, ' ', 64149);

insert into CRAPPOD (CDCOOPER, NRCTAPRO, NRCPFPRO, CDDPODER, FLGCONJU, FLGISOLA, DSOUTPOD, NRDCONTA)
values (8, 99939380, 722827970, 3, 1, 0, ' ', 64149);

insert into CRAPPOD (CDCOOPER, NRCTAPRO, NRCPFPRO, CDDPODER, FLGCONJU, FLGISOLA, DSOUTPOD, NRDCONTA)
values (8, 99939380, 722827970, 4, 1, 0, ' ', 64149);

insert into CRAPPOD (CDCOOPER, NRCTAPRO, NRCPFPRO, CDDPODER, FLGCONJU, FLGISOLA, DSOUTPOD, NRDCONTA)
values (8, 99939380, 722827970, 5, 1, 0, ' ', 64149);

insert into CRAPPOD (CDCOOPER, NRCTAPRO, NRCPFPRO, CDDPODER, FLGCONJU, FLGISOLA, DSOUTPOD, NRDCONTA)
values (8, 99939380, 722827970, 6, 1, 0, ' ', 64149);

insert into CRAPPOD (CDCOOPER, NRCTAPRO, NRCPFPRO, CDDPODER, FLGCONJU, FLGISOLA, DSOUTPOD, NRDCONTA)
values (8, 99939380, 722827970, 7, 1, 0, ' ', 64149);

insert into CRAPPOD (CDCOOPER, NRCTAPRO, NRCPFPRO, CDDPODER, FLGCONJU, FLGISOLA, DSOUTPOD, NRDCONTA)
values (8, 99939380, 722827970, 8, 1, 0, ' ', 64149);

insert into CRAPPOD (CDCOOPER, NRCTAPRO, NRCPFPRO, CDDPODER, FLGCONJU, FLGISOLA, DSOUTPOD, NRDCONTA)
values (8, 99939380, 722827970, 9, 0, 0, '####', 64149);

insert into CRAPPOD (CDCOOPER, NRCTAPRO, NRCPFPRO, CDDPODER, FLGCONJU, FLGISOLA, DSOUTPOD, NRDCONTA)
values (8, 99939380, 722827970, 10, 0, 0, ' ', 64149);

insert into CRAPPOD (CDCOOPER, NRCTAPRO, NRCPFPRO, CDDPODER, FLGCONJU, FLGISOLA, DSOUTPOD, NRDCONTA)
values (8, 99939797, 9183983988, 1, 1, 0, ' ', 64149);

insert into CRAPPOD (CDCOOPER, NRCTAPRO, NRCPFPRO, CDDPODER, FLGCONJU, FLGISOLA, DSOUTPOD, NRDCONTA)
values (8, 99939797, 9183983988, 2, 1, 0, ' ', 64149);

insert into CRAPPOD (CDCOOPER, NRCTAPRO, NRCPFPRO, CDDPODER, FLGCONJU, FLGISOLA, DSOUTPOD, NRDCONTA)
values (8, 99939797, 9183983988, 3, 1, 0, ' ', 64149);

insert into CRAPPOD (CDCOOPER, NRCTAPRO, NRCPFPRO, CDDPODER, FLGCONJU, FLGISOLA, DSOUTPOD, NRDCONTA)
values (8, 99939797, 9183983988, 4, 1, 0, ' ', 64149);

insert into CRAPPOD (CDCOOPER, NRCTAPRO, NRCPFPRO, CDDPODER, FLGCONJU, FLGISOLA, DSOUTPOD, NRDCONTA)
values (8, 99939797, 9183983988, 5, 1, 0, ' ', 64149);

insert into CRAPPOD (CDCOOPER, NRCTAPRO, NRCPFPRO, CDDPODER, FLGCONJU, FLGISOLA, DSOUTPOD, NRDCONTA)
values (8, 99939797, 9183983988, 6, 1, 0, ' ', 64149);

insert into CRAPPOD (CDCOOPER, NRCTAPRO, NRCPFPRO, CDDPODER, FLGCONJU, FLGISOLA, DSOUTPOD, NRDCONTA)
values (8, 99939797, 9183983988, 7, 1, 0, ' ', 64149);

insert into CRAPPOD (CDCOOPER, NRCTAPRO, NRCPFPRO, CDDPODER, FLGCONJU, FLGISOLA, DSOUTPOD, NRDCONTA)
values (8, 99939797, 9183983988, 8, 1, 0, ' ', 64149);

insert into CRAPPOD (CDCOOPER, NRCTAPRO, NRCPFPRO, CDDPODER, FLGCONJU, FLGISOLA, DSOUTPOD, NRDCONTA)
values (8, 99939797, 9183983988, 9, 0, 0, '####', 64149);

insert into CRAPPOD (CDCOOPER, NRCTAPRO, NRCPFPRO, CDDPODER, FLGCONJU, FLGISOLA, DSOUTPOD, NRDCONTA)
values (8, 99939797, 9183983988, 10, 0, 0, ' ', 64149);

insert into CRAPPOD (CDCOOPER, NRCTAPRO, NRCPFPRO, CDDPODER, FLGCONJU, FLGISOLA, DSOUTPOD, NRDCONTA)
values (9, 99544962, 6349421906, 1, 1, 0, ' ', 564699);

insert into CRAPPOD (CDCOOPER, NRCTAPRO, NRCPFPRO, CDDPODER, FLGCONJU, FLGISOLA, DSOUTPOD, NRDCONTA)
values (9, 99544962, 6349421906, 2, 1, 0, ' ', 564699);

insert into CRAPPOD (CDCOOPER, NRCTAPRO, NRCPFPRO, CDDPODER, FLGCONJU, FLGISOLA, DSOUTPOD, NRDCONTA)
values (9, 99544962, 6349421906, 3, 1, 0, ' ', 564699);

insert into CRAPPOD (CDCOOPER, NRCTAPRO, NRCPFPRO, CDDPODER, FLGCONJU, FLGISOLA, DSOUTPOD, NRDCONTA)
values (9, 99544962, 6349421906, 4, 1, 0, ' ', 564699);

insert into CRAPPOD (CDCOOPER, NRCTAPRO, NRCPFPRO, CDDPODER, FLGCONJU, FLGISOLA, DSOUTPOD, NRDCONTA)
values (9, 99544962, 6349421906, 5, 1, 0, ' ', 564699);

insert into CRAPPOD (CDCOOPER, NRCTAPRO, NRCPFPRO, CDDPODER, FLGCONJU, FLGISOLA, DSOUTPOD, NRDCONTA)
values (9, 99544962, 6349421906, 6, 1, 0, ' ', 564699);

insert into CRAPPOD (CDCOOPER, NRCTAPRO, NRCPFPRO, CDDPODER, FLGCONJU, FLGISOLA, DSOUTPOD, NRDCONTA)
values (9, 99544962, 6349421906, 7, 1, 0, ' ', 564699);

insert into CRAPPOD (CDCOOPER, NRCTAPRO, NRCPFPRO, CDDPODER, FLGCONJU, FLGISOLA, DSOUTPOD, NRDCONTA)
values (9, 99544962, 6349421906, 8, 1, 0, ' ', 564699);

insert into CRAPPOD (CDCOOPER, NRCTAPRO, NRCPFPRO, CDDPODER, FLGCONJU, FLGISOLA, DSOUTPOD, NRDCONTA)
values (9, 99544962, 6349421906, 9, 0, 0, '####', 564699);

insert into CRAPPOD (CDCOOPER, NRCTAPRO, NRCPFPRO, CDDPODER, FLGCONJU, FLGISOLA, DSOUTPOD, NRDCONTA)
values (9, 99544962, 6349421906, 10, 0, 0, ' ', 564699);

insert into CRAPPOD (CDCOOPER, NRCTAPRO, NRCPFPRO, CDDPODER, FLGCONJU, FLGISOLA, DSOUTPOD, NRDCONTA)
values (10, 99784874, 8030239955, 1, 1, 0, ' ', 241830);

insert into CRAPPOD (CDCOOPER, NRCTAPRO, NRCPFPRO, CDDPODER, FLGCONJU, FLGISOLA, DSOUTPOD, NRDCONTA)
values (10, 99784874, 8030239955, 2, 1, 0, ' ', 241830);

insert into CRAPPOD (CDCOOPER, NRCTAPRO, NRCPFPRO, CDDPODER, FLGCONJU, FLGISOLA, DSOUTPOD, NRDCONTA)
values (10, 99784874, 8030239955, 3, 1, 0, ' ', 241830);

insert into CRAPPOD (CDCOOPER, NRCTAPRO, NRCPFPRO, CDDPODER, FLGCONJU, FLGISOLA, DSOUTPOD, NRDCONTA)
values (10, 99784874, 8030239955, 4, 1, 0, ' ', 241830);

insert into CRAPPOD (CDCOOPER, NRCTAPRO, NRCPFPRO, CDDPODER, FLGCONJU, FLGISOLA, DSOUTPOD, NRDCONTA)
values (10, 99784874, 8030239955, 5, 1, 0, ' ', 241830);

insert into CRAPPOD (CDCOOPER, NRCTAPRO, NRCPFPRO, CDDPODER, FLGCONJU, FLGISOLA, DSOUTPOD, NRDCONTA)
values (10, 99784874, 8030239955, 6, 1, 0, ' ', 241830);

insert into CRAPPOD (CDCOOPER, NRCTAPRO, NRCPFPRO, CDDPODER, FLGCONJU, FLGISOLA, DSOUTPOD, NRDCONTA)
values (10, 99784874, 8030239955, 7, 1, 0, ' ', 241830);

insert into CRAPPOD (CDCOOPER, NRCTAPRO, NRCPFPRO, CDDPODER, FLGCONJU, FLGISOLA, DSOUTPOD, NRDCONTA)
values (10, 99784874, 8030239955, 8, 1, 0, ' ', 241830);

insert into CRAPPOD (CDCOOPER, NRCTAPRO, NRCPFPRO, CDDPODER, FLGCONJU, FLGISOLA, DSOUTPOD, NRDCONTA)
values (10, 99784874, 8030239955, 9, 0, 0, '####', 241830);

insert into CRAPPOD (CDCOOPER, NRCTAPRO, NRCPFPRO, CDDPODER, FLGCONJU, FLGISOLA, DSOUTPOD, NRDCONTA)
values (10, 99784874, 8030239955, 10, 0, 0, ' ', 241830);

insert into CRAPPOD (CDCOOPER, NRCTAPRO, NRCPFPRO, CDDPODER, FLGCONJU, FLGISOLA, DSOUTPOD, NRDCONTA)
values (10, 99784890, 8379792939, 1, 1, 0, ' ', 241830);

insert into CRAPPOD (CDCOOPER, NRCTAPRO, NRCPFPRO, CDDPODER, FLGCONJU, FLGISOLA, DSOUTPOD, NRDCONTA)
values (10, 99784890, 8379792939, 2, 1, 0, ' ', 241830);

insert into CRAPPOD (CDCOOPER, NRCTAPRO, NRCPFPRO, CDDPODER, FLGCONJU, FLGISOLA, DSOUTPOD, NRDCONTA)
values (10, 99784890, 8379792939, 3, 1, 0, ' ', 241830);

insert into CRAPPOD (CDCOOPER, NRCTAPRO, NRCPFPRO, CDDPODER, FLGCONJU, FLGISOLA, DSOUTPOD, NRDCONTA)
values (10, 99784890, 8379792939, 4, 1, 0, ' ', 241830);

insert into CRAPPOD (CDCOOPER, NRCTAPRO, NRCPFPRO, CDDPODER, FLGCONJU, FLGISOLA, DSOUTPOD, NRDCONTA)
values (10, 99784890, 8379792939, 5, 1, 0, ' ', 241830);

insert into CRAPPOD (CDCOOPER, NRCTAPRO, NRCPFPRO, CDDPODER, FLGCONJU, FLGISOLA, DSOUTPOD, NRDCONTA)
values (10, 99784890, 8379792939, 6, 1, 0, ' ', 241830);

insert into CRAPPOD (CDCOOPER, NRCTAPRO, NRCPFPRO, CDDPODER, FLGCONJU, FLGISOLA, DSOUTPOD, NRDCONTA)
values (10, 99784890, 8379792939, 7, 1, 0, ' ', 241830);

insert into CRAPPOD (CDCOOPER, NRCTAPRO, NRCPFPRO, CDDPODER, FLGCONJU, FLGISOLA, DSOUTPOD, NRDCONTA)
values (10, 99784890, 8379792939, 8, 1, 0, ' ', 241830);

insert into CRAPPOD (CDCOOPER, NRCTAPRO, NRCPFPRO, CDDPODER, FLGCONJU, FLGISOLA, DSOUTPOD, NRDCONTA)
values (10, 99784890, 8379792939, 9, 0, 0, '####', 241830);

insert into CRAPPOD (CDCOOPER, NRCTAPRO, NRCPFPRO, CDDPODER, FLGCONJU, FLGISOLA, DSOUTPOD, NRDCONTA)
values (10, 99784890, 8379792939, 10, 0, 0, ' ', 241830);

insert into CRAPPOD (CDCOOPER, NRCTAPRO, NRCPFPRO, CDDPODER, FLGCONJU, FLGISOLA, DSOUTPOD, NRDCONTA)
values (11, 99125706, 2884082921, 1, 1, 0, ' ', 970786);

insert into CRAPPOD (CDCOOPER, NRCTAPRO, NRCPFPRO, CDDPODER, FLGCONJU, FLGISOLA, DSOUTPOD, NRDCONTA)
values (11, 99125706, 2884082921, 2, 1, 0, ' ', 970786);

insert into CRAPPOD (CDCOOPER, NRCTAPRO, NRCPFPRO, CDDPODER, FLGCONJU, FLGISOLA, DSOUTPOD, NRDCONTA)
values (11, 99125706, 2884082921, 3, 1, 0, ' ', 970786);

insert into CRAPPOD (CDCOOPER, NRCTAPRO, NRCPFPRO, CDDPODER, FLGCONJU, FLGISOLA, DSOUTPOD, NRDCONTA)
values (11, 99125706, 2884082921, 4, 1, 0, ' ', 970786);

insert into CRAPPOD (CDCOOPER, NRCTAPRO, NRCPFPRO, CDDPODER, FLGCONJU, FLGISOLA, DSOUTPOD, NRDCONTA)
values (11, 99125706, 2884082921, 5, 1, 0, ' ', 970786);

insert into CRAPPOD (CDCOOPER, NRCTAPRO, NRCPFPRO, CDDPODER, FLGCONJU, FLGISOLA, DSOUTPOD, NRDCONTA)
values (11, 99125706, 2884082921, 6, 1, 0, ' ', 970786);

insert into CRAPPOD (CDCOOPER, NRCTAPRO, NRCPFPRO, CDDPODER, FLGCONJU, FLGISOLA, DSOUTPOD, NRDCONTA)
values (11, 99125706, 2884082921, 7, 1, 0, ' ', 970786);

insert into CRAPPOD (CDCOOPER, NRCTAPRO, NRCPFPRO, CDDPODER, FLGCONJU, FLGISOLA, DSOUTPOD, NRDCONTA)
values (11, 99125706, 2884082921, 8, 1, 0, ' ', 970786);

insert into CRAPPOD (CDCOOPER, NRCTAPRO, NRCPFPRO, CDDPODER, FLGCONJU, FLGISOLA, DSOUTPOD, NRDCONTA)
values (11, 99125706, 2884082921, 9, 0, 0, '####', 970786);

insert into CRAPPOD (CDCOOPER, NRCTAPRO, NRCPFPRO, CDDPODER, FLGCONJU, FLGISOLA, DSOUTPOD, NRDCONTA)
values (11, 99125706, 2884082921, 10, 0, 0, ' ', 970786);

insert into CRAPPOD (CDCOOPER, NRCTAPRO, NRCPFPRO, CDDPODER, FLGCONJU, FLGISOLA, DSOUTPOD, NRDCONTA)
values (11, 99125714, 10257190937, 1, 1, 0, ' ', 970786);

insert into CRAPPOD (CDCOOPER, NRCTAPRO, NRCPFPRO, CDDPODER, FLGCONJU, FLGISOLA, DSOUTPOD, NRDCONTA)
values (11, 99125714, 10257190937, 2, 1, 0, ' ', 970786);

insert into CRAPPOD (CDCOOPER, NRCTAPRO, NRCPFPRO, CDDPODER, FLGCONJU, FLGISOLA, DSOUTPOD, NRDCONTA)
values (11, 99125714, 10257190937, 3, 1, 0, ' ', 970786);

insert into CRAPPOD (CDCOOPER, NRCTAPRO, NRCPFPRO, CDDPODER, FLGCONJU, FLGISOLA, DSOUTPOD, NRDCONTA)
values (11, 99125714, 10257190937, 4, 1, 0, ' ', 970786);

insert into CRAPPOD (CDCOOPER, NRCTAPRO, NRCPFPRO, CDDPODER, FLGCONJU, FLGISOLA, DSOUTPOD, NRDCONTA)
values (11, 99125714, 10257190937, 5, 1, 0, ' ', 970786);

insert into CRAPPOD (CDCOOPER, NRCTAPRO, NRCPFPRO, CDDPODER, FLGCONJU, FLGISOLA, DSOUTPOD, NRDCONTA)
values (11, 99125714, 10257190937, 6, 1, 0, ' ', 970786);

insert into CRAPPOD (CDCOOPER, NRCTAPRO, NRCPFPRO, CDDPODER, FLGCONJU, FLGISOLA, DSOUTPOD, NRDCONTA)
values (11, 99125714, 10257190937, 7, 1, 0, ' ', 970786);

insert into CRAPPOD (CDCOOPER, NRCTAPRO, NRCPFPRO, CDDPODER, FLGCONJU, FLGISOLA, DSOUTPOD, NRDCONTA)
values (11, 99125714, 10257190937, 8, 1, 0, ' ', 970786);

insert into CRAPPOD (CDCOOPER, NRCTAPRO, NRCPFPRO, CDDPODER, FLGCONJU, FLGISOLA, DSOUTPOD, NRDCONTA)
values (11, 99125714, 10257190937, 9, 0, 0, '####', 970786);

insert into CRAPPOD (CDCOOPER, NRCTAPRO, NRCPFPRO, CDDPODER, FLGCONJU, FLGISOLA, DSOUTPOD, NRDCONTA)
values (11, 99125714, 10257190937, 10, 0, 0, ' ', 970786);

insert into CRAPPOD (CDCOOPER, NRCTAPRO, NRCPFPRO, CDDPODER, FLGCONJU, FLGISOLA, DSOUTPOD, NRDCONTA)
values (12, 99809958, 6689670996, 1, 1, 0, ' ', 211044);

insert into CRAPPOD (CDCOOPER, NRCTAPRO, NRCPFPRO, CDDPODER, FLGCONJU, FLGISOLA, DSOUTPOD, NRDCONTA)
values (12, 99809958, 6689670996, 2, 1, 0, ' ', 211044);

insert into CRAPPOD (CDCOOPER, NRCTAPRO, NRCPFPRO, CDDPODER, FLGCONJU, FLGISOLA, DSOUTPOD, NRDCONTA)
values (12, 99809958, 6689670996, 3, 1, 0, ' ', 211044);

insert into CRAPPOD (CDCOOPER, NRCTAPRO, NRCPFPRO, CDDPODER, FLGCONJU, FLGISOLA, DSOUTPOD, NRDCONTA)
values (12, 99809958, 6689670996, 4, 1, 0, ' ', 211044);

insert into CRAPPOD (CDCOOPER, NRCTAPRO, NRCPFPRO, CDDPODER, FLGCONJU, FLGISOLA, DSOUTPOD, NRDCONTA)
values (12, 99809958, 6689670996, 5, 1, 0, ' ', 211044);

insert into CRAPPOD (CDCOOPER, NRCTAPRO, NRCPFPRO, CDDPODER, FLGCONJU, FLGISOLA, DSOUTPOD, NRDCONTA)
values (12, 99809958, 6689670996, 6, 1, 0, ' ', 211044);

insert into CRAPPOD (CDCOOPER, NRCTAPRO, NRCPFPRO, CDDPODER, FLGCONJU, FLGISOLA, DSOUTPOD, NRDCONTA)
values (12, 99809958, 6689670996, 7, 1, 0, ' ', 211044);

insert into CRAPPOD (CDCOOPER, NRCTAPRO, NRCPFPRO, CDDPODER, FLGCONJU, FLGISOLA, DSOUTPOD, NRDCONTA)
values (12, 99809958, 6689670996, 8, 1, 0, ' ', 211044);

insert into CRAPPOD (CDCOOPER, NRCTAPRO, NRCPFPRO, CDDPODER, FLGCONJU, FLGISOLA, DSOUTPOD, NRDCONTA)
values (12, 99809958, 6689670996, 9, 0, 0, '####', 211044);

insert into CRAPPOD (CDCOOPER, NRCTAPRO, NRCPFPRO, CDDPODER, FLGCONJU, FLGISOLA, DSOUTPOD, NRDCONTA)
values (12, 99809958, 6689670996, 10, 0, 0, ' ', 211044);

insert into CRAPPOD (CDCOOPER, NRCTAPRO, NRCPFPRO, CDDPODER, FLGCONJU, FLGISOLA, DSOUTPOD, NRDCONTA)
values (12, 99810778, 37383940873, 1, 1, 0, ' ', 211044);

insert into CRAPPOD (CDCOOPER, NRCTAPRO, NRCPFPRO, CDDPODER, FLGCONJU, FLGISOLA, DSOUTPOD, NRDCONTA)
values (12, 99810778, 37383940873, 2, 1, 0, ' ', 211044);

insert into CRAPPOD (CDCOOPER, NRCTAPRO, NRCPFPRO, CDDPODER, FLGCONJU, FLGISOLA, DSOUTPOD, NRDCONTA)
values (12, 99810778, 37383940873, 3, 1, 0, ' ', 211044);

insert into CRAPPOD (CDCOOPER, NRCTAPRO, NRCPFPRO, CDDPODER, FLGCONJU, FLGISOLA, DSOUTPOD, NRDCONTA)
values (12, 99810778, 37383940873, 4, 1, 0, ' ', 211044);

insert into CRAPPOD (CDCOOPER, NRCTAPRO, NRCPFPRO, CDDPODER, FLGCONJU, FLGISOLA, DSOUTPOD, NRDCONTA)
values (12, 99810778, 37383940873, 5, 1, 0, ' ', 211044);

insert into CRAPPOD (CDCOOPER, NRCTAPRO, NRCPFPRO, CDDPODER, FLGCONJU, FLGISOLA, DSOUTPOD, NRDCONTA)
values (12, 99810778, 37383940873, 6, 1, 0, ' ', 211044);

insert into CRAPPOD (CDCOOPER, NRCTAPRO, NRCPFPRO, CDDPODER, FLGCONJU, FLGISOLA, DSOUTPOD, NRDCONTA)
values (12, 99810778, 37383940873, 7, 1, 0, ' ', 211044);

insert into CRAPPOD (CDCOOPER, NRCTAPRO, NRCPFPRO, CDDPODER, FLGCONJU, FLGISOLA, DSOUTPOD, NRDCONTA)
values (12, 99810778, 37383940873, 8, 1, 0, ' ', 211044);

insert into CRAPPOD (CDCOOPER, NRCTAPRO, NRCPFPRO, CDDPODER, FLGCONJU, FLGISOLA, DSOUTPOD, NRDCONTA)
values (12, 99810778, 37383940873, 9, 0, 0, '####', 211044);

insert into CRAPPOD (CDCOOPER, NRCTAPRO, NRCPFPRO, CDDPODER, FLGCONJU, FLGISOLA, DSOUTPOD, NRDCONTA)
values (12, 99810778, 37383940873, 10, 0, 0, ' ', 211044);

insert into CRAPPOD (CDCOOPER, NRCTAPRO, NRCPFPRO, CDDPODER, FLGCONJU, FLGISOLA, DSOUTPOD, NRDCONTA)
values (13, 99343746, 3440995984, 1, 0, 1, ' ', 746940);

insert into CRAPPOD (CDCOOPER, NRCTAPRO, NRCPFPRO, CDDPODER, FLGCONJU, FLGISOLA, DSOUTPOD, NRDCONTA)
values (13, 99343746, 3440995984, 2, 0, 1, ' ', 746940);

insert into CRAPPOD (CDCOOPER, NRCTAPRO, NRCPFPRO, CDDPODER, FLGCONJU, FLGISOLA, DSOUTPOD, NRDCONTA)
values (13, 99343746, 3440995984, 3, 0, 1, ' ', 746940);

insert into CRAPPOD (CDCOOPER, NRCTAPRO, NRCPFPRO, CDDPODER, FLGCONJU, FLGISOLA, DSOUTPOD, NRDCONTA)
values (13, 99343746, 3440995984, 4, 0, 1, ' ', 746940);

insert into CRAPPOD (CDCOOPER, NRCTAPRO, NRCPFPRO, CDDPODER, FLGCONJU, FLGISOLA, DSOUTPOD, NRDCONTA)
values (13, 99343746, 3440995984, 5, 0, 1, ' ', 746940);

insert into CRAPPOD (CDCOOPER, NRCTAPRO, NRCPFPRO, CDDPODER, FLGCONJU, FLGISOLA, DSOUTPOD, NRDCONTA)
values (13, 99343746, 3440995984, 6, 0, 1, ' ', 746940);

insert into CRAPPOD (CDCOOPER, NRCTAPRO, NRCPFPRO, CDDPODER, FLGCONJU, FLGISOLA, DSOUTPOD, NRDCONTA)
values (13, 99343746, 3440995984, 7, 0, 1, ' ', 746940);

insert into CRAPPOD (CDCOOPER, NRCTAPRO, NRCPFPRO, CDDPODER, FLGCONJU, FLGISOLA, DSOUTPOD, NRDCONTA)
values (13, 99343746, 3440995984, 8, 0, 1, ' ', 746940);

insert into CRAPPOD (CDCOOPER, NRCTAPRO, NRCPFPRO, CDDPODER, FLGCONJU, FLGISOLA, DSOUTPOD, NRDCONTA)
values (13, 99343746, 3440995984, 9, 0, 0, '####', 746940);

insert into CRAPPOD (CDCOOPER, NRCTAPRO, NRCPFPRO, CDDPODER, FLGCONJU, FLGISOLA, DSOUTPOD, NRDCONTA)
values (13, 99343746, 3440995984, 10, 0, 0, ' ', 746940);

insert into CRAPPOD (CDCOOPER, NRCTAPRO, NRCPFPRO, CDDPODER, FLGCONJU, FLGISOLA, DSOUTPOD, NRDCONTA)
values (13, 99345056, 7159852990, 1, 1, 0, ' ', 746940);

insert into CRAPPOD (CDCOOPER, NRCTAPRO, NRCPFPRO, CDDPODER, FLGCONJU, FLGISOLA, DSOUTPOD, NRDCONTA)
values (13, 99345056, 7159852990, 2, 1, 0, ' ', 746940);

insert into CRAPPOD (CDCOOPER, NRCTAPRO, NRCPFPRO, CDDPODER, FLGCONJU, FLGISOLA, DSOUTPOD, NRDCONTA)
values (13, 99345056, 7159852990, 3, 1, 0, ' ', 746940);

insert into CRAPPOD (CDCOOPER, NRCTAPRO, NRCPFPRO, CDDPODER, FLGCONJU, FLGISOLA, DSOUTPOD, NRDCONTA)
values (13, 99345056, 7159852990, 4, 1, 0, ' ', 746940);

insert into CRAPPOD (CDCOOPER, NRCTAPRO, NRCPFPRO, CDDPODER, FLGCONJU, FLGISOLA, DSOUTPOD, NRDCONTA)
values (13, 99345056, 7159852990, 5, 1, 0, ' ', 746940);

insert into CRAPPOD (CDCOOPER, NRCTAPRO, NRCPFPRO, CDDPODER, FLGCONJU, FLGISOLA, DSOUTPOD, NRDCONTA)
values (13, 99345056, 7159852990, 6, 1, 0, ' ', 746940);

insert into CRAPPOD (CDCOOPER, NRCTAPRO, NRCPFPRO, CDDPODER, FLGCONJU, FLGISOLA, DSOUTPOD, NRDCONTA)
values (13, 99345056, 7159852990, 7, 1, 0, ' ', 746940);

insert into CRAPPOD (CDCOOPER, NRCTAPRO, NRCPFPRO, CDDPODER, FLGCONJU, FLGISOLA, DSOUTPOD, NRDCONTA)
values (13, 99345056, 7159852990, 8, 1, 0, ' ', 746940);

insert into CRAPPOD (CDCOOPER, NRCTAPRO, NRCPFPRO, CDDPODER, FLGCONJU, FLGISOLA, DSOUTPOD, NRDCONTA)
values (13, 99345056, 7159852990, 9, 0, 0, '####', 746940);

insert into CRAPPOD (CDCOOPER, NRCTAPRO, NRCPFPRO, CDDPODER, FLGCONJU, FLGISOLA, DSOUTPOD, NRDCONTA)
values (13, 99345056, 7159852990, 10, 0, 0, ' ', 746940);

insert into CRAPPOD (CDCOOPER, NRCTAPRO, NRCPFPRO, CDDPODER, FLGCONJU, FLGISOLA, DSOUTPOD, NRDCONTA)
values (14, 99656469, 8562499986, 1, 1, 0, ' ', 403237);

insert into CRAPPOD (CDCOOPER, NRCTAPRO, NRCPFPRO, CDDPODER, FLGCONJU, FLGISOLA, DSOUTPOD, NRDCONTA)
values (14, 99656469, 8562499986, 2, 1, 0, ' ', 403237);

insert into CRAPPOD (CDCOOPER, NRCTAPRO, NRCPFPRO, CDDPODER, FLGCONJU, FLGISOLA, DSOUTPOD, NRDCONTA)
values (14, 99656469, 8562499986, 3, 1, 0, ' ', 403237);

insert into CRAPPOD (CDCOOPER, NRCTAPRO, NRCPFPRO, CDDPODER, FLGCONJU, FLGISOLA, DSOUTPOD, NRDCONTA)
values (14, 99656469, 8562499986, 4, 1, 0, ' ', 403237);

insert into CRAPPOD (CDCOOPER, NRCTAPRO, NRCPFPRO, CDDPODER, FLGCONJU, FLGISOLA, DSOUTPOD, NRDCONTA)
values (14, 99656469, 8562499986, 5, 1, 0, ' ', 403237);

insert into CRAPPOD (CDCOOPER, NRCTAPRO, NRCPFPRO, CDDPODER, FLGCONJU, FLGISOLA, DSOUTPOD, NRDCONTA)
values (14, 99656469, 8562499986, 6, 1, 0, ' ', 403237);

insert into CRAPPOD (CDCOOPER, NRCTAPRO, NRCPFPRO, CDDPODER, FLGCONJU, FLGISOLA, DSOUTPOD, NRDCONTA)
values (14, 99656469, 8562499986, 7, 1, 0, ' ', 403237);

insert into CRAPPOD (CDCOOPER, NRCTAPRO, NRCPFPRO, CDDPODER, FLGCONJU, FLGISOLA, DSOUTPOD, NRDCONTA)
values (14, 99656469, 8562499986, 8, 1, 0, ' ', 403237);

insert into CRAPPOD (CDCOOPER, NRCTAPRO, NRCPFPRO, CDDPODER, FLGCONJU, FLGISOLA, DSOUTPOD, NRDCONTA)
values (14, 99656469, 8562499986, 9, 0, 0, '####', 403237);

insert into CRAPPOD (CDCOOPER, NRCTAPRO, NRCPFPRO, CDDPODER, FLGCONJU, FLGISOLA, DSOUTPOD, NRDCONTA)
values (14, 99656469, 8562499986, 10, 0, 0, ' ', 403237);

insert into CRAPPOD (CDCOOPER, NRCTAPRO, NRCPFPRO, CDDPODER, FLGCONJU, FLGISOLA, DSOUTPOD, NRDCONTA)
values (14, 99656523, 9840939904, 1, 1, 0, ' ', 403237);

insert into CRAPPOD (CDCOOPER, NRCTAPRO, NRCPFPRO, CDDPODER, FLGCONJU, FLGISOLA, DSOUTPOD, NRDCONTA)
values (14, 99656523, 9840939904, 2, 1, 0, ' ', 403237);

insert into CRAPPOD (CDCOOPER, NRCTAPRO, NRCPFPRO, CDDPODER, FLGCONJU, FLGISOLA, DSOUTPOD, NRDCONTA)
values (14, 99656523, 9840939904, 3, 1, 0, ' ', 403237);

insert into CRAPPOD (CDCOOPER, NRCTAPRO, NRCPFPRO, CDDPODER, FLGCONJU, FLGISOLA, DSOUTPOD, NRDCONTA)
values (14, 99656523, 9840939904, 4, 1, 0, ' ', 403237);

insert into CRAPPOD (CDCOOPER, NRCTAPRO, NRCPFPRO, CDDPODER, FLGCONJU, FLGISOLA, DSOUTPOD, NRDCONTA)
values (14, 99656523, 9840939904, 5, 1, 0, ' ', 403237);

insert into CRAPPOD (CDCOOPER, NRCTAPRO, NRCPFPRO, CDDPODER, FLGCONJU, FLGISOLA, DSOUTPOD, NRDCONTA)
values (14, 99656523, 9840939904, 6, 1, 0, ' ', 403237);

insert into CRAPPOD (CDCOOPER, NRCTAPRO, NRCPFPRO, CDDPODER, FLGCONJU, FLGISOLA, DSOUTPOD, NRDCONTA)
values (14, 99656523, 9840939904, 7, 1, 0, ' ', 403237);

insert into CRAPPOD (CDCOOPER, NRCTAPRO, NRCPFPRO, CDDPODER, FLGCONJU, FLGISOLA, DSOUTPOD, NRDCONTA)
values (14, 99656523, 9840939904, 8, 1, 0, ' ', 403237);

insert into CRAPPOD (CDCOOPER, NRCTAPRO, NRCPFPRO, CDDPODER, FLGCONJU, FLGISOLA, DSOUTPOD, NRDCONTA)
values (14, 99656523, 9840939904, 9, 0, 0, '####', 403237);

insert into CRAPPOD (CDCOOPER, NRCTAPRO, NRCPFPRO, CDDPODER, FLGCONJU, FLGISOLA, DSOUTPOD, NRDCONTA)
values (14, 99656523, 9840939904, 10, 0, 0, ' ', 403237);

insert into CRAPPOD (CDCOOPER, NRCTAPRO, NRCPFPRO, CDDPODER, FLGCONJU, FLGISOLA, DSOUTPOD, NRDCONTA)
values (16, 99017881, 7172318951, 1, 1, 0, ' ', 1070274);

insert into CRAPPOD (CDCOOPER, NRCTAPRO, NRCPFPRO, CDDPODER, FLGCONJU, FLGISOLA, DSOUTPOD, NRDCONTA)
values (16, 99017881, 7172318951, 2, 1, 0, ' ', 1070274);

insert into CRAPPOD (CDCOOPER, NRCTAPRO, NRCPFPRO, CDDPODER, FLGCONJU, FLGISOLA, DSOUTPOD, NRDCONTA)
values (16, 99017881, 7172318951, 3, 1, 0, ' ', 1070274);

insert into CRAPPOD (CDCOOPER, NRCTAPRO, NRCPFPRO, CDDPODER, FLGCONJU, FLGISOLA, DSOUTPOD, NRDCONTA)
values (16, 99017881, 7172318951, 4, 1, 0, ' ', 1070274);

insert into CRAPPOD (CDCOOPER, NRCTAPRO, NRCPFPRO, CDDPODER, FLGCONJU, FLGISOLA, DSOUTPOD, NRDCONTA)
values (16, 99017881, 7172318951, 5, 1, 0, ' ', 1070274);

insert into CRAPPOD (CDCOOPER, NRCTAPRO, NRCPFPRO, CDDPODER, FLGCONJU, FLGISOLA, DSOUTPOD, NRDCONTA)
values (16, 99017881, 7172318951, 6, 1, 0, ' ', 1070274);

insert into CRAPPOD (CDCOOPER, NRCTAPRO, NRCPFPRO, CDDPODER, FLGCONJU, FLGISOLA, DSOUTPOD, NRDCONTA)
values (16, 99017881, 7172318951, 7, 1, 0, ' ', 1070274);

insert into CRAPPOD (CDCOOPER, NRCTAPRO, NRCPFPRO, CDDPODER, FLGCONJU, FLGISOLA, DSOUTPOD, NRDCONTA)
values (16, 99017881, 7172318951, 8, 1, 0, ' ', 1070274);

insert into CRAPPOD (CDCOOPER, NRCTAPRO, NRCPFPRO, CDDPODER, FLGCONJU, FLGISOLA, DSOUTPOD, NRDCONTA)
values (16, 99017881, 7172318951, 9, 0, 0, '####', 1070274);

insert into CRAPPOD (CDCOOPER, NRCTAPRO, NRCPFPRO, CDDPODER, FLGCONJU, FLGISOLA, DSOUTPOD, NRDCONTA)
values (16, 99017881, 7172318951, 10, 0, 0, ' ', 1070274);

insert into CRAPPOD (CDCOOPER, NRCTAPRO, NRCPFPRO, CDDPODER, FLGCONJU, FLGISOLA, DSOUTPOD, NRDCONTA)
values (16, 99017903, 7558407982, 1, 1, 0, ' ', 1070274);

insert into CRAPPOD (CDCOOPER, NRCTAPRO, NRCPFPRO, CDDPODER, FLGCONJU, FLGISOLA, DSOUTPOD, NRDCONTA)
values (16, 99017903, 7558407982, 2, 1, 0, ' ', 1070274);

insert into CRAPPOD (CDCOOPER, NRCTAPRO, NRCPFPRO, CDDPODER, FLGCONJU, FLGISOLA, DSOUTPOD, NRDCONTA)
values (16, 99017903, 7558407982, 3, 1, 0, ' ', 1070274);

insert into CRAPPOD (CDCOOPER, NRCTAPRO, NRCPFPRO, CDDPODER, FLGCONJU, FLGISOLA, DSOUTPOD, NRDCONTA)
values (16, 99017903, 7558407982, 4, 1, 0, ' ', 1070274);

insert into CRAPPOD (CDCOOPER, NRCTAPRO, NRCPFPRO, CDDPODER, FLGCONJU, FLGISOLA, DSOUTPOD, NRDCONTA)
values (16, 99017903, 7558407982, 5, 1, 0, ' ', 1070274);

insert into CRAPPOD (CDCOOPER, NRCTAPRO, NRCPFPRO, CDDPODER, FLGCONJU, FLGISOLA, DSOUTPOD, NRDCONTA)
values (16, 99017903, 7558407982, 6, 1, 0, ' ', 1070274);

insert into CRAPPOD (CDCOOPER, NRCTAPRO, NRCPFPRO, CDDPODER, FLGCONJU, FLGISOLA, DSOUTPOD, NRDCONTA)
values (16, 99017903, 7558407982, 7, 1, 0, ' ', 1070274);

insert into CRAPPOD (CDCOOPER, NRCTAPRO, NRCPFPRO, CDDPODER, FLGCONJU, FLGISOLA, DSOUTPOD, NRDCONTA)
values (16, 99017903, 7558407982, 8, 1, 0, ' ', 1070274);

insert into CRAPPOD (CDCOOPER, NRCTAPRO, NRCPFPRO, CDDPODER, FLGCONJU, FLGISOLA, DSOUTPOD, NRDCONTA)
values (16, 99017903, 7558407982, 9, 0, 0, '####', 1070274);

insert into CRAPPOD (CDCOOPER, NRCTAPRO, NRCPFPRO, CDDPODER, FLGCONJU, FLGISOLA, DSOUTPOD, NRDCONTA)
values (16, 99017903, 7558407982, 10, 0, 0, ' ', 1070274);




insert into CRAPAVT (NRDCONTA, NRCTREMP, NRCPFCGC, NMDAVALI, NRCPFCJG, NMCONJUG, TPDOCCJG, NRDOCCJG, TPDOCAVA, NRDOCAVA, DSENDRES##1, DSENDRES##2, NRFONRES, DSDEMAIL, TPCTRATO, NRCEPEND, NMCIDADE, CDUFRESD, DTMVTOLT, CDCOOPER, XXX_DSNACION, NRENDERE, COMPLEND, NMBAIRRO, NRCXAPST, NRTELEFO, NMEXTEMP, CDDBANCO, CDAGENCI, DSPROFTL, NRDCTATO, XXX_CDOEDDOC, DTEMDDOC, CDUFDDOC, DTVALIDA, NMMAECTO, NMPAICTO, DTNASCTO, DSNATURA, CDSEXCTO, CDESTCVL, DSRELBEM##1, DSRELBEM##2, DSRELBEM##3, DSRELBEM##4, DSRELBEM##5, DSRELBEM##6, PERSEMON##1, PERSEMON##2, PERSEMON##3, PERSEMON##4, PERSEMON##5, PERSEMON##6, QTPREBEM##1, QTPREBEM##2, QTPREBEM##3, QTPREBEM##4, QTPREBEM##5, QTPREBEM##6, VLPREBEM##1, VLPREBEM##2, VLPREBEM##3, VLPREBEM##4, VLPREBEM##5, VLPREBEM##6, VLRDOBEM##1, VLRDOBEM##2, VLRDOBEM##3, VLRDOBEM##4, VLRDOBEM##5, VLRDOBEM##6, VLRENMES, VLEDVMTO, DTADMSOC, PERSOCIO, FLGDEPEC, VLOUTREN, DSOUTREN, INHABMEN, DTHABMEN, FLGIMPRI, INPESSOA, DTDRISCO, QTOPESCR, QTIFOPER, VLTOTSFN, VLOPESCR, VLPREJUZ, IDMSGVCT, CDNACION, IDORGEXP, VLRENCJG, CDSITCPF, DHALTERA, CDOPERADALT)
values (15352927, 0, 8251513928, ' ', 0.00, ' ', ' ', ' ', ' ', ' ', ' ', ' ', ' ', ' ', 6, 0, ' ', ' ', to_date('23-08-2022', 'dd-mm-yyyy'), 1, ' ', 0, ' ', ' ', 0, '0', ' ', 0, 0, 'SOCIO/PROPRIETARIO', 86069918, ' ', null, ' ', to_date('01-01-2030', 'dd-mm-yyyy'), ' ', ' ', null, ' ', 0, 0, ' ', ' ', ' ', ' ', ' ', ' ', 0.00, 0.00, 0.00, 0.00, 0.00, 0.00, 0, 0, 0, 0, 0, 0, 0.00, 0.00, 0.00, 0.00, 0.00, 0.00, 0.00, 0.00, 0.00, 0.00, 0.00, 0.00, 0.00, 0.00, to_date('15-08-2022', 'dd-mm-yyyy'), 100.00, 1, 0.00, ' ', 0, null, 1, 0, null, 0, 0, 0.00, 0.00, 0.00, 0, 0, 0, 0.00, 1, null, ' ');

insert into CRAPAVT (NRDCONTA, NRCTREMP, NRCPFCGC, NMDAVALI, NRCPFCJG, NMCONJUG, TPDOCCJG, NRDOCCJG, TPDOCAVA, NRDOCAVA, DSENDRES##1, DSENDRES##2, NRFONRES, DSDEMAIL, TPCTRATO, NRCEPEND, NMCIDADE, CDUFRESD, DTMVTOLT, CDCOOPER, XXX_DSNACION, NRENDERE, COMPLEND, NMBAIRRO, NRCXAPST, NRTELEFO, NMEXTEMP, CDDBANCO, CDAGENCI, DSPROFTL, NRDCTATO, XXX_CDOEDDOC, DTEMDDOC, CDUFDDOC, DTVALIDA, NMMAECTO, NMPAICTO, DTNASCTO, DSNATURA, CDSEXCTO, CDESTCVL, DSRELBEM##1, DSRELBEM##2, DSRELBEM##3, DSRELBEM##4, DSRELBEM##5, DSRELBEM##6, PERSEMON##1, PERSEMON##2, PERSEMON##3, PERSEMON##4, PERSEMON##5, PERSEMON##6, QTPREBEM##1, QTPREBEM##2, QTPREBEM##3, QTPREBEM##4, QTPREBEM##5, QTPREBEM##6, VLPREBEM##1, VLPREBEM##2, VLPREBEM##3, VLPREBEM##4, VLPREBEM##5, VLPREBEM##6, VLRDOBEM##1, VLRDOBEM##2, VLRDOBEM##3, VLRDOBEM##4, VLRDOBEM##5, VLRDOBEM##6, VLRENMES, VLEDVMTO, DTADMSOC, PERSOCIO, FLGDEPEC, VLOUTREN, DSOUTREN, INHABMEN, DTHABMEN, FLGIMPRI, INPESSOA, DTDRISCO, QTOPESCR, QTIFOPER, VLTOTSFN, VLOPESCR, VLPREJUZ, IDMSGVCT, CDNACION, IDORGEXP, VLRENCJG, CDSITCPF, DHALTERA, CDOPERADALT)
values (1178520, 0, 7159852990, 'EDUARDA CASTRO', 0.00, ' ', ' ', ' ', 'CI', '098973180', 'PASSARELA ENZO OLIVEIRA, 1229', ' ', ' ', 'xfyvvror@xxserver.com.br', 6, 83880000, 'RIO NEGRO', 'PR', null, 2, ' ', 193, 'xxxx', 'VILA PARAISO', 0, null, ' ', 0, 0, 'SOCIO/PROPRIETARIO', 0, ' ', to_date('15-08-2012', 'dd-mm-yyyy'), 'PR', to_date('01-01-2030', 'dd-mm-yyyy'), 'CALEB DA SILVA', 'HELOISA MOURA', to_date('14-02-1996', 'dd-mm-yyyy'), 'MAFRA', 2, 1, ' ', ' ', ' ', ' ', ' ', ' ', 0.00, 0.00, 0.00, 0.00, 0.00, 0.00, 0, 0, 0, 0, 0, 0, 0.00, 0.00, 0.00, 0.00, 0.00, 0.00, 0.00, 0.00, 0.00, 0.00, 0.00, 0.00, 0.00, 0.00, to_date('15-09-2022', 'dd-mm-yyyy'), 100.00, 1, 0.00, ' ', 0, null, 0, 0, null, 0, 0, 0.00, 0.00, 0.00, 0, 42, 66, 0.00, 1, null, ' ');

insert into CRAPAVT (NRDCONTA, NRCTREMP, NRCPFCGC, NMDAVALI, NRCPFCJG, NMCONJUG, TPDOCCJG, NRDOCCJG, TPDOCAVA, NRDOCAVA, DSENDRES##1, DSENDRES##2, NRFONRES, DSDEMAIL, TPCTRATO, NRCEPEND, NMCIDADE, CDUFRESD, DTMVTOLT, CDCOOPER, XXX_DSNACION, NRENDERE, COMPLEND, NMBAIRRO, NRCXAPST, NRTELEFO, NMEXTEMP, CDDBANCO, CDAGENCI, DSPROFTL, NRDCTATO, XXX_CDOEDDOC, DTEMDDOC, CDUFDDOC, DTVALIDA, NMMAECTO, NMPAICTO, DTNASCTO, DSNATURA, CDSEXCTO, CDESTCVL, DSRELBEM##1, DSRELBEM##2, DSRELBEM##3, DSRELBEM##4, DSRELBEM##5, DSRELBEM##6, PERSEMON##1, PERSEMON##2, PERSEMON##3, PERSEMON##4, PERSEMON##5, PERSEMON##6, QTPREBEM##1, QTPREBEM##2, QTPREBEM##3, QTPREBEM##4, QTPREBEM##5, QTPREBEM##6, VLPREBEM##1, VLPREBEM##2, VLPREBEM##3, VLPREBEM##4, VLPREBEM##5, VLPREBEM##6, VLRDOBEM##1, VLRDOBEM##2, VLRDOBEM##3, VLRDOBEM##4, VLRDOBEM##5, VLRDOBEM##6, VLRENMES, VLEDVMTO, DTADMSOC, PERSOCIO, FLGDEPEC, VLOUTREN, DSOUTREN, INHABMEN, DTHABMEN, FLGIMPRI, INPESSOA, DTDRISCO, QTOPESCR, QTIFOPER, VLTOTSFN, VLOPESCR, VLPREJUZ, IDMSGVCT, CDNACION, IDORGEXP, VLRENCJG, CDSITCPF, DHALTERA, CDOPERADALT)
values (365343, 0, 7159852990, 'EDUARDA CASTRO', 0.00, ' ', ' ', ' ', 'CI', '098973180', 'PASSARELA ENZO OLIVEIRA, 1229', ' ', ' ', 'xfyvvror@xxserver.com.br', 6, 83880000, 'RIO NEGRO', 'PR', null, 5, ' ', 193, 'xxxx', 'VILA PARAISO', 0, null, ' ', 0, 0, 'SOCIO/PROPRIETARIO', 0, ' ', to_date('15-08-2012', 'dd-mm-yyyy'), 'PR', to_date('01-01-2030', 'dd-mm-yyyy'), 'CALEB DA SILVA', 'HELOISA MOURA', to_date('14-02-1996', 'dd-mm-yyyy'), 'MAFRA', 2, 1, ' ', ' ', ' ', ' ', ' ', ' ', 0.00, 0.00, 0.00, 0.00, 0.00, 0.00, 0, 0, 0, 0, 0, 0, 0.00, 0.00, 0.00, 0.00, 0.00, 0.00, 0.00, 0.00, 0.00, 0.00, 0.00, 0.00, 0.00, 0.00, to_date('15-09-2022', 'dd-mm-yyyy'), 100.00, 1, 0.00, ' ', 0, null, 0, 0, null, 0, 0, 0.00, 0.00, 0.00, 0, 42, 66, 0.00, 1, null, ' ');

insert into CRAPAVT (NRDCONTA, NRCTREMP, NRCPFCGC, NMDAVALI, NRCPFCJG, NMCONJUG, TPDOCCJG, NRDOCCJG, TPDOCAVA, NRDOCAVA, DSENDRES##1, DSENDRES##2, NRFONRES, DSDEMAIL, TPCTRATO, NRCEPEND, NMCIDADE, CDUFRESD, DTMVTOLT, CDCOOPER, XXX_DSNACION, NRENDERE, COMPLEND, NMBAIRRO, NRCXAPST, NRTELEFO, NMEXTEMP, CDDBANCO, CDAGENCI, DSPROFTL, NRDCTATO, XXX_CDOEDDOC, DTEMDDOC, CDUFDDOC, DTVALIDA, NMMAECTO, NMPAICTO, DTNASCTO, DSNATURA, CDSEXCTO, CDESTCVL, DSRELBEM##1, DSRELBEM##2, DSRELBEM##3, DSRELBEM##4, DSRELBEM##5, DSRELBEM##6, PERSEMON##1, PERSEMON##2, PERSEMON##3, PERSEMON##4, PERSEMON##5, PERSEMON##6, QTPREBEM##1, QTPREBEM##2, QTPREBEM##3, QTPREBEM##4, QTPREBEM##5, QTPREBEM##6, VLPREBEM##1, VLPREBEM##2, VLPREBEM##3, VLPREBEM##4, VLPREBEM##5, VLPREBEM##6, VLRDOBEM##1, VLRDOBEM##2, VLRDOBEM##3, VLRDOBEM##4, VLRDOBEM##5, VLRDOBEM##6, VLRENMES, VLEDVMTO, DTADMSOC, PERSOCIO, FLGDEPEC, VLOUTREN, DSOUTREN, INHABMEN, DTHABMEN, FLGIMPRI, INPESSOA, DTDRISCO, QTOPESCR, QTIFOPER, VLTOTSFN, VLOPESCR, VLPREJUZ, IDMSGVCT, CDNACION, IDORGEXP, VLRENCJG, CDSITCPF, DHALTERA, CDOPERADALT)
values (268291, 0, 7159852990, 'EDUARDA CASTRO', 0.00, ' ', ' ', ' ', 'CI', '098973180', 'PASSARELA ENZO OLIVEIRA, 1229', ' ', ' ', 'xfyvvror@xxserver.com.br', 6, 83880000, 'RIO NEGRO', 'PR', null, 6, ' ', 193, 'xxxx', 'VILA PARAISO', 0, null, ' ', 0, 0, 'SOCIO/PROPRIETARIO', 0, ' ', to_date('15-08-2012', 'dd-mm-yyyy'), 'PR', to_date('01-01-2030', 'dd-mm-yyyy'), 'CALEB DA SILVA', 'HELOISA MOURA', to_date('14-02-1996', 'dd-mm-yyyy'), 'MAFRA', 2, 1, ' ', ' ', ' ', ' ', ' ', ' ', 0.00, 0.00, 0.00, 0.00, 0.00, 0.00, 0, 0, 0, 0, 0, 0, 0.00, 0.00, 0.00, 0.00, 0.00, 0.00, 0.00, 0.00, 0.00, 0.00, 0.00, 0.00, 0.00, 0.00, to_date('15-09-2022', 'dd-mm-yyyy'), 100.00, 1, 0.00, ' ', 0, null, 0, 0, null, 0, 0, 0.00, 0.00, 0.00, 0, 42, 66, 0.00, 1, null, ' ');

insert into CRAPAVT (NRDCONTA, NRCTREMP, NRCPFCGC, NMDAVALI, NRCPFCJG, NMCONJUG, TPDOCCJG, NRDOCCJG, TPDOCAVA, NRDOCAVA, DSENDRES##1, DSENDRES##2, NRFONRES, DSDEMAIL, TPCTRATO, NRCEPEND, NMCIDADE, CDUFRESD, DTMVTOLT, CDCOOPER, XXX_DSNACION, NRENDERE, COMPLEND, NMBAIRRO, NRCXAPST, NRTELEFO, NMEXTEMP, CDDBANCO, CDAGENCI, DSPROFTL, NRDCTATO, XXX_CDOEDDOC, DTEMDDOC, CDUFDDOC, DTVALIDA, NMMAECTO, NMPAICTO, DTNASCTO, DSNATURA, CDSEXCTO, CDESTCVL, DSRELBEM##1, DSRELBEM##2, DSRELBEM##3, DSRELBEM##4, DSRELBEM##5, DSRELBEM##6, PERSEMON##1, PERSEMON##2, PERSEMON##3, PERSEMON##4, PERSEMON##5, PERSEMON##6, QTPREBEM##1, QTPREBEM##2, QTPREBEM##3, QTPREBEM##4, QTPREBEM##5, QTPREBEM##6, VLPREBEM##1, VLPREBEM##2, VLPREBEM##3, VLPREBEM##4, VLPREBEM##5, VLPREBEM##6, VLRDOBEM##1, VLRDOBEM##2, VLRDOBEM##3, VLRDOBEM##4, VLRDOBEM##5, VLRDOBEM##6, VLRENMES, VLEDVMTO, DTADMSOC, PERSOCIO, FLGDEPEC, VLOUTREN, DSOUTREN, INHABMEN, DTHABMEN, FLGIMPRI, INPESSOA, DTDRISCO, QTOPESCR, QTIFOPER, VLTOTSFN, VLOPESCR, VLPREJUZ, IDMSGVCT, CDNACION, IDORGEXP, VLRENCJG, CDSITCPF, DHALTERA, CDOPERADALT)
values (452041, 0, 7159852990, 'EDUARDA CASTRO', 0.00, ' ', ' ', ' ', 'CI', '098973180', 'PASSARELA ENZO OLIVEIRA, 1229', ' ', ' ', 'xfyvvror@xxserver.com.br', 6, 83880000, 'RIO NEGRO', 'PR', null, 7, ' ', 193, 'xxxx', 'VILA PARAISO', 0, null, ' ', 0, 0, 'SOCIO/PROPRIETARIO', 0, ' ', to_date('15-08-2012', 'dd-mm-yyyy'), 'PR', to_date('01-01-2030', 'dd-mm-yyyy'), 'CALEB DA SILVA', 'HELOISA MOURA', to_date('14-02-1996', 'dd-mm-yyyy'), 'MAFRA', 2, 1, ' ', ' ', ' ', ' ', ' ', ' ', 0.00, 0.00, 0.00, 0.00, 0.00, 0.00, 0, 0, 0, 0, 0, 0, 0.00, 0.00, 0.00, 0.00, 0.00, 0.00, 0.00, 0.00, 0.00, 0.00, 0.00, 0.00, 0.00, 0.00, to_date('15-09-2022', 'dd-mm-yyyy'), 100.00, 1, 0.00, ' ', 0, null, 0, 0, null, 0, 0, 0.00, 0.00, 0.00, 0, 42, 66, 0.00, 1, null, ' ');

insert into CRAPAVT (NRDCONTA, NRCTREMP, NRCPFCGC, NMDAVALI, NRCPFCJG, NMCONJUG, TPDOCCJG, NRDOCCJG, TPDOCAVA, NRDOCAVA, DSENDRES##1, DSENDRES##2, NRFONRES, DSDEMAIL, TPCTRATO, NRCEPEND, NMCIDADE, CDUFRESD, DTMVTOLT, CDCOOPER, XXX_DSNACION, NRENDERE, COMPLEND, NMBAIRRO, NRCXAPST, NRTELEFO, NMEXTEMP, CDDBANCO, CDAGENCI, DSPROFTL, NRDCTATO, XXX_CDOEDDOC, DTEMDDOC, CDUFDDOC, DTVALIDA, NMMAECTO, NMPAICTO, DTNASCTO, DSNATURA, CDSEXCTO, CDESTCVL, DSRELBEM##1, DSRELBEM##2, DSRELBEM##3, DSRELBEM##4, DSRELBEM##5, DSRELBEM##6, PERSEMON##1, PERSEMON##2, PERSEMON##3, PERSEMON##4, PERSEMON##5, PERSEMON##6, QTPREBEM##1, QTPREBEM##2, QTPREBEM##3, QTPREBEM##4, QTPREBEM##5, QTPREBEM##6, VLPREBEM##1, VLPREBEM##2, VLPREBEM##3, VLPREBEM##4, VLPREBEM##5, VLPREBEM##6, VLRDOBEM##1, VLRDOBEM##2, VLRDOBEM##3, VLRDOBEM##4, VLRDOBEM##5, VLRDOBEM##6, VLRENMES, VLEDVMTO, DTADMSOC, PERSOCIO, FLGDEPEC, VLOUTREN, DSOUTREN, INHABMEN, DTHABMEN, FLGIMPRI, INPESSOA, DTDRISCO, QTOPESCR, QTIFOPER, VLTOTSFN, VLOPESCR, VLPREJUZ, IDMSGVCT, CDNACION, IDORGEXP, VLRENCJG, CDSITCPF, DHALTERA, CDOPERADALT)
values (64149, 0, 7159852990, 'EDUARDA CASTRO', 0.00, ' ', ' ', ' ', 'CI', '098973180', 'PASSARELA ENZO OLIVEIRA, 1229', ' ', ' ', 'xfyvvror@xxserver.com.br', 6, 83880000, 'RIO NEGRO', 'PR', null, 8, ' ', 193, 'xxxx', 'VILA PARAISO', 0, null, ' ', 0, 0, 'SOCIO/PROPRIETARIO', 0, ' ', to_date('15-08-2012', 'dd-mm-yyyy'), 'PR', to_date('01-01-2030', 'dd-mm-yyyy'), 'CALEB DA SILVA', 'HELOISA MOURA', to_date('14-02-1996', 'dd-mm-yyyy'), 'MAFRA', 2, 1, ' ', ' ', ' ', ' ', ' ', ' ', 0.00, 0.00, 0.00, 0.00, 0.00, 0.00, 0, 0, 0, 0, 0, 0, 0.00, 0.00, 0.00, 0.00, 0.00, 0.00, 0.00, 0.00, 0.00, 0.00, 0.00, 0.00, 0.00, 0.00, to_date('15-09-2022', 'dd-mm-yyyy'), 100.00, 1, 0.00, ' ', 0, null, 0, 0, null, 0, 0, 0.00, 0.00, 0.00, 0, 42, 66, 0.00, 1, null, ' ');

insert into CRAPAVT (NRDCONTA, NRCTREMP, NRCPFCGC, NMDAVALI, NRCPFCJG, NMCONJUG, TPDOCCJG, NRDOCCJG, TPDOCAVA, NRDOCAVA, DSENDRES##1, DSENDRES##2, NRFONRES, DSDEMAIL, TPCTRATO, NRCEPEND, NMCIDADE, CDUFRESD, DTMVTOLT, CDCOOPER, XXX_DSNACION, NRENDERE, COMPLEND, NMBAIRRO, NRCXAPST, NRTELEFO, NMEXTEMP, CDDBANCO, CDAGENCI, DSPROFTL, NRDCTATO, XXX_CDOEDDOC, DTEMDDOC, CDUFDDOC, DTVALIDA, NMMAECTO, NMPAICTO, DTNASCTO, DSNATURA, CDSEXCTO, CDESTCVL, DSRELBEM##1, DSRELBEM##2, DSRELBEM##3, DSRELBEM##4, DSRELBEM##5, DSRELBEM##6, PERSEMON##1, PERSEMON##2, PERSEMON##3, PERSEMON##4, PERSEMON##5, PERSEMON##6, QTPREBEM##1, QTPREBEM##2, QTPREBEM##3, QTPREBEM##4, QTPREBEM##5, QTPREBEM##6, VLPREBEM##1, VLPREBEM##2, VLPREBEM##3, VLPREBEM##4, VLPREBEM##5, VLPREBEM##6, VLRDOBEM##1, VLRDOBEM##2, VLRDOBEM##3, VLRDOBEM##4, VLRDOBEM##5, VLRDOBEM##6, VLRENMES, VLEDVMTO, DTADMSOC, PERSOCIO, FLGDEPEC, VLOUTREN, DSOUTREN, INHABMEN, DTHABMEN, FLGIMPRI, INPESSOA, DTDRISCO, QTOPESCR, QTIFOPER, VLTOTSFN, VLOPESCR, VLPREJUZ, IDMSGVCT, CDNACION, IDORGEXP, VLRENCJG, CDSITCPF, DHALTERA, CDOPERADALT)
values (564699, 0, 7159852990, 'EDUARDA CASTRO', 0.00, ' ', ' ', ' ', 'CI', '098973180', 'PASSARELA ENZO OLIVEIRA, 1229', ' ', ' ', 'xfyvvror@xxserver.com.br', 6, 83880000, 'RIO NEGRO', 'PR', null, 9, ' ', 193, 'xxxx', 'VILA PARAISO', 0, null, ' ', 0, 0, 'SOCIO/PROPRIETARIO', 0, ' ', to_date('15-08-2012', 'dd-mm-yyyy'), 'PR', to_date('01-01-2030', 'dd-mm-yyyy'), 'CALEB DA SILVA', 'HELOISA MOURA', to_date('14-02-1996', 'dd-mm-yyyy'), 'MAFRA', 2, 1, ' ', ' ', ' ', ' ', ' ', ' ', 0.00, 0.00, 0.00, 0.00, 0.00, 0.00, 0, 0, 0, 0, 0, 0, 0.00, 0.00, 0.00, 0.00, 0.00, 0.00, 0.00, 0.00, 0.00, 0.00, 0.00, 0.00, 0.00, 0.00, to_date('15-09-2022', 'dd-mm-yyyy'), 100.00, 1, 0.00, ' ', 0, null, 0, 0, null, 0, 0, 0.00, 0.00, 0.00, 0, 42, 66, 0.00, 1, null, ' ');

insert into CRAPAVT (NRDCONTA, NRCTREMP, NRCPFCGC, NMDAVALI, NRCPFCJG, NMCONJUG, TPDOCCJG, NRDOCCJG, TPDOCAVA, NRDOCAVA, DSENDRES##1, DSENDRES##2, NRFONRES, DSDEMAIL, TPCTRATO, NRCEPEND, NMCIDADE, CDUFRESD, DTMVTOLT, CDCOOPER, XXX_DSNACION, NRENDERE, COMPLEND, NMBAIRRO, NRCXAPST, NRTELEFO, NMEXTEMP, CDDBANCO, CDAGENCI, DSPROFTL, NRDCTATO, XXX_CDOEDDOC, DTEMDDOC, CDUFDDOC, DTVALIDA, NMMAECTO, NMPAICTO, DTNASCTO, DSNATURA, CDSEXCTO, CDESTCVL, DSRELBEM##1, DSRELBEM##2, DSRELBEM##3, DSRELBEM##4, DSRELBEM##5, DSRELBEM##6, PERSEMON##1, PERSEMON##2, PERSEMON##3, PERSEMON##4, PERSEMON##5, PERSEMON##6, QTPREBEM##1, QTPREBEM##2, QTPREBEM##3, QTPREBEM##4, QTPREBEM##5, QTPREBEM##6, VLPREBEM##1, VLPREBEM##2, VLPREBEM##3, VLPREBEM##4, VLPREBEM##5, VLPREBEM##6, VLRDOBEM##1, VLRDOBEM##2, VLRDOBEM##3, VLRDOBEM##4, VLRDOBEM##5, VLRDOBEM##6, VLRENMES, VLEDVMTO, DTADMSOC, PERSOCIO, FLGDEPEC, VLOUTREN, DSOUTREN, INHABMEN, DTHABMEN, FLGIMPRI, INPESSOA, DTDRISCO, QTOPESCR, QTIFOPER, VLTOTSFN, VLOPESCR, VLPREJUZ, IDMSGVCT, CDNACION, IDORGEXP, VLRENCJG, CDSITCPF, DHALTERA, CDOPERADALT)
values (241830, 0, 7159852990, 'EDUARDA CASTRO', 0.00, ' ', ' ', ' ', 'CI', '098973180', 'PASSARELA ENZO OLIVEIRA, 1229', ' ', ' ', 'xfyvvror@xxserver.com.br', 6, 83880000, 'RIO NEGRO', 'PR', null, 10, ' ', 193, 'xxxx', 'VILA PARAISO', 0, null, ' ', 0, 0, 'SOCIO/PROPRIETARIO', 0, ' ', to_date('15-08-2012', 'dd-mm-yyyy'), 'PR', to_date('01-01-2030', 'dd-mm-yyyy'), 'CALEB DA SILVA', 'HELOISA MOURA', to_date('14-02-1996', 'dd-mm-yyyy'), 'MAFRA', 2, 1, ' ', ' ', ' ', ' ', ' ', ' ', 0.00, 0.00, 0.00, 0.00, 0.00, 0.00, 0, 0, 0, 0, 0, 0, 0.00, 0.00, 0.00, 0.00, 0.00, 0.00, 0.00, 0.00, 0.00, 0.00, 0.00, 0.00, 0.00, 0.00, to_date('15-09-2022', 'dd-mm-yyyy'), 100.00, 1, 0.00, ' ', 0, null, 0, 0, null, 0, 0, 0.00, 0.00, 0.00, 0, 42, 66, 0.00, 1, null, ' ');

insert into CRAPAVT (NRDCONTA, NRCTREMP, NRCPFCGC, NMDAVALI, NRCPFCJG, NMCONJUG, TPDOCCJG, NRDOCCJG, TPDOCAVA, NRDOCAVA, DSENDRES##1, DSENDRES##2, NRFONRES, DSDEMAIL, TPCTRATO, NRCEPEND, NMCIDADE, CDUFRESD, DTMVTOLT, CDCOOPER, XXX_DSNACION, NRENDERE, COMPLEND, NMBAIRRO, NRCXAPST, NRTELEFO, NMEXTEMP, CDDBANCO, CDAGENCI, DSPROFTL, NRDCTATO, XXX_CDOEDDOC, DTEMDDOC, CDUFDDOC, DTVALIDA, NMMAECTO, NMPAICTO, DTNASCTO, DSNATURA, CDSEXCTO, CDESTCVL, DSRELBEM##1, DSRELBEM##2, DSRELBEM##3, DSRELBEM##4, DSRELBEM##5, DSRELBEM##6, PERSEMON##1, PERSEMON##2, PERSEMON##3, PERSEMON##4, PERSEMON##5, PERSEMON##6, QTPREBEM##1, QTPREBEM##2, QTPREBEM##3, QTPREBEM##4, QTPREBEM##5, QTPREBEM##6, VLPREBEM##1, VLPREBEM##2, VLPREBEM##3, VLPREBEM##4, VLPREBEM##5, VLPREBEM##6, VLRDOBEM##1, VLRDOBEM##2, VLRDOBEM##3, VLRDOBEM##4, VLRDOBEM##5, VLRDOBEM##6, VLRENMES, VLEDVMTO, DTADMSOC, PERSOCIO, FLGDEPEC, VLOUTREN, DSOUTREN, INHABMEN, DTHABMEN, FLGIMPRI, INPESSOA, DTDRISCO, QTOPESCR, QTIFOPER, VLTOTSFN, VLOPESCR, VLPREJUZ, IDMSGVCT, CDNACION, IDORGEXP, VLRENCJG, CDSITCPF, DHALTERA, CDOPERADALT)
values (970786, 0, 7159852990, 'EDUARDA CASTRO', 0.00, ' ', ' ', ' ', 'CI', '098973180', 'PASSARELA ENZO OLIVEIRA, 1229', ' ', ' ', 'xfyvvror@xxserver.com.br', 6, 83880000, 'RIO NEGRO', 'PR', null, 11, ' ', 193, 'xxxx', 'VILA PARAISO', 0, null, ' ', 0, 0, 'SOCIO/PROPRIETARIO', 0, ' ', to_date('15-08-2012', 'dd-mm-yyyy'), 'PR', to_date('01-01-2030', 'dd-mm-yyyy'), 'CALEB DA SILVA', 'HELOISA MOURA', to_date('14-02-1996', 'dd-mm-yyyy'), 'MAFRA', 2, 1, ' ', ' ', ' ', ' ', ' ', ' ', 0.00, 0.00, 0.00, 0.00, 0.00, 0.00, 0, 0, 0, 0, 0, 0, 0.00, 0.00, 0.00, 0.00, 0.00, 0.00, 0.00, 0.00, 0.00, 0.00, 0.00, 0.00, 0.00, 0.00, to_date('15-09-2022', 'dd-mm-yyyy'), 100.00, 1, 0.00, ' ', 0, null, 0, 0, null, 0, 0, 0.00, 0.00, 0.00, 0, 42, 66, 0.00, 1, null, ' ');

insert into CRAPAVT (NRDCONTA, NRCTREMP, NRCPFCGC, NMDAVALI, NRCPFCJG, NMCONJUG, TPDOCCJG, NRDOCCJG, TPDOCAVA, NRDOCAVA, DSENDRES##1, DSENDRES##2, NRFONRES, DSDEMAIL, TPCTRATO, NRCEPEND, NMCIDADE, CDUFRESD, DTMVTOLT, CDCOOPER, XXX_DSNACION, NRENDERE, COMPLEND, NMBAIRRO, NRCXAPST, NRTELEFO, NMEXTEMP, CDDBANCO, CDAGENCI, DSPROFTL, NRDCTATO, XXX_CDOEDDOC, DTEMDDOC, CDUFDDOC, DTVALIDA, NMMAECTO, NMPAICTO, DTNASCTO, DSNATURA, CDSEXCTO, CDESTCVL, DSRELBEM##1, DSRELBEM##2, DSRELBEM##3, DSRELBEM##4, DSRELBEM##5, DSRELBEM##6, PERSEMON##1, PERSEMON##2, PERSEMON##3, PERSEMON##4, PERSEMON##5, PERSEMON##6, QTPREBEM##1, QTPREBEM##2, QTPREBEM##3, QTPREBEM##4, QTPREBEM##5, QTPREBEM##6, VLPREBEM##1, VLPREBEM##2, VLPREBEM##3, VLPREBEM##4, VLPREBEM##5, VLPREBEM##6, VLRDOBEM##1, VLRDOBEM##2, VLRDOBEM##3, VLRDOBEM##4, VLRDOBEM##5, VLRDOBEM##6, VLRENMES, VLEDVMTO, DTADMSOC, PERSOCIO, FLGDEPEC, VLOUTREN, DSOUTREN, INHABMEN, DTHABMEN, FLGIMPRI, INPESSOA, DTDRISCO, QTOPESCR, QTIFOPER, VLTOTSFN, VLOPESCR, VLPREJUZ, IDMSGVCT, CDNACION, IDORGEXP, VLRENCJG, CDSITCPF, DHALTERA, CDOPERADALT)
values (211044, 0, 7159852990, 'EDUARDA CASTRO', 0.00, ' ', ' ', ' ', 'CI', '098973180', 'PASSARELA ENZO OLIVEIRA, 1229', ' ', ' ', 'xfyvvror@xxserver.com.br', 6, 83880000, 'RIO NEGRO', 'PR', null, 12, ' ', 193, 'xxxx', 'VILA PARAISO', 0, null, ' ', 0, 0, 'SOCIO/PROPRIETARIO', 0, ' ', to_date('15-08-2012', 'dd-mm-yyyy'), 'PR', to_date('01-01-2030', 'dd-mm-yyyy'), 'CALEB DA SILVA', 'HELOISA MOURA', to_date('14-02-1996', 'dd-mm-yyyy'), 'MAFRA', 2, 1, ' ', ' ', ' ', ' ', ' ', ' ', 0.00, 0.00, 0.00, 0.00, 0.00, 0.00, 0, 0, 0, 0, 0, 0, 0.00, 0.00, 0.00, 0.00, 0.00, 0.00, 0.00, 0.00, 0.00, 0.00, 0.00, 0.00, 0.00, 0.00, to_date('15-09-2022', 'dd-mm-yyyy'), 100.00, 1, 0.00, ' ', 0, null, 0, 0, null, 0, 0, 0.00, 0.00, 0.00, 0, 42, 66, 0.00, 1, null, ' ');

insert into CRAPAVT (NRDCONTA, NRCTREMP, NRCPFCGC, NMDAVALI, NRCPFCJG, NMCONJUG, TPDOCCJG, NRDOCCJG, TPDOCAVA, NRDOCAVA, DSENDRES##1, DSENDRES##2, NRFONRES, DSDEMAIL, TPCTRATO, NRCEPEND, NMCIDADE, CDUFRESD, DTMVTOLT, CDCOOPER, XXX_DSNACION, NRENDERE, COMPLEND, NMBAIRRO, NRCXAPST, NRTELEFO, NMEXTEMP, CDDBANCO, CDAGENCI, DSPROFTL, NRDCTATO, XXX_CDOEDDOC, DTEMDDOC, CDUFDDOC, DTVALIDA, NMMAECTO, NMPAICTO, DTNASCTO, DSNATURA, CDSEXCTO, CDESTCVL, DSRELBEM##1, DSRELBEM##2, DSRELBEM##3, DSRELBEM##4, DSRELBEM##5, DSRELBEM##6, PERSEMON##1, PERSEMON##2, PERSEMON##3, PERSEMON##4, PERSEMON##5, PERSEMON##6, QTPREBEM##1, QTPREBEM##2, QTPREBEM##3, QTPREBEM##4, QTPREBEM##5, QTPREBEM##6, VLPREBEM##1, VLPREBEM##2, VLPREBEM##3, VLPREBEM##4, VLPREBEM##5, VLPREBEM##6, VLRDOBEM##1, VLRDOBEM##2, VLRDOBEM##3, VLRDOBEM##4, VLRDOBEM##5, VLRDOBEM##6, VLRENMES, VLEDVMTO, DTADMSOC, PERSOCIO, FLGDEPEC, VLOUTREN, DSOUTREN, INHABMEN, DTHABMEN, FLGIMPRI, INPESSOA, DTDRISCO, QTOPESCR, QTIFOPER, VLTOTSFN, VLOPESCR, VLPREJUZ, IDMSGVCT, CDNACION, IDORGEXP, VLRENCJG, CDSITCPF, DHALTERA, CDOPERADALT)
values (746940, 0, 7159852990, ' ', 0.00, ' ', ' ', ' ', ' ', ' ', ' ', ' ', ' ', ' ', 6, 0, ' ', ' ', to_date('07-11-2022', 'dd-mm-yyyy'), 13, ' ', 0, ' ', ' ', 0, '0', ' ', 0, 0, 'SOCIO/PROPRIETARIO', 99345056, ' ', null, ' ', to_date('01-01-2030', 'dd-mm-yyyy'), ' ', ' ', null, ' ', 0, 0, ' ', ' ', ' ', ' ', ' ', ' ', 0.00, 0.00, 0.00, 0.00, 0.00, 0.00, 0, 0, 0, 0, 0, 0, 0.00, 0.00, 0.00, 0.00, 0.00, 0.00, 0.00, 0.00, 0.00, 0.00, 0.00, 0.00, 0.00, 0.00, to_date('15-09-2022', 'dd-mm-yyyy'), 100.00, 1, 0.00, ' ', 0, null, 1, 0, null, 0, 0, 0.00, 0.00, 0.00, 0, 0, 0, 0.00, 1, null, ' ');

insert into CRAPAVT (NRDCONTA, NRCTREMP, NRCPFCGC, NMDAVALI, NRCPFCJG, NMCONJUG, TPDOCCJG, NRDOCCJG, TPDOCAVA, NRDOCAVA, DSENDRES##1, DSENDRES##2, NRFONRES, DSDEMAIL, TPCTRATO, NRCEPEND, NMCIDADE, CDUFRESD, DTMVTOLT, CDCOOPER, XXX_DSNACION, NRENDERE, COMPLEND, NMBAIRRO, NRCXAPST, NRTELEFO, NMEXTEMP, CDDBANCO, CDAGENCI, DSPROFTL, NRDCTATO, XXX_CDOEDDOC, DTEMDDOC, CDUFDDOC, DTVALIDA, NMMAECTO, NMPAICTO, DTNASCTO, DSNATURA, CDSEXCTO, CDESTCVL, DSRELBEM##1, DSRELBEM##2, DSRELBEM##3, DSRELBEM##4, DSRELBEM##5, DSRELBEM##6, PERSEMON##1, PERSEMON##2, PERSEMON##3, PERSEMON##4, PERSEMON##5, PERSEMON##6, QTPREBEM##1, QTPREBEM##2, QTPREBEM##3, QTPREBEM##4, QTPREBEM##5, QTPREBEM##6, VLPREBEM##1, VLPREBEM##2, VLPREBEM##3, VLPREBEM##4, VLPREBEM##5, VLPREBEM##6, VLRDOBEM##1, VLRDOBEM##2, VLRDOBEM##3, VLRDOBEM##4, VLRDOBEM##5, VLRDOBEM##6, VLRENMES, VLEDVMTO, DTADMSOC, PERSOCIO, FLGDEPEC, VLOUTREN, DSOUTREN, INHABMEN, DTHABMEN, FLGIMPRI, INPESSOA, DTDRISCO, QTOPESCR, QTIFOPER, VLTOTSFN, VLOPESCR, VLPREJUZ, IDMSGVCT, CDNACION, IDORGEXP, VLRENCJG, CDSITCPF, DHALTERA, CDOPERADALT)
values (403237, 0, 7159852990, 'EDUARDA CASTRO', 0.00, ' ', ' ', ' ', 'CI', '098973180', 'PASSARELA ENZO OLIVEIRA, 1229', ' ', ' ', 'xfyvvror@xxserver.com.br', 6, 83880000, 'RIO NEGRO', 'PR', null, 14, ' ', 193, 'xxxx', 'VILA PARAISO', 0, null, ' ', 0, 0, 'SOCIO/PROPRIETARIO', 0, ' ', to_date('15-08-2012', 'dd-mm-yyyy'), 'PR', to_date('01-01-2030', 'dd-mm-yyyy'), 'CALEB DA SILVA', 'HELOISA MOURA', to_date('14-02-1996', 'dd-mm-yyyy'), 'MAFRA', 2, 1, ' ', ' ', ' ', ' ', ' ', ' ', 0.00, 0.00, 0.00, 0.00, 0.00, 0.00, 0, 0, 0, 0, 0, 0, 0.00, 0.00, 0.00, 0.00, 0.00, 0.00, 0.00, 0.00, 0.00, 0.00, 0.00, 0.00, 0.00, 0.00, to_date('15-09-2022', 'dd-mm-yyyy'), 100.00, 1, 0.00, ' ', 0, null, 0, 0, null, 0, 0, 0.00, 0.00, 0.00, 0, 42, 66, 0.00, 1, null, ' ');

insert into CRAPAVT (NRDCONTA, NRCTREMP, NRCPFCGC, NMDAVALI, NRCPFCJG, NMCONJUG, TPDOCCJG, NRDOCCJG, TPDOCAVA, NRDOCAVA, DSENDRES##1, DSENDRES##2, NRFONRES, DSDEMAIL, TPCTRATO, NRCEPEND, NMCIDADE, CDUFRESD, DTMVTOLT, CDCOOPER, XXX_DSNACION, NRENDERE, COMPLEND, NMBAIRRO, NRCXAPST, NRTELEFO, NMEXTEMP, CDDBANCO, CDAGENCI, DSPROFTL, NRDCTATO, XXX_CDOEDDOC, DTEMDDOC, CDUFDDOC, DTVALIDA, NMMAECTO, NMPAICTO, DTNASCTO, DSNATURA, CDSEXCTO, CDESTCVL, DSRELBEM##1, DSRELBEM##2, DSRELBEM##3, DSRELBEM##4, DSRELBEM##5, DSRELBEM##6, PERSEMON##1, PERSEMON##2, PERSEMON##3, PERSEMON##4, PERSEMON##5, PERSEMON##6, QTPREBEM##1, QTPREBEM##2, QTPREBEM##3, QTPREBEM##4, QTPREBEM##5, QTPREBEM##6, VLPREBEM##1, VLPREBEM##2, VLPREBEM##3, VLPREBEM##4, VLPREBEM##5, VLPREBEM##6, VLRDOBEM##1, VLRDOBEM##2, VLRDOBEM##3, VLRDOBEM##4, VLRDOBEM##5, VLRDOBEM##6, VLRENMES, VLEDVMTO, DTADMSOC, PERSOCIO, FLGDEPEC, VLOUTREN, DSOUTREN, INHABMEN, DTHABMEN, FLGIMPRI, INPESSOA, DTDRISCO, QTOPESCR, QTIFOPER, VLTOTSFN, VLOPESCR, VLPREJUZ, IDMSGVCT, CDNACION, IDORGEXP, VLRENCJG, CDSITCPF, DHALTERA, CDOPERADALT)
values (1070274, 0, 7159852990, 'EDUARDA CASTRO', 0.00, ' ', ' ', ' ', 'CI', '098973180', 'PASSARELA ENZO OLIVEIRA, 1229', ' ', ' ', 'xfyvvror@xxserver.com.br', 6, 83880000, 'RIO NEGRO', 'PR', null, 16, ' ', 193, 'xxxx', 'VILA PARAISO', 0, null, ' ', 0, 0, 'SOCIO/PROPRIETARIO', 0, ' ', to_date('15-08-2012', 'dd-mm-yyyy'), 'PR', to_date('01-01-2030', 'dd-mm-yyyy'), 'CALEB DA SILVA', 'HELOISA MOURA', to_date('14-02-1996', 'dd-mm-yyyy'), 'MAFRA', 2, 1, ' ', ' ', ' ', ' ', ' ', ' ', 0.00, 0.00, 0.00, 0.00, 0.00, 0.00, 0, 0, 0, 0, 0, 0, 0.00, 0.00, 0.00, 0.00, 0.00, 0.00, 0.00, 0.00, 0.00, 0.00, 0.00, 0.00, 0.00, 0.00, to_date('15-09-2022', 'dd-mm-yyyy'), 100.00, 1, 0.00, ' ', 0, null, 0, 0, null, 0, 0, 0.00, 0.00, 0.00, 0, 42, 66, 0.00, 1, null, ' ');




insert into CRAPOPI (CDCOOPER, NRDCONTA, NRCPFOPE, NMOPERAD, DTLIBERA, DTULTALT, FLGSITOP, DSDSENHA, DSDFRASE, DTALTSNH, DTULTACE, HRULTACE, DSDCARGO, QTACERRO, DSDEMAIL, DTBLUTSH, VLLBOLET, VLLIMTRF, VLLIMTED, VLLIMVRB, VLLIMFLP, DTAIBANT, HRAIBANT, TPOPERAI)
values (1, 15352927, 8994177957, 'Joice cauane', to_date('25-10-2022 15:28:13', 'dd-mm-yyyy hh24:mi:ss'), to_date('25-10-2022 15:28:13', 'dd-mm-yyyy hh24:mi:ss'), 1, 'jaiilichAnchlanh', ' ', to_date('25-10-2022 15:28:13', 'dd-mm-yyyy hh24:mi:ss'), null, 0, 'Administrao', 2, 'joice.malvino@ailos.coop.br', null,  0.00, 0.00, 0.00, 0.00, 0.00, null, 0, 0);

insert into CRAPOPI (CDCOOPER, NRDCONTA, NRCPFOPE, NMOPERAD, DTLIBERA, DTULTALT, FLGSITOP, DSDSENHA, DSDFRASE, DTALTSNH, DTULTACE, HRULTACE, DSDCARGO, QTACERRO, DSDEMAIL, DTBLUTSH, VLLBOLET, VLLIMTRF, VLLIMTED, VLLIMVRB, VLLIMFLP, DTAIBANT, HRAIBANT, TPOPERAI)
values (9, 564699, 829628045, 'RAQUEL DA SILVA', to_date('07-11-2022 16:04:42', 'dd-mm-yyyy hh24:mi:ss'), to_date('07-11-2022 16:35:11', 'dd-mm-yyyy hh24:mi:ss'), 0, 'jaiilichAnchlanh', ' ', to_date('07-11-2022 16:04:42', 'dd-mm-yyyy hh24:mi:ss'), null, 0, 'FINANCEIRO', 0, 'rakeulsilva@hotmail.com', null,  0.00, 0.00, 0.00, 0.00, 0.00, null, 0, 0);

  





  
insert into CRAPCTI (CDCOOPER, NRDCONTA, HRTRANSA, DTTRANSA, CDOPERAD, INSITCTA, INTIPDIF, DSPROTOC, CDDBANCO, CDAGEBAN, INPESSOA, NMTITULA, NRCPFCGC, INTIPCTA, NRSEQCAD, NRCTATRF, INSITFAV, NRISPBIF, INENVTED)
values (9, 564699, 58373, to_date('13-10-2022', 'dd-mm-yyyy'), '996', 2, 2, ' ', 104, 409, 2, 'JACY ADUCCI DE SOUZA', 33056734000141.00, 1, 1, 8137729613.00, 1, 0, 0);


  


  

insert into CRAPCEB (CDCOOPER, NRDCONTA, NRCONVEN, NRCNVCEB, DTCADAST, CDOPERAD, INSITCEB, INARQCBR, CDDEMAIL, FLGCRUNI, FLGCEBHM, CDHOMOLO, FLCOOEXP, FLCEEEXP, FLSERASA, CDOPEORI, CDAGEORI, DTINSORI, CDOPEEXC, CDAGEEXC, DTINSEXC, FLPROTES, QTDECPRZ, QTDFLOAT, IDRECIPR, DHANALIS, CDOPEANA, INENVCOB, FLGREGON, FLGPGDIV, QTLIMAXP, QTLIMMIP, INSRVPRT, FLGDIGIT, FLTERCAN, FLGAPIHM, CDHOMAPI, DHHOMAPI)
values (1, 15352927, 101002, 0, to_date('23-08-2022', 'dd-mm-yyyy'), 'f0032989', 1, 0, 0, 1, 0, 'f0032989', 1, 1, 1, 'f0032989', 0, to_date('26-09-2022 16:44:22', 'dd-mm-yyyy hh24:mi:ss'), ' ', 0, null, 1, 59, 1, 90984, null, ' ', 1, 1, 1, 15, 5, 1, 0, 0, 0, ' ', null);

insert into CRAPCEB (CDCOOPER, NRDCONTA, NRCONVEN, NRCNVCEB, DTCADAST, CDOPERAD, INSITCEB, INARQCBR, CDDEMAIL, FLGCRUNI, FLGCEBHM, CDHOMOLO, FLCOOEXP, FLCEEEXP, FLSERASA, CDOPEORI, CDAGEORI, DTINSORI, CDOPEEXC, CDAGEEXC, DTINSEXC, FLPROTES, QTDECPRZ, QTDFLOAT, IDRECIPR, DHANALIS, CDOPEANA, INENVCOB, FLGREGON, FLGPGDIV, QTLIMAXP, QTLIMMIP, INSRVPRT, FLGDIGIT, FLTERCAN, FLGAPIHM, CDHOMAPI, DHHOMAPI)
values (2, 1178520, 102001, 0, to_date('24-08-2022', 'dd-mm-yyyy'), 'f0032989', 2, 0, 0, 1, 0, 'f0032989', 1, 1, 1, 'f0032989', 0, to_date('26-09-2022 15:17:35', 'dd-mm-yyyy hh24:mi:ss'), ' ', 0, null, 1, 59, 1, 90972, null, ' ', 1, 1, 1, 15, 5, 1, 0, 0, 0, ' ', null);

insert into CRAPCEB (CDCOOPER, NRDCONTA, NRCONVEN, NRCNVCEB, DTCADAST, CDOPERAD, INSITCEB, INARQCBR, CDDEMAIL, FLGCRUNI, FLGCEBHM, CDHOMOLO, FLCOOEXP, FLCEEEXP, FLSERASA, CDOPEORI, CDAGEORI, DTINSORI, CDOPEEXC, CDAGEEXC, DTINSEXC, FLPROTES, QTDECPRZ, QTDFLOAT, IDRECIPR, DHANALIS, CDOPEANA, INENVCOB, FLGREGON, FLGPGDIV, QTLIMAXP, QTLIMMIP, INSRVPRT, FLGDIGIT, FLTERCAN, FLGAPIHM, CDHOMAPI, DHHOMAPI)
values (2, 1178520, 102002, 0, to_date('24-08-2022', 'dd-mm-yyyy'), 'f0032989', 1, 0, 0, 1, 0, 'f0032989', 1, 1, 1, 'f0032989', 0, to_date('26-09-2022 16:27:45', 'dd-mm-yyyy hh24:mi:ss'), ' ', 0, null, 1, 59, 1, 90974, null, ' ', 1, 1, 1, 15, 5, 1, 0, 0, 0, ' ', null);

insert into CRAPCEB (CDCOOPER, NRDCONTA, NRCONVEN, NRCNVCEB, DTCADAST, CDOPERAD, INSITCEB, INARQCBR, CDDEMAIL, FLGCRUNI, FLGCEBHM, CDHOMOLO, FLCOOEXP, FLCEEEXP, FLSERASA, CDOPEORI, CDAGEORI, DTINSORI, CDOPEEXC, CDAGEEXC, DTINSEXC, FLPROTES, QTDECPRZ, QTDFLOAT, IDRECIPR, DHANALIS, CDOPEANA, INENVCOB, FLGREGON, FLGPGDIV, QTLIMAXP, QTLIMMIP, INSRVPRT, FLGDIGIT, FLTERCAN, FLGAPIHM, CDHOMAPI, DHHOMAPI)
values (5, 365343, 104002, 0, to_date('23-09-2022', 'dd-mm-yyyy'), 'f0032989', 1, 0, 0, 1, 0, 'f0032989', 1, 1, 1, 'f0032989', 0, to_date('26-09-2022 16:26:28', 'dd-mm-yyyy hh24:mi:ss'), ' ', 0, null, 1, 59, 1, 90973, null, ' ', 1, 1, 1, 15, 5, 1, 0, 0, 0, ' ', null);

insert into CRAPCEB (CDCOOPER, NRDCONTA, NRCONVEN, NRCNVCEB, DTCADAST, CDOPERAD, INSITCEB, INARQCBR, CDDEMAIL, FLGCRUNI, FLGCEBHM, CDHOMOLO, FLCOOEXP, FLCEEEXP, FLSERASA, CDOPEORI, CDAGEORI, DTINSORI, CDOPEEXC, CDAGEEXC, DTINSEXC, FLPROTES, QTDECPRZ, QTDFLOAT, IDRECIPR, DHANALIS, CDOPEANA, INENVCOB, FLGREGON, FLGPGDIV, QTLIMAXP, QTLIMMIP, INSRVPRT, FLGDIGIT, FLTERCAN, FLGAPIHM, CDHOMAPI, DHHOMAPI)
values (6, 268291, 105002, 0, to_date('02-09-2022', 'dd-mm-yyyy'), 'f0032989', 1, 0, 0, 1, 0, 'f0032989', 1, 1, 1, 'f0032989', 0, to_date('26-09-2022 16:43:18', 'dd-mm-yyyy hh24:mi:ss'), ' ', 0, null, 1, 59, 1, 90983, null, ' ', 1, 1, 1, 15, 5, 1, 0, 0, 0, ' ', null);

insert into CRAPCEB (CDCOOPER, NRDCONTA, NRCONVEN, NRCNVCEB, DTCADAST, CDOPERAD, INSITCEB, INARQCBR, CDDEMAIL, FLGCRUNI, FLGCEBHM, CDHOMOLO, FLCOOEXP, FLCEEEXP, FLSERASA, CDOPEORI, CDAGEORI, DTINSORI, CDOPEEXC, CDAGEEXC, DTINSEXC, FLPROTES, QTDECPRZ, QTDFLOAT, IDRECIPR, DHANALIS, CDOPEANA, INENVCOB, FLGREGON, FLGPGDIV, QTLIMAXP, QTLIMMIP, INSRVPRT, FLGDIGIT, FLTERCAN, FLGAPIHM, CDHOMAPI, DHHOMAPI)
values (7, 452041, 106002, 0, to_date('23-09-2022', 'dd-mm-yyyy'), 'f0032989', 1, 0, 0, 1, 0, 'f0032989', 1, 1, 1, 'f0032989', 0, to_date('26-09-2022 16:30:19', 'dd-mm-yyyy hh24:mi:ss'), ' ', 0, null, 1, 59, 1, 90976, null, ' ', 1, 1, 1, 15, 5, 1, 0, 0, 0, ' ', null);

insert into CRAPCEB (CDCOOPER, NRDCONTA, NRCONVEN, NRCNVCEB, DTCADAST, CDOPERAD, INSITCEB, INARQCBR, CDDEMAIL, FLGCRUNI, FLGCEBHM, CDHOMOLO, FLCOOEXP, FLCEEEXP, FLSERASA, CDOPEORI, CDAGEORI, DTINSORI, CDOPEEXC, CDAGEEXC, DTINSEXC, FLPROTES, QTDECPRZ, QTDFLOAT, IDRECIPR, DHANALIS, CDOPEANA, INENVCOB, FLGREGON, FLGPGDIV, QTLIMAXP, QTLIMMIP, INSRVPRT, FLGDIGIT, FLTERCAN, FLGAPIHM, CDHOMAPI, DHHOMAPI)
values (8, 64149, 107002, 0, to_date('23-09-2022', 'dd-mm-yyyy'), 'f0032989', 1, 0, 0, 1, 0, 'f0032989', 1, 1, 1, 'f0032989', 0, to_date('26-09-2022 16:31:17', 'dd-mm-yyyy hh24:mi:ss'), ' ', 0, null, 1, 59, 1, 90977, null, ' ', 1, 1, 1, 15, 5, 1, 0, 0, 0, ' ', null);

insert into CRAPCEB (CDCOOPER, NRDCONTA, NRCONVEN, NRCNVCEB, DTCADAST, CDOPERAD, INSITCEB, INARQCBR, CDDEMAIL, FLGCRUNI, FLGCEBHM, CDHOMOLO, FLCOOEXP, FLCEEEXP, FLSERASA, CDOPEORI, CDAGEORI, DTINSORI, CDOPEEXC, CDAGEEXC, DTINSEXC, FLPROTES, QTDECPRZ, QTDFLOAT, IDRECIPR, DHANALIS, CDOPEANA, INENVCOB, FLGREGON, FLGPGDIV, QTLIMAXP, QTLIMMIP, INSRVPRT, FLGDIGIT, FLTERCAN, FLGAPIHM, CDHOMAPI, DHHOMAPI)
values (9, 564699, 108002, 0, to_date('26-08-2022', 'dd-mm-yyyy'), 'f0032989', 1, 0, 0, 1, 0, 'f0032989', 1, 1, 1, 'f0032989', 0, to_date('26-09-2022 16:41:42', 'dd-mm-yyyy hh24:mi:ss'), ' ', 0, null, 1, 59, 1, 90982, null, ' ', 1, 1, 1, 15, 5, 1, 0, 0, 0, ' ', null);

insert into CRAPCEB (CDCOOPER, NRDCONTA, NRCONVEN, NRCNVCEB, DTCADAST, CDOPERAD, INSITCEB, INARQCBR, CDDEMAIL, FLGCRUNI, FLGCEBHM, CDHOMOLO, FLCOOEXP, FLCEEEXP, FLSERASA, CDOPEORI, CDAGEORI, DTINSORI, CDOPEEXC, CDAGEEXC, DTINSEXC, FLPROTES, QTDECPRZ, QTDFLOAT, IDRECIPR, DHANALIS, CDOPEANA, INENVCOB, FLGREGON, FLGPGDIV, QTLIMAXP, QTLIMMIP, INSRVPRT, FLGDIGIT, FLTERCAN, FLGAPIHM, CDHOMAPI, DHHOMAPI)
values (10, 241830, 110002, 0, to_date('08-09-2022', 'dd-mm-yyyy'), 'f0032989', 1, 0, 0, 1, 0, 'f0032989', 1, 1, 1, 'f0032989', 0, to_date('26-09-2022 16:32:24', 'dd-mm-yyyy hh24:mi:ss'), ' ', 0, null, 1, 5, 1, 90978, null, ' ', 1, 1, 1, 15, 5, 1, 0, 0, 0, ' ', null);

insert into CRAPCEB (CDCOOPER, NRDCONTA, NRCONVEN, NRCNVCEB, DTCADAST, CDOPERAD, INSITCEB, INARQCBR, CDDEMAIL, FLGCRUNI, FLGCEBHM, CDHOMOLO, FLCOOEXP, FLCEEEXP, FLSERASA, CDOPEORI, CDAGEORI, DTINSORI, CDOPEEXC, CDAGEEXC, DTINSEXC, FLPROTES, QTDECPRZ, QTDFLOAT, IDRECIPR, DHANALIS, CDOPEANA, INENVCOB, FLGREGON, FLGPGDIV, QTLIMAXP, QTLIMMIP, INSRVPRT, FLGDIGIT, FLTERCAN, FLGAPIHM, CDHOMAPI, DHHOMAPI)
values (11, 970786, 109002, 0, to_date('25-08-2022', 'dd-mm-yyyy'), 'f0032989', 1, 0, 0, 1, 0, 'f0032989', 1, 1, 1, 'f0032989', 0, to_date('26-09-2022 16:33:50', 'dd-mm-yyyy hh24:mi:ss'), ' ', 0, null, 1, 59, 1, 90979, null, ' ', 1, 1, 1, 15, 5, 1, 0, 0, 0, ' ', null);

insert into CRAPCEB (CDCOOPER, NRDCONTA, NRCONVEN, NRCNVCEB, DTCADAST, CDOPERAD, INSITCEB, INARQCBR, CDDEMAIL, FLGCRUNI, FLGCEBHM, CDHOMOLO, FLCOOEXP, FLCEEEXP, FLSERASA, CDOPEORI, CDAGEORI, DTINSORI, CDOPEEXC, CDAGEEXC, DTINSEXC, FLPROTES, QTDECPRZ, QTDFLOAT, IDRECIPR, DHANALIS, CDOPEANA, INENVCOB, FLGREGON, FLGPGDIV, QTLIMAXP, QTLIMMIP, INSRVPRT, FLGDIGIT, FLTERCAN, FLGAPIHM, CDHOMAPI, DHHOMAPI)
values (12, 211044, 111002, 0, to_date('24-08-2022', 'dd-mm-yyyy'), 'f0032989', 1, 0, 0, 1, 0, 'f0032989', 1, 1, 1, 'f0032989', 0, to_date('26-09-2022 16:35:03', 'dd-mm-yyyy hh24:mi:ss'), ' ', 0, null, 1, 59, 1, 90980, null, ' ', 1, 1, 1, 15, 5, 1, 0, 0, 0, ' ', null);

insert into CRAPCEB (CDCOOPER, NRDCONTA, NRCONVEN, NRCNVCEB, DTCADAST, CDOPERAD, INSITCEB, INARQCBR, CDDEMAIL, FLGCRUNI, FLGCEBHM, CDHOMOLO, FLCOOEXP, FLCEEEXP, FLSERASA, CDOPEORI, CDAGEORI, DTINSORI, CDOPEEXC, CDAGEEXC, DTINSEXC, FLPROTES, QTDECPRZ, QTDFLOAT, IDRECIPR, DHANALIS, CDOPEANA, INENVCOB, FLGREGON, FLGPGDIV, QTLIMAXP, QTLIMMIP, INSRVPRT, FLGDIGIT, FLTERCAN, FLGAPIHM, CDHOMAPI, DHHOMAPI)
values (13, 746940, 112002, 0, to_date('16-09-2022', 'dd-mm-yyyy'), 'f0032989', 1, 0, 0, 1, 0, 'f0032989', 1, 1, 1, 'f0032989', 0, to_date('26-09-2022 16:29:12', 'dd-mm-yyyy hh24:mi:ss'), ' ', 0, null, 1, 59, 1, 90975, null, ' ', 1, 1, 1, 15, 5, 1, 0, 0, 0, ' ', null);

insert into CRAPCEB (CDCOOPER, NRDCONTA, NRCONVEN, NRCNVCEB, DTCADAST, CDOPERAD, INSITCEB, INARQCBR, CDDEMAIL, FLGCRUNI, FLGCEBHM, CDHOMOLO, FLCOOEXP, FLCEEEXP, FLSERASA, CDOPEORI, CDAGEORI, DTINSORI, CDOPEEXC, CDAGEEXC, DTINSEXC, FLPROTES, QTDECPRZ, QTDFLOAT, IDRECIPR, DHANALIS, CDOPEANA, INENVCOB, FLGREGON, FLGPGDIV, QTLIMAXP, QTLIMMIP, INSRVPRT, FLGDIGIT, FLTERCAN, FLGAPIHM, CDHOMAPI, DHHOMAPI)
values (14, 403237, 113002, 0, to_date('21-09-2022', 'dd-mm-yyyy'), 'f0032989', 1, 0, 0, 1, 0, 'f0032989', 1, 1, 1, 'f0032989', 0, to_date('26-09-2022 16:36:23', 'dd-mm-yyyy hh24:mi:ss'), ' ', 0, null, 1, 59, 1, 90981, null, ' ', 1, 1, 1, 15, 5, 1, 0, 0, 0, ' ', null);

insert into CRAPCEB (CDCOOPER, NRDCONTA, NRCONVEN, NRCNVCEB, DTCADAST, CDOPERAD, INSITCEB, INARQCBR, CDDEMAIL, FLGCRUNI, FLGCEBHM, CDHOMOLO, FLCOOEXP, FLCEEEXP, FLSERASA, CDOPEORI, CDAGEORI, DTINSORI, CDOPEEXC, CDAGEEXC, DTINSEXC, FLPROTES, QTDECPRZ, QTDFLOAT, IDRECIPR, DHANALIS, CDOPEANA, INENVCOB, FLGREGON, FLGPGDIV, QTLIMAXP, QTLIMMIP, INSRVPRT, FLGDIGIT, FLTERCAN, FLGAPIHM, CDHOMAPI, DHHOMAPI)
values (16, 1070274, 115002, 0, to_date('22-09-2022', 'dd-mm-yyyy'), 'f0032989', 1, 0, 0, 1, 0, 'f0032989', 1, 1, 1, 'f0032989', 0, to_date('26-09-2022 16:45:19', 'dd-mm-yyyy hh24:mi:ss'), ' ', 0, null, 1, 59, 1, 90985, null, ' ', 1, 1, 1, 15, 5, 1, 0, 0, 0, ' ', null);


  
update crapemp set nrdconta = 15352927 where cdcooper = 1 and cdempres = 9862;
update crapemp set nrdconta = 1178520 where cdcooper = 2 and cdempres = 893;
update crapemp set nrdconta = 365343 where cdcooper = 5 and cdempres = 697;
update crapemp set nrdconta = 268291 where cdcooper = 6 and cdempres = 381;
update crapemp set nrdconta = 452041 where cdcooper = 7 and cdempres = 523;
update crapemp set nrdconta = 64149 where cdcooper = 8 and cdempres = 134;
update crapemp set nrdconta = 564699 where cdcooper = 9 and cdempres = 613;
update crapemp set nrdconta = 241830 where cdcooper = 10 and cdempres = 380;
update crapemp set nrdconta = 970786 where cdcooper = 11 and cdempres = 1554;
update crapemp set nrdconta = 211044 where cdcooper = 12 and cdempres = 295;
update crapemp set nrdconta = 746940 where cdcooper = 13 and cdempres = 635;
update crapemp set nrdconta = 403237 where cdcooper = 14 and cdempres = 691;
update crapemp set nrdconta = 1070274 where cdcooper = 16 and cdempres = 1384;

commit;

END;
